baseline	candidate	phase	speedup	baseline_sim_seconds	candidate_sim_seconds	sim_seconds_change_percent	baseline_cpu_cycles	candidate_cpu_cycles	cpu_cycles_change_percent	baseline_instructions	candidate_instructions	instructions_change_percent	baseline_ops	candidate_ops	ops_change_percent	baseline_load_instructions	candidate_load_instructions	load_instructions_change_percent	baseline_store_instructions	candidate_store_instructions	store_instructions_change_percent	baseline_dcache_demand_accesses	candidate_dcache_demand_accesses	dcache_demand_accesses_change_percent	baseline_dcache_demand_misses	candidate_dcache_demand_misses	dcache_demand_misses_change_percent	baseline_l2_demand_accesses	candidate_l2_demand_accesses	l2_demand_accesses_change_percent	baseline_l2_demand_misses	candidate_l2_demand_misses	l2_demand_misses_change_percent	baseline_committed_branches	candidate_committed_branches	committed_branches_change_percent	baseline_branch_mispredictions	candidate_branch_mispredictions	branch_mispredictions_change_percent	baseline_memory_references	candidate_memory_references	memory_references_change_percent	baseline_icache_demand_accesses	candidate_icache_demand_accesses	icache_demand_accesses_change_percent	baseline_icache_demand_misses	candidate_icache_demand_misses	icache_demand_misses_change_percent	baseline_dtb_readHits	candidate_dtb_readHits	dtb_readHits_change_percent	baseline_dtb_readMisses	candidate_dtb_readMisses	dtb_readMisses_change_percent	baseline_dtb_writeHits	candidate_dtb_writeHits	dtb_writeHits_change_percent	baseline_dtb_writeMisses	candidate_dtb_writeMisses	dtb_writeMisses_change_percent	baseline_dtb_inserts	candidate_dtb_inserts	dtb_inserts_change_percent	baseline_dtb_readAccesses	candidate_dtb_readAccesses	dtb_readAccesses_change_percent	baseline_dtb_writeAccesses	candidate_dtb_writeAccesses	dtb_writeAccesses_change_percent	baseline_ipc	candidate_ipc	ipc_change_percent	baseline_cpi	candidate_cpi	cpi_change_percent	baseline_l1d_miss_rate	candidate_l1d_miss_rate	l1d_miss_rate_change_percent	baseline_l1i_miss_rate	candidate_l1i_miss_rate	l1i_miss_rate_change_percent	baseline_l2_miss_rate	candidate_l2_miss_rate	l2_miss_rate_change_percent	baseline_branch_misprediction_rate	candidate_branch_misprediction_rate	branch_misprediction_rate_change_percent
E01	E02	BLOCK	1.2498964530051222	3.1535	2.523009	-19.993372443316947	12614000595.0	10092037980.0	-19.993360520370263	3686053960.0	4404273714.0	19.484786760962123	4192831883.0	4407501831.0	5.119927390134293	359667154.0	189786904.0	-47.232628309450796	21161389.0	17637492.0	-16.6524843903205	381677154.0	208268291.0	-45.43338818754658	77942548.0	19863909.0	-74.51467842698702	70724429.0	19524217.0	-72.39395598372381	30264957.0	15922841.0	-47.388522640227116	214563747.0	212293809.0	-1.0579317483675355	1483809.0	1465003.0	-1.2674137978675115	380828543.0	207424396.0	-45.53339033728887	714354814.0	715320049.0	0.13511982856182492	173350.0	152871.0	-11.813671762330546	359581949	190490949	-47.02432935530921	1103324	235810	-78.62731165097469	20503583	16947677	-17.34285173474315	738644	727753	-1.47445860252029	1833287	956489	-47.82655416200519	360685273	190726759	-47.12100180480615	21242227	17675430	-16.791069034334306	0.2922192632098889	0.43641073514866024	49.34358890474808	3.4220878836510575	2.29141934297138	-33.040312789201565	0.20421067172388316	0.09537654006101198	-53.295026525365785	0.00024266652453748286	0.0002137099333559991	-11.932668190091078	0.42792790875695863	0.8155431277986718	90.57956050766929	0.006915469275431697	0.006900827710901358	-0.21172192294102166
E01	E02	CODEBOOK	1.345997198659015	2.8550310000000003	2.121127	-25.705640324045532	11420124711.0	8484510228.0	-25.705625440082812	3207467379.0	3596328810.0	12.123628553355271	3511905885.0	3598655082.0	2.470145836496407	213278728.0	111319820.0	-47.80547453377535	8735521.0	7483826.0	-14.328796187428317	222866093.0	119647674.0	-46.314097227881135	52946258.0	14565007.0	-72.49096055097984	52647523.0	14552097.0	-72.35938906375519	29337238.0	13405300.0	-54.30619610475942	172571907.0	171313906.0	-0.7289720684375389	249802.0	232566.0	-6.899864692836721	222014249.0	118803646.0	-46.48827877709777	548917695.0	551798401.0	0.5247974379838594	133894.0	112695.0	-15.83267360748054	213441265	112004061	-47.524645246082095	826425	227067	-72.52418549777657	8082383	6794526	-15.934124873815058	723467	718735	-0.654072680578377	1543369	940711	-39.04821206075799	214267690	112231128	-47.621067833419026	8805850	7513261	-14.678753328753047	0.2808609765802758	0.4238699363142544	50.91805970171996	3.56048039202833	2.359214264393138	-33.73887777404262	0.23756982180326552	0.12173247095467982	-48.75928683589789	0.0002439236359469155	0.00020423219747604888	-16.272075609558623	0.557238713775765	0.9211936946269669	65.31401567294171	0.0014475241326503971	0.0013575430356482562	-6.21620703741822
E01	E02	OTHER	0.7426781990733594	0.2984689999999999	0.4018820000000001	34.6478193715261	1193875884.0	1607527752.0	34.647811681570076	478586581.0	807944904.0	68.8189631877706	680925998.0	808846749.0	18.786292691970317	146388426.0	78467084.0	-46.39802739596367	12425868.0	10153666.0	-18.28606259136183	158811061.0	88620617.0	-44.19745297212012	24996290.0	5298902.0	-78.80124610492197	18076906.0	4972120.0	-72.49462933535197	927719.0	2517541.0	171.36891666549894	41991840.0	40979903.0	-2.409842007399532	1234007.0	1232437.0	-0.1272278034079255	158814294.0	88620750.0	-44.19850520507934	165437119.0	163521648.0	-1.1578242002630579	39456.0	40176.0	1.8248175182481674	146140684	78486888	-46.293608424605424	276899	8743	-96.84253103117021	12421200	10153151	-18.259499887289476	15177	9018	-40.58114251828424	289918	15778	-94.55777150780565	146417583	78495631	-46.389204498752036	12436377	10162169	-18.286740583692506	0.4008679523674841	0.5026009056420944	25.37817071027655	2.4945870431749526	1.989650215059714	-20.2412992361488	0.1573964045237378	0.05979310660858974	-62.011135648545256	0.0002384954491379894	0.0002456922400879913	3.017579989896557	0.051320674013572896	0.5063315044689187	886.6033800238246	0.029386828488582543	0.03007418050745508	2.338979924763196
E01	E02	MHA_QK	0.542229594157147	0.141876	0.261653	84.42372212354452	567500828.0	1046612922.0	84.42491541175336	227605624.0	395449546.0	73.7433104904297	328869941.0	396261315.0	20.491801043014757	68266990.0	34759757.0	-49.08262836841056	3823492.0	3627900.0	-5.115533130447247	72083382.0	38379158.0	-46.757273403181884	9177552.0	2710000.0	-70.47142854652309	8928855.0	2541793.0	-71.53282251755684	446164.0	2453300.0	449.86507203629156	20268903.0	20314858.0	0.2267266264977419	1071089.0	1079517.0	0.7868627163569064	72090482.0	38387657.0	-46.75072778678329	81986580.0	81550007.0	-0.532493244626131	20415.0	30519.0	49.493019838354144	68139821	34769476	-48.97333821877812	137542	5186	-96.22951534803914	3821597	3627447	-5.080336833004628	8020	7811	-2.6059850374064886	144376	11271	-92.19330082562198	68277363	34774662	-49.06853388582098	3829617	3635258	-5.075155035085754	0.40106659368609765	0.37783743893045496	-5.79184482610472	2.493351517535437	2.646640848590075	6.147922985450438	0.1273185545040048	0.07061124165360792	-44.53970834911824	0.00024900416629160526	0.0003742366324996146	50.2933216231215	0.04996878099151571	0.9651848124532564	1831.5756624463922	0.052843955097125875	0.05313928357264422	0.5588689850627881
E01	E02	MHA_SV	1.1354768786127167	0.141435	0.12456	-11.931275851097677	565741540.0	498240155.0	-11.931488184516203	212951232.0	374465244.0	75.84554007182265	314015260.0	374545562.0	19.27622944184304	68639377.0	34225594.0	-50.13708530600445	3039031.0	962945.0	-68.3140777438598	71676688.0	35191444.0	-50.9025249604167	15735255.0	2505648.0	-84.07621611470549	9069935.0	2352533.0	-74.06229482350204	464836.0	38626.0	-91.69040263662883	18532078.0	17474210.0	-5.708307508742405	152848.0	142833.0	-6.552261069820997	71678408.0	35188539.0	-50.907755931186415	73061060.0	69736135.0	-4.550885245847791	16334.0	7031.0	-56.954818170686906	68513916	34230839	-50.03812218236073	138004	2217	-98.39352482536738	3036170	962788	-68.28939091025865	7015	1069	-84.76122594440486	144091	3055	-97.87981206321005	68651920	34233056	-50.13532614965466	3043185	963857	-68.32736097213939	0.37641081119834335	0.751575801833957	99.66902636011874	2.6566718336712887	1.3305377814983546	-49.91711943361603	0.21953100009308466	0.07120048839143969	-67.56700039573019	0.00022356642512440963	0.00010082290909870471	-54.90248187195414	0.051250201903321246	0.016418898268377106	-67.96325154123328	0.008247752896356254	0.008173931754282455	-0.8950455112011424
E01	E02	MHA_QKV	0.8548066260770019	0.452503	0.529363	16.985522747915493	1810009725.0	2117454088.0	16.98578514543616	809758579.0	904252393.0	11.669381029182023	885755020.0	904781490.0	2.1480510491490135	54234917.0	28305513.0	-47.80942874864177	3209941.0	2446607.0	-23.780312473032993	57642678.0	30950132.0	-46.30691516448976	13639071.0	3810696.0	-72.06044311962303	13415974.0	3934033.0	-70.67650101289702	2372033.0	3192062.0	34.57072477490828	44125209.0	43361006.0	-1.7318966126596669	30267.0	32045.0	5.874384643340935	57444858.0	30752120.0	-46.46671421835528	139665218.0	138825468.0	-0.6012592197435995	35855.0	38737.0	8.037930553618743	54241619	28460686	-47.529799949370975	205845	58273	-71.69083533726834	3158928	2398170	-24.08279011107566	56486	53535	-5.224303367206029	260826	110333	-57.698619002706785	54447464	28518959	-47.62114356694372	3215414	2451705	-23.751498251858084	0.4473780266567352	0.4270469891765606	-4.544487272231246	2.2352461238944157	2.341662686647709	4.760843184816088	0.2366141108156009	0.12312373982766858	-47.96432917577689	0.0002567210398798074	0.00027903381532270435	8.691447905221716	0.17680661873673875	0.8113968540680773	358.91769203291517	0.0006859344280952868	0.0007390280566830022	7.740335870754689
E01	E02	Projection	1.3439175935689422	0.237059	0.176394	-25.590675738951063	948237226.0	705574843.0	-25.590893960537255	267450437.0	300013270.0	12.175277544975561	292691142.0	300070621.0	2.5212512239266793	17626450.0	9156233.0	-48.05401541433471	612443.0	534091.0	-12.793353830478916	18371795.0	9822542.0	-46.53466359710633	4437470.0	1255455.0	-71.70786506725679	4406883.0	1234798.0	-71.98024090950452	2406149.0	1107769.0	-53.96091430746808	14359249.0	14279606.0	-0.5546459985476981	6006.0	3908.0	-34.93173493173494	18238893.0	9690324.0	-46.869999182516175	45540939.0	45853478.0	0.6862814137407192	7474.0	5020.0	-32.83382392293284	17692131	9270635	-47.600235381481184	68942	18960	-72.49862203011227	546551	468181	-14.339009534334402	66674	66372	-0.45295017548069305	135295	85190	-37.033888909420156	17761073	9289595	-47.69688182690314	613225	534553	-12.829222552896569	0.28205013436163073	0.4252040346625567	50.75477117744644	3.5454689722567174	2.3518121148441202	-33.667107701490494	0.24153709531376766	0.1278136555689963	-47.08321907947077	0.0001641160714758209	0.00010947915444930916	-33.29163106037507	0.5459979309639035	0.8971256837150692	64.30935592215259	0.0004182669998967216	0.0002736770188197069	-34.56882352963939
E01	E02	FF1	1.2929453870774266	0.922651	0.713604	-22.65721274891589	3690605168.0	2854415949.0	-22.65723860819132	1072311645.0	1203780213.0	12.260294720570709	1174009042.0	1204758672.0	2.619198736971917	70923323.0	37246592.0	-47.48329544570268	2924983.0	2817554.0	-3.6728076710189406	73842843.0	40056697.0	-45.7541240658895	17596349.0	4968140.0	-71.76607488292032	17571581.0	4914003.0	-72.03437186443269	9482785.0	4813745.0	-49.23701212249355	57894035.0	57779170.0	-0.1984055870349999	40244.0	34413.0	-14.489116390020873	73848306.0	40064146.0	-45.74805006359929	183039613.0	184908460.0	1.0210068571331554	41649.0	34519.0	-17.119258565631824	70683636	37192938	-47.381119443261234	275187	75889	-72.42275252828077	2437194	2305110	-5.419511126319854	529083	528804	-0.05273274703591069	802078	602998	-24.82052867676211	70958823	37268827	-47.47823396112418	2966277	2833914	-4.46226026766886	0.2905517106781443	0.42172557696846025	45.14647874010369	3.441728144246722	2.3712102244033146	-31.10408129221105	0.23829457649673647	0.12402770003727466	-47.95194172664132	0.0002275409094095932	0.0001866815612438717	-17.956923997421125	0.5396660095639658	0.979597489053222	81.51921219657837	0.0006951320632600578	0.0005955952638295081	-14.319120738545433
E01	E02	FF2	1.7709863401760702	1.242818	0.701766	-43.53429062018734	4971272592.0	2807065348.0	-43.534270228567664	1057946718.0	1188282934.0	12.319733478297913	1159450681.0	1189044299.0	2.552382648520779	70494038.0	36611482.0	-48.06442780310017	1988154.0	1685574.0	-15.219142983893597	73008777.0	38818303.0	-46.830635171439724	17273368.0	4530716.0	-73.77051192332613	17253085.0	4469263.0	-74.09586169661831	15076271.0	4291724.0	-71.53325248663944	56193414.0	55894124.0	-0.5326068994491062	173285.0	162200.0	-6.396976079868422	72482192.0	38297056.0	-47.16349637991081	180671925.0	182210995.0	0.8518589703408574	48916.0	34419.0	-29.636519748139666	70823879	37079802	-47.64505626696894	276451	73945	-73.2520410488658	1939710	1623065	-16.324347454000854	71224	70024	-1.6848253397731106	345170	142190	-58.80580583480604	71100330	37153747	-47.74462087588061	2010934	1693089	-15.80583947558697	0.21281205132514688	0.4233185860267333	98.91664188695874	4.698982006766809	2.3622870174116293	-49.72768540058682	0.23659303319106414	0.11671597287496056	-50.66804322141435	0.00027074488745276834	0.0001888963945342596	-30.230854472842918	0.8738304482937399	0.9602755532623611	9.89266340368613	0.003083724366702475	0.002901915056401993	-5.895770460668526
E02	E03	BLOCK	2.1604285905116165	2.523009	1.167828	-53.71288806341952	10092037980.0	4671311300.0	-53.71290408084651	4404273714.0	673408885.0	-84.71010366909272	4407501831.0	802214537.0	-81.79888363613024	189786904.0	123308317.0	-35.028015947823256	17637492.0	16319347.0	-7.473539888777836	208268291.0	140790333.0	-32.39953507853003	19863909.0	22466008.0	13.099632101617065	19524217.0	19254201.0	-1.382979916685012	15922841.0	15908854.0	-0.08784236431174097	212293809.0	48502092.0	-77.15331773994409	1465003.0	1445149.0	-1.3552190678107867	207424396.0	139627664.0	-32.685032863733156	715320049.0	169284661.0	-76.3344168478633	152871.0	119351.0	-21.926984189283772	190490949	124332252	-34.73062491803744	235810	225456	-4.390823120308718	16947677	15627866	-7.7875628618600645	727753	726166	-0.21806849301891917	956489	945422	-1.1570441479201499	190726759	124557708	-34.69311351324331	17675430	16354032	-7.475902990761751	0.43641073514866024	0.14415842613614727	-66.96725938993212	2.29141934297138	6.936812691445257	202.7299526262181	0.09537654006101198	0.15957067165967992	67.30599742620483	0.0002137099333559991	0.000705031390883076	229.90108593063434	0.8155431277986718	0.8262536575784163	1.313300230811154	0.006900827710901358	0.02979560139385328	331.7685159243238
E02	E03	CODEBOOK	2.2148783717180827	2.121127	0.9576720000000001	-54.850793941145426	8484510228.0	3830688665.0	-54.85079795934216	3596328810.0	520047612.0	-85.539486529876	3598655082.0	597683916.0	-83.3914642448081	111319820.0	78451331.0	-29.526178716422645	7483826.0	6214271.0	-16.963983395658854	119647674.0	85830255.0	-28.264167509014847	14565007.0	14551725.0	-0.09119116798227411	14552097.0	14299963.0	-1.7326300120181992	13405300.0	13398681.0	-0.049375993077360736	171313906.0	32738580.0	-80.8897124790325	232566.0	1265015.0	443.93806489340665	118803646.0	84665602.0	-28.734845393549623	551798401.0	124768290.0	-77.38879094722132	112695.0	88538.0	-21.435733617285592	112004061	79457600	-29.05828655623478	227067	218253	-3.8816736910251115	6794526	5522813	-18.71672873133461	718735	717251	-0.2064738742373784	940711	931051	-1.0268828577533418	112231128	79675853	-29.007349012833583	7513261	6240064	-16.945997217453247	0.4238699363142544	0.13575825588530308	-67.97171862062594	2.359214264393138	7.366034525700313	212.22405852971903	0.12173247095467982	0.16954074061646443	39.27322700907248	0.00020423219747604888	0.0007096194073029293	247.45716692694805	0.9211936946269669	0.9369731236367534	1.712932806837797	0.0013575430356482562	0.038639886030487576	2746.3102101242926
E02	E03	OTHER	1.9123032414016257	0.4018820000000001	0.210156	-47.7070383844014	1607527752.0	840622635.0	-47.70711522994596	807944904.0	153361273.0	-81.01835010769497	808846749.0	204530621.0	-74.71330369407221	78467084.0	44856986.0	-42.8333720162202	10153666.0	10105076.0	-0.4785463693605885	88620617.0	54960078.0	-37.98274051736742	5298902.0	7914283.0	49.357036608716285	4972120.0	4954238.0	-0.35964538265367274	2517541.0	2510173.0	-0.29266653452714175	40979903.0	15763512.0	-61.53355463042458	1232437.0	180134.0	-85.38391820433824	88620750.0	54962062.0	-37.98059483811635	163521648.0	44516371.0	-72.7764662694691	40176.0	30813.0	-23.304958183990443	78486888	44874652	-42.82528821884236	8743	7203	-17.614091273018417	10153151	10105053	-0.4737248564509633	9018	8915	-1.1421601241960566	15778	14371	-8.917480035492453	78495631	44881855	-42.82248014542363	10162169	10113968	-0.47431803190834954	0.5026009056420944	0.182437715348933	-63.70127604209925	1.989650215059714	5.481322752191813	175.49177793682222	0.05979310660858974	0.14400057801955812	140.8314037974259	0.0002456922400879913	0.0006921723246488354	181.72331547831683	0.5063315044689187	0.5066718635640839	0.06722060392472251	0.03007418050745508	0.011427275850711441	-62.00303496921974
E02	E03	MHA_QK	1.6010096065593835	0.261653	0.16343	-37.53941288653294	1046612922.0	653719345.0	-37.53953049320368	395449546.0	68139053.0	-82.76921703685557	396261315.0	94080853.0	-76.25787594229328	34759757.0	17951124.0	-48.356589489391425	3627900.0	3600473.0	-0.7560020948758184	38379158.0	21542095.0	-43.87032930738084	2710000.0	4803734.0	77.25955719557196	2541793.0	2531378.0	-0.4097501252068869	2453300.0	2449853.0	-0.14050462642155592	20314858.0	7702858.0	-62.082639219038604	1079517.0	29860.0	-97.23394814532796	38387657.0	21551597.0	-43.85800362861427	81550007.0	18572604.0	-77.22550287457364	30519.0	24727.0	-18.9783413611193	34769476	17959615	-48.346604360675435	5186	4350	-16.120323949093716	3627447	3600754	-0.7358618885403456	7811	7777	-0.43528357444629906	11271	10527	-6.601011445302108	34774662	17963965	-48.34179840482705	3635258	3608531	-0.735216042437703	0.37783743893045496	0.10423288452631	-72.41329900462956	2.646640848590075	9.59390123898552	262.49350734900077	0.07061124165360792	0.22299288903887945	215.803664992606	0.0003742366324996146	0.0013313695807006922	255.75608186942077	0.9651848124532564	0.9677942211712356	0.27035327165445544	0.05313928357264422	0.003876483248165811	-92.70505172907262
E02	E03	MHA_SV	3.9974326059050065	0.12456	0.03116	-74.9839434810533	498240155.0	124642469.0	-74.98345571926053	374465244.0	47206519.0	-87.39361803094334	374545562.0	72426056.0	-80.66295176125996	34225594.0	17426604.0	-49.08312182982127	962945.0	943719.0	-1.9965833978056846	35191444.0	18372495.0	-47.79272200367794	2505648.0	3027397.0	20.822916866215845	2352533.0	2346001.0	-0.27765816675047184	38626.0	36408.0	-5.742246155439346	17474210.0	4872674.0	-72.11505412834114	142833.0	140836.0	-1.39813628503217	35188539.0	18370323.0	-47.794584481043664	69736135.0	15561394.0	-77.68532196400044	7031.0	4217.0	-40.02275636467074	34230839	17431208	-49.07747367804804	2217	1563	-29.499323410013535	962788	943363	-2.0175781168855433	1069	1002	-6.267539756782037	3055	2436	-20.261865793780686	34233056	17432771	-49.076205758551026	963857	944365	-2.0222916884973574	0.751575801833957	0.37873542925405307	-49.607820218548525	1.3305377814983546	2.6403656028948035	98.44348951304612	0.07120048839143969	0.16477876303681127	131.42925948893117	0.00010082290909870471	0.0002709911464230004	168.7793368049939	0.016418898268377106	0.015519174970513652	-5.479803109544368	0.008173931754282455	0.02890322644199058	253.60249278870862
E02	E03	MHA_QKV	2.2425694338535576	0.529363	0.236052	-55.40829260828581	2117454088.0	944208208.0	-55.40832675659884	904252393.0	133749982.0	-85.20877765595252	904781490.0	153120618.0	-83.07650856119967	28305513.0	19995718.0	-29.35751420580154	2446607.0	2045242.0	-16.40496409926073	30950132.0	22433690.0	-27.51665808727407	3810696.0	3810372.0	-0.008502383816499925	3934033.0	3726589.0	-5.273062020577868	3192062.0	3187308.0	-0.14893194430434242	43361006.0	8725677.0	-79.87667306427346	32045.0	421216.0	1214.451552504291	30752120.0	22040960.0	-28.32702265729973	138825468.0	33147663.0	-76.12277957528657	38737.0	33106.0	-14.53648966104758	28460686	20346264	-28.510985293889256	58273	56250	-3.4715906165805777	2398170	1997061	-16.725628291572324	53535	53151	-0.7172877556738566	110333	108133	-1.9939637279870914	28518959	20402514	-28.45982211342286	2451705	2050212	-16.37607297778485	0.4270469891765606	0.14165306006321013	-66.8296314800514	2.341662686647709	7.05950157062451	201.4738890822398	0.12312373982766858	0.16985043477020498	37.95100360656516	0.00027903381532270435	0.0009987431089787536	257.9290588216704	0.8113968540680773	0.8552883078869175	5.409369484091897	0.0007390280566830022	0.048273159778891656	6431.979312877141
E02	E03	Projection	2.220915592264303	0.176394	0.079424	-54.973525176593306	705574843.0	317696641.0	-54.97336049437352	300013270.0	43174103.0	-85.60926888333972	300070621.0	49511365.0	-83.50009579911524	9156233.0	6385634.0	-30.259157887310206	534091.0	399692.0	-25.16406380186148	9822542.0	6916993.0	-29.580418185027867	1255455.0	1255731.0	0.02198406155538013	1234798.0	1231207.0	-0.29081679756527423	1107769.0	1099098.0	-0.7827444169316911	14279606.0	2733557.0	-80.85691580005778	3908.0	133292.0	3310.7471852610033	9690324.0	6785326.0	-29.978337153639036	45853478.0	10560348.0	-76.96936315277982	5020.0	2978.0	-40.67729083665339	9270635	6499655	-29.88986191345038	18960	18299	-3.4862869198312274	468181	333681	-28.728205544436868	66372	66249	-0.18531911046827387	85190	84457	-0.8604296278906021	9289595	6517954	-29.83597239707436	534553	399930	-25.184219338400492	0.4252040346625567	0.1358972599272776	-68.03951777289082	2.3518121148441202	7.358500094373704	212.88639291925028	0.1278136555689963	0.18154290455404537	42.03717415471697	0.00010947915444930916	0.00028199828263235263	157.58171411793552	0.8971256837150692	0.89269960290999	-0.4933624000987735	0.0002736770188197069	0.0487613757459603	17717.124710088774
E02	E03	FF1	2.178145412367987	0.713604	0.32762	-54.08938290704648	2854415949.0	1310477916.0	-54.08945509644081	1203780213.0	176415556.0	-85.34486992768007	1204758672.0	202511844.0	-83.19067140111858	37246592.0	26162454.0	-29.758797798198554	2817554.0	2278516.0	-19.131416824664228	40056697.0	28955463.0	-27.71380276311849	4968140.0	4968124.0	-0.0003220521160862688	4914003.0	4894842.0	-0.3899265018763698	4813745.0	4830210.0	0.3420413835797387	57779170.0	11592420.0	-79.9366796027011	34413.0	553896.0	1509.5545288117862	40064146.0	28440970.0	-29.0114158429834	184908460.0	43735497.0	-76.34748729181996	34519.0	26431.0	-23.43057446623599	37192938	26629884	-28.40069800347582	75889	73327	-3.3759833440946685	2305110	1763424	-23.499355779116836	528804	528321	-0.0913381895749632	602998	600055	-0.48806132026971705	37268827	26703211	-28.34974119255216	2833914	2291745	-19.131455647560223	0.42172557696846025	0.13461925137851768	-68.07894547297388	2.3712102244033146	7.428358052506435	213.27285856215843	0.12402770003727466	0.17157812327159128	38.338551162382316	0.0001866815612438717	0.0006043374790047544	223.72638999696247	0.979597489053222	0.98679589657848	0.7348331948273223	0.0005955952638295081	0.04778087750443825	7922.373649719912
E02	E03	FF2	2.2308313412339147	0.701766	0.314576	-55.17366187589595	2807065348.0	1258305900.0	-55.173615715910294	1188282934.0	166707971.0	-85.97068372943578	1189044299.0	192540089.0	-83.80715595189108	36611482.0	25907525.0	-29.236612164457043	1685574.0	1490821.0	-11.554105604381649	38818303.0	27524109.0	-29.095022520690815	4530716.0	4517498.0	-0.291741967494763	4469263.0	4447325.0	-0.49086392991417593	4291724.0	4282065.0	-0.22506107102879813	55894124.0	9686926.0	-82.66915141205182	162200.0	156611.0	-3.445745992601723	38297056.0	27398346.0	-28.45834938330508	182210995.0	37324782.0	-79.5156258270803	34419.0	26023.0	-24.393503588134458	37079802	25981797	-29.9300546426866	73945	70377	-4.825207924808983	1623065	1428647	-11.978448182913192	70024	69530	-0.7054724094596176	142190	138406	-2.6612279344539025	37153747	26052174	-29.88008988703077	1693089	1498177	-11.512212293624257	0.4233185860267333	0.13248604413282972	-68.70299379567922	2.3622870174116293	7.547964818070997	219.51937941653438	0.11671597287496056	0.16412876434982873	40.62236753632868	0.0001888963945342596	0.0006972043400012356	269.09351378582596	0.9602755532623611	0.9628405839465296	0.2671140252872517	0.002901915056401993	0.01616725471011134	457.12363718036215
E03	E04	BLOCK	1.5135128129693975	1.167828	0.771601	-33.92854084676854	4671311300.0	3086403738.0	-33.92853655460727	673408885.0	540583700.0	-19.72429944995454	802214537.0	667101302.0	-16.842531363901227	123308317.0	121362791.0	-1.5777735414229999	16319347.0	13561467.0	-16.899450694932828	140790333.0	134934174.0	-4.159489416080864	22466008.0	21388695.0	-4.795302307379224	19254201.0	18411477.0	-4.376831840490292	15908854.0	8501178.0	-46.56322825013039	48502092.0	48494001.0	-0.016681754675651472	1445149.0	1373446.0	-4.961633713893865	139627664.0	134924258.0	-3.3685344760906455	169284661.0	170921154.0	0.9667107405555209	119351.0	55117.0	-53.819406624158994	124332252	121185415	-2.5309901086646436	225456	210654	-6.565360868639559	15627866	13254861	-15.184446808028685	726166	313453	-56.83452543908694	945422	522110	-44.774925906103306	124557708	121396069	-2.5382925318439553	16354032	13568314	-17.033829944811163	0.14415842613614727	0.17515002763387658	21.49829345976626	6.936812691445257	5.709391048971695	-17.694317218443356	0.15957067165967992	0.15851206826226247	-0.6634072454587137	0.000705031390883076	0.00032247032453338107	-54.26156498798218	0.8262536575784163	0.46173253780780327	-44.117338111270975	0.02979560139385328	0.028321977392626357	-4.9457770016044345
E03	E04	CODEBOOK	1.3945190319480445	0.9576720000000001	0.68674	-28.290688252345277	3830688665.0	2746958498.0	-28.290739910600383	520047612.0	393754486.0	-24.284916051109562	597683916.0	469728449.0	-21.408551171385383	78451331.0	77617080.0	-1.0633994214833686	6214271.0	4620601.0	-25.64532509122953	85830255.0	82240845.0	-4.181986876306032	14551725.0	15071681.0	3.573157134291649	14299963.0	13873111.0	-2.9849867443712985	13398681.0	8303970.0	-38.02397415088844	32738580.0	32859516.0	0.3693990392985791	1265015.0	1213676.0	-4.058370849357518	84665602.0	82237681.0	-2.8676592885975127	124768290.0	122329801.0	-1.9544140582514968	88538.0	40169.0	-54.63078000406605	79457600	77427477	-2.554976490606309	218253	207213	-5.058349713405996	5522813	4314130	-21.88527838983504	717251	311222	-56.60905317664249	931051	517044	-44.46662964757032	79675853	77634690	-2.5618338846024047	6240064	4625352	-25.876529471492603	0.13575825588530308	0.14334198579508353	5.586201634902888	7.366034525700313	6.976323053243894	-5.290654979917675	0.16954074061646443	0.18326272061042173	8.093618055496886	0.0007096194073029293	0.00032836642969769894	-53.72640230546533	0.9369731236367534	0.598565815554997	-36.11707737872645	0.038639886030487576	0.036935297525380474	-4.4114739462796315
E03	E04	OTHER	2.476473291618059	0.210156	0.08486099999999996	-59.61999657397363	840622635.0	339445240.0	-59.61978349536115	153361273.0	146829214.0	-4.259262375841133	204530621.0	197372853.0	-3.4996070343911945	44856986.0	43745711.0	-2.4773733125983965	10105076.0	8940866.0	-11.521041504289531	54960078.0	52693329.0	-4.124355500368826	7914283.0	6317014.0	-20.182106199639314	4954238.0	4538366.0	-8.394267695657742	2510173.0	197208.0	-92.14364906323189	15763512.0	15634485.0	-0.8185168381259156	180134.0	159770.0	-11.304917450342522	54962062.0	52686577.0	-4.140101221093195	44516371.0	48591353.0	9.153895316399453	30813.0	14948.0	-51.48800830818161	44874652	43757938	-2.488518462494149	7203	3441	-52.22823823406914	10105053	8940731	-11.522176083589075	8915	2231	-74.97476163768928	14371	5066	-64.74845174309374	44881855	43761379	-2.4965010915881214	10113968	8942962	-11.578106634310092	0.182437715348933	0.43255640880396495	137.09812851835562	5.481322752191813	2.3118372070015987	-57.823370169597	0.14400057801955812	0.11988261360370683	-16.748519170926933	0.0006921723246488354	0.0003076267499692795	-55.55633488736349	0.5066718635640839	0.04345352490301575	-91.42373436777198	0.011427275850711441	0.010219076611733614	-10.572941922134548
E03	E04	MHA_QK	4.026857213256129	0.16343	0.040585	-75.16673805298905	653719345.0	162342949.0	-75.16626206005881	68139053.0	61946502.0	-9.088108400919515	94080853.0	87255610.0	-7.2546568003587275	17951124.0	16899701.0	-5.85714298447273	3600473.0	2495079.0	-30.701355071958602	21542095.0	19393958.0	-9.971811005382714	4803734.0	2226833.0	-53.64370716613368	2531378.0	2167087.0	-14.391015486426761	2449853.0	171409.0	-93.00329448338329	7702858.0	7517882.0	-2.401394391536238	29860.0	9144.0	-69.37709310113864	21551597.0	19394780.0	-10.00768991736436	18572604.0	17249818.0	-7.122243062954448	24727.0	8559.0	-65.38601528693331	17959615	16902322	-5.887058269344858	4350	862	-80.18390804597702	3600754	2494905	-30.711595404740233	7777	1583	-79.64510736787965	10527	2045	-80.57376270542414	17963965	16903184	-5.905049358535264	3608531	2496488	-30.817055472157506	0.10423288452631	0.38157802591106066	266.08218955577735	9.59390123898552	2.6206959837699957	-72.68372981451377	0.22299288903887945	0.11482096640613536	-48.50913547018264	0.0013313695807006922	0.0004961791480930408	-62.731674563879956	0.9677942211712356	0.07909650143256823	-91.8271364198843	0.003876483248165811	0.0012163000164141975	-68.62362253236358
E03	E04	MHA_SV	1.0694673256452498	0.03116	0.029136	-6.495507060333761	124642469.0	116545626.0	-6.496054727542344	47206519.0	46862951.0	-0.7277977857253148	72426056.0	72088376.0	-0.46624104452132054	17426604.0	17365881.0	-0.34844999060057447	943719.0	884140.0	-6.313213996963074	18372495.0	18252156.0	-0.6549954157015647	3027397.0	4006823.0	32.35208332438726	2346001.0	2294274.0	-2.2049010209288067	36408.0	10108.0	-72.23687101735882	4872674.0	4927905.0	1.1334844071243078	140836.0	141074.0	0.16899088301287613	18370323.0	18250021.0	-0.6548714467350392	15561394.0	19112344.0	22.81897110246036	4217.0	4440.0	5.288119516243772	17431208	17370945	-0.34571901155674434	1563	1238	-20.793346129238643	943363	884106	-6.281463233135076	1002	511	-49.001996007984026	2436	1573	-35.42692939244664	17432771	17372183	-0.34755231970866607	944365	884617	-6.326791018303302	0.37873542925405307	0.40209961204378447	6.168998457775365	2.6403656028948035	2.486945945849633	-5.8105459667012305	0.16477876303681127	0.21952601106411757	33.22469899538927	0.0002709911464230004	0.00023231059466070724	-14.273732656164063	0.015519174970513652	0.004405751013174538	-71.61091990041069	0.02890322644199058	0.028627581091762118	-0.9536836684364225
E03	E04	MHA_QKV	1.2940099441395907	0.236052	0.182419	-22.720841170589534	944208208.0	729673170.0	-22.721157916475132	133749982.0	103487084.0	-22.62646883945001	153120618.0	122550561.0	-19.964690189534107	19995718.0	19959190.0	-0.18267911159779437	2045242.0	1818137.0	-11.104064946837589	22433690.0	21779000.0	-2.918333987854871	3810372.0	3998249.0	4.930673435559574	3726589.0	3592526.0	-3.597472111896427	3187308.0	2262060.0	-29.02913681388808	8725677.0	8989831.0	3.0273181095289203	421216.0	408732.0	-2.96380004558231	22040960.0	21777327.0	-1.196104888353322	33147663.0	32766713.0	-1.14925145703334	33106.0	19296.0	-41.714492841176835	20346264	19914319	-2.1229696026749623	56250	52766	-6.193777777777775	1997061	1805927	-9.570764238047813	53151	14212	-73.26108633892119	108133	66397	-38.596913060767754	20402514	19967085	-2.1341928744663563	2050212	1820139	-11.221912660739475	0.14165306006321013	0.14182662629626358	0.12252910948482576	7.05950157062451	7.050862211945212	-0.12237915939062871	0.16985043477020498	0.1835827632122687	8.08495336537851	0.0009987431089787536	0.0005888903168285449	-41.036858073473596	0.8552883078869175	0.6296572383888105	-26.38070314038935	0.048273159778891656	0.045466038238093684	-5.815077267897095
E03	E04	Projection	1.710249784668389	0.079424	0.04644	-41.52900886381949	317696641.0	185760945.0	-41.528829384129374	43174103.0	33572472.0	-22.23932944246694	49511365.0	39885643.0	-19.44143935437853	6385634.0	6442628.0	0.8925347115102511	399692.0	443462.0	10.950932217807718	6916993.0	6886909.0	-0.43492887733151964	1255731.0	1322467.0	5.314514016138805	1231207.0	1191204.0	-3.24908808997999	1099098.0	489692.0	-55.4460111837161	2733557.0	2907405.0	6.3597722674156865	133292.0	134344.0	0.7892446658464225	6785326.0	6886090.0	1.485028132767674	10560348.0	10680317.0	1.1360326383183628	2978.0	4127.0	38.58294157152451	6499655	6426938	-1.11878245845356	18299	17338	-5.2516530957975815	333681	426927	27.944653726163615	66249	16779	-74.67282525019246	84457	34004	-59.73809157322661	6517954	6444276	-1.1303853939441777	399930	443706	10.945915535218663	0.1358972599272776	0.18072944234860563	32.989761857832136	7.358500094373704	5.533132770205304	-24.806241771527215	0.18154290455404537	0.19202620507981158	5.774558114247497	0.00028199828263235263	0.0003864117516362108	37.0262783266607	0.89269960290999	0.4110899560444726	-53.94979960734647	0.0487613757459603	0.04620752870687091	-5.237438443891673
E03	E04	FF1	1.0506466726742714	0.32762	0.311827	-4.820523777547159	1310477916.0	1247307875.0	-4.820381955982533	176415556.0	134967528.0	-23.494542624120974	202511844.0	160355735.0	-20.816614064311224	26162454.0	25881488.0	-1.0739283096302787	2278516.0	1901012.0	-16.567976700624442	28955463.0	27782408.0	-4.051238966546656	4968124.0	5277537.0	6.227964519404106	4894842.0	4747376.0	-3.012681512498261	4830210.0	4219423.0	-12.645143792919978	11592420.0	11750828.0	1.3664791303282575	553896.0	535968.0	-3.2367086962173386	28440970.0	27782500.0	-2.3152163938149783	43735497.0	43003938.0	-1.6726893488828942	26431.0	12284.0	-53.52427074268851	26629884	25817662	-3.0500395720837514	73327	69797	-4.8140521226833215	1763424	1639786	-7.011246302647578	528321	263336	-50.15606042538532	600055	332566	-44.5774137370741	26703211	25887459	-3.0548835493978577	2291745	1903122	-16.957514906763183	0.13461925137851768	0.10820706796227034	-19.619915536435794	7.428358052506435	9.24154049113206	24.40892625004567	0.17157812327159128	0.18995966800285993	10.713221697950658	0.0006043374790047544	0.00028564825853855526	-52.733651566841175	0.98679589657848	0.8887905655671681	-9.931671924369168	0.04778087750443825	0.045611083746609174	-4.5411341757537365
E03	E04	FF2	2.1538335136319446	0.314576	0.146054	-53.571156095824236	1258305900.0	584216508.0	-53.57118583009108	166707971.0	121727402.0	-26.98165464445609	192540089.0	146936510.0	-23.685238350544235	25907525.0	25333774.0	-2.214611391863952	1490821.0	457990.0	-69.27934339535062	27524109.0	25792528.0	-6.291142794122784	4517498.0	4473428.0	-0.9755400002390724	4447325.0	4342005.0	-2.368165132973188	4282065.0	1332795.0	-68.8749470173853	9686926.0	9211452.0	-4.908409540859504	156611.0	134632.0	-14.034135533263948	27398346.0	25791764.0	-5.863791923789852	37324782.0	35878833.0	-3.8739650240957824	26023.0	4462.0	-82.85362948161243	25981797	25268558	-2.745148844015677	70377	67312	-4.355116018017247	1428647	441490	-69.09733475099166	69530	16895	-75.70113620020136	138406	84077	-39.253356068378544	26052174	25335870	-2.7494979881525383	1498177	458385	-69.4038154370278	0.13248604413282972	0.20836008625761052	57.26946005626823	7.547964818070997	4.799383691767281	-36.41486404021368	0.16412876434982873	0.17343891223070496	5.672465711758057	0.0006972043400012356	0.0001243630192765746	-82.16261544264711	0.9628405839465296	0.30695381511536723	-68.11997539019256	0.01616725471011134	0.014615719649844563	-9.596775012744828
E04	E05	BLOCK	2.242595897298774	0.771601	0.344066	-55.408818806611194	3086403738.0	1376265872.0	-55.408754368220634	540583700.0	542547624.0	0.3632969325564117	667101302.0	668942828.0	0.27604892907253653	121362791.0	120084700.0	-1.0531160246636029	13561467.0	12298352.0	-9.31399973173994	134934174.0	132390676.0	-1.8849917145526085	21388695.0	7623538.0	-64.35716157530882	18411477.0	5778833.0	-68.61287663124473	8501178.0	1325305.0	-84.41033701447023	48494001.0	48418303.0	-0.15609765834747602	1373446.0	1370741.0	-0.19694986188025787	134924258.0	132383052.0	-1.8834315175555782	170921154.0	166940718.0	-2.3288141384769756	55117.0	43391.0	-21.274742819819657	121185415	120104741	-0.8917525264900861	210654	7897	-96.25119864801998	13254861	12299231	-7.209656894930849	313453	4863	-98.44857123715516	522110	11104	-97.87324510160694	121396069	120112638	-1.0572261610876432	13568314	12304094	-9.317443567417438	0.17515002763387658	0.39421716038890486	125.07399268754527	5.709391048971695	2.5366729317756627	-55.570166590138605	0.15851206826226247	0.05758364735595126	-63.67238912012834	0.00032247032453338107	0.0002599186137440717	-19.397664228428624	0.46173253780780327	0.22933782651272325	-50.3310233232501	0.028321977392626357	0.028310389151804845	-0.040916072563945693
E04	E05	CODEBOOK	2.645112585026153	0.68674	0.259626	-62.194425838017295	2746958498.0	1038505689.0	-62.1943436802517	393754486.0	395734631.0	0.5028882388402822	469728449.0	471589557.0	0.3962093426451263	77617080.0	76341947.0	-1.6428510322727963	4620601.0	3360118.0	-27.279633104005296	82240845.0	79703205.0	-3.085620046827098	15071681.0	1306834.0	-91.32920873258928	13873111.0	1242466.0	-91.04407079277316	8303970.0	1133977.0	-86.34415827610167	32859516.0	32786947.0	-0.22084622305453827	1213676.0	1211699.0	-0.1628935564351619	82237681.0	79702065.0	-3.083277603608492	122329801.0	124518661.0	1.7893105213176996	40169.0	30035.0	-25.22840996788568	77427477	76350061	-1.391516347613908	207213	4551	-97.8037092267377	4314130	3361201	-22.088555514089748	311222	2650	-99.14851777830616	517044	6094	-98.82137690409327	77634690	76354612	-1.6488479570150871	4625352	3363851	-27.2736215535596	0.14334198579508353	0.3810615918542166	165.84087679583868	6.976323053243894	2.6242476843023628	-62.38351257139498	0.18326272061042173	0.016396254077862993	-91.05314271050358	0.00032836642969769894	0.00024120882571970477	-26.54278759806028	0.598565815554997	0.9126825200850567	52.47822317397246	0.036935297525380474	0.03695674989196158	0.05808093617321042
E04	E05	OTHER	1.0049857887257225	0.08486099999999996	0.08443999999999996	-0.49610539588268443	339445240.0	337760183.0	-0.49641497403233315	146829214.0	146812993.0	-0.01104752900196182	197372853.0	197353271.0	-0.009921323881356692	43745711.0	43742753.0	-0.006761805745936211	8940866.0	8938234.0	-0.029437864296366634	52693329.0	52687471.0	-0.011117156784690163	6317014.0	6316704.0	-0.004907381873775485	4538366.0	4536367.0	-0.04404668993202021	197208.0	191328.0	-2.981623463551175	15634485.0	15631356.0	-0.020013451034683882	159770.0	159042.0	-0.4556550040683449	52686577.0	52680987.0	-0.010609913033443608	48591353.0	42422057.0	-12.6962836371319	14948.0	13356.0	-10.650254214610655	43757938	43754680	-0.007445506230208121	3441	3346	-2.7608253414705075	8940731	8938030	-0.03021005776820962	2231	2213	-0.8068130883012059	5066	5010	-1.1054086063955748	43761379	43758026	-0.00766200717761123	8942962	8940243	-0.030403796862832344	0.43255640880396495	0.4346663709617898	0.4877889021824844	2.3118372070015987	2.3006150620469947	-0.4854210720640961	0.11988261360370683	0.11989005887187107	0.0062104653380634645	0.0003076267499692795	0.00031483621833802163	2.34357654835351	0.04345352490301575	0.04217648175290932	-2.938871249125763	0.010219076611733614	0.010174549156196045	-0.4357287573951818
E04	E05	MHA_QK	1.0079473488141066	0.040585	0.040265	-0.7884686460514989	162342949.0	161054719.0	-0.7935238382296483	61946502.0	61944434.0	-0.0033383644487350317	87255610.0	87253163.0	-0.002804404209655331	16899701.0	16899432.0	-0.001591744137963147	2495079.0	2494790.0	-0.011582799582698922	19393958.0	19393401.0	-0.0028720284946492924	2226833.0	2226838.0	0.00022453412535927697	2167087.0	2166907.0	-0.008306080927988901	171409.0	166853.0	-2.6579701182551707	7517882.0	7517580.0	-0.004017088855612361	9144.0	9188.0	0.48118985126859304	19394780.0	19394222.0	-0.0028770627973129237	17249818.0	15152429.0	-12.158905096853779	8559.0	8390.0	-1.9745297347821045	16902322	16902069	-0.0014968357601952142	862	855	-0.8120649651972123	2494905	2494627	-0.011142708840616855	1583	1580	-0.18951358180669953	2045	2040	-0.24449877750610804	16903184	16902924	-0.0015381717432649822	2496488	2496207	-0.011255812164934209	0.38157802591106066	0.3846173175465911	0.7965059382740503	2.6206959837699957	2.5999869334507117	-0.7902118539325209	0.11482096640613536	0.11482452201137902	0.003096651556733221	0.0004961791480930408	0.000553706603739902	11.594089729073808	0.07909650143256823	0.07700053578672274	-2.6498841388482353	0.0012163000164141975	0.0012222018255874897	0.4852264321011379
E04	E05	MHA_SV	1.0012715213581223	0.029136	0.029099	-0.12699066447007246	116545626.0	116396925.0	-0.12759037391930628	46862951.0	46857191.0	-0.012291159385158235	72088376.0	72081824.0	-0.00908884394899001	17365881.0	17364997.0	-0.005090441423616365	884140.0	883375.0	-0.08652475852241048	18252156.0	18250342.0	-0.00993855191682158	4006823.0	4006861.0	0.0009483822968947564	2294274.0	2293312.0	-0.041930475610152396	10108.0	9563.0	-5.39176889592402	4927905.0	4926587.0	-0.026745645461911938	141074.0	140565.0	-0.36080354990997154	18250021.0	18248372.0	-0.009035606041218891	19112344.0	15043929.0	-21.286844774246426	4440.0	3539.0	-20.292792792792792	17370945	17369812	-0.006522385512131024	1238	1239	0.08077544426494665	884106	883284	-0.09297527672020856	511	507	-0.7827788649706457	1573	1605	2.0343293070565815	17372183	17371051	-0.006516164376113576	884617	883791	-0.09337374253490793	0.40209961204378447	0.40256382202536706	0.11544651317196841	2.486945945849633	2.4840781642245693	-0.11531338788642875	0.21952601106411757	0.21954991309203958	0.010888016324872574	0.00023231059466070724	0.0002352443965934697	1.2628790938473244	0.004405751013174538	0.004169951580944939	-5.352082573992201	0.028627581091762118	0.028531922809847874	-0.33414727429336155
E04	E05	MHA_QKV	3.4399856682192764	0.182419	0.053029	-70.9301114467243	729673170.0	212118576.0	-70.9296456658808	103487084.0	104230520.0	0.7183853011067498	122550561.0	123258784.0	0.5779026992785541	19959190.0	19541616.0	-2.0921390096491854	1818137.0	1405000.0	-22.72309512429481	21779000.0	20947714.0	-3.8169153771982156	3998249.0	134249.0	-96.64230516908778	3592526.0	107078.0	-97.01942310229626	2262060.0	48463.0	-97.85757230135363	8989831.0	8976250.0	-0.15107069309756582	408732.0	412059.0	0.8139807991544679	21777327.0	20946616.0	-3.8145682433845085	32766713.0	33530393.0	2.3306579454582366	19296.0	16411.0	-14.95128524046434	19914319	19545851	-1.8502666347767205	52766	2364	-95.5198423227078	1805927	1405504	-22.172712407533634	14212	1201	-91.54939487756826	66397	3072	-95.37328493757248	19967085	19548215	-2.097802458395903	1820139	1406705	-22.71441906359899	0.14182662629626358	0.4913785580005025	246.4642506365872	7.050862211945212	2.03509083519875	-71.1369932637316	0.1835827632122687	0.0064087661307577525	-96.5090589014898	0.0005888903168285449	0.0004894365538751663	-16.88833389025387	0.6296572383888105	0.4525953043575711	-28.120368231501924	0.045466038238093684	0.04590547277537947	0.9665116080371572
E04	E05	Projection	2.76659120695818	0.04644	0.016786	-63.85443583118003	185760945.0	67146081.0	-63.85349945328929	33572472.0	33805862.0	0.6951826484507873	39885643.0	40110616.0	0.564045062530405	6442628.0	6304586.0	-2.1426349620061846	443462.0	306585.0	-30.865553305581994	6886909.0	6611832.0	-3.9942011721078363	1322467.0	22720.0	-98.28199871906067	1191204.0	17983.0	-98.4903509390499	489692.0	6058.0	-98.76289586107185	2907405.0	2902139.0	-0.18112371685403694	134344.0	134155.0	-0.14068361817424213	6886090.0	6611171.0	-3.9923817434857845	10680317.0	10929811.0	2.3360168054936903	4127.0	3526.0	-14.5626362975527	6426938	6305461	-1.8901224813433704	17338	420	-97.57757526819702	426927	306586	-28.1877229596629	16779	166	-99.01066809702604	34004	496	-98.54134807669685	6444276	6305881	-2.147564753589082	443706	306752	-30.865933748923837	0.18072944234860563	0.5034673877690643	178.57519019946704	5.533132770205304	1.9862259687387944	-64.10304882915187	0.19202620507981158	0.0034362639583098904	-98.21052342471607	0.0003864117516362108	0.00032260393157759087	-16.51290877889555	0.4110899560444726	0.336873714063282	-18.05352840417287	0.04620752870687091	0.04622624898393909	0.04051347819733486
E04	E05	FF1	3.1741347719869712	0.311827	0.09824	-68.49535158918248	1247307875.0	392957527.0	-68.49554669892548	134967528.0	135770080.0	0.5946259903345075	160355735.0	161098881.0	0.4634358727487964	25881488.0	25306536.0	-2.2214796923577196	1901012.0	1333085.0	-29.874982377807193	27782408.0	26638368.0	-4.117857602551944	5277537.0	586319.0	-88.89029105812048	4747376.0	559999.0	-88.20403102682408	4219423.0	543073.0	-87.12921174293263	11750828.0	11708397.0	-0.3610894483350502	535968.0	531743.0	-0.7882933309451334	27782500.0	26639621.0	-4.113665076936924	43003938.0	43944801.0	2.1878531217303765	12284.0	7264.0	-40.86616737219146	25817662	25309129	-1.9697097281698106	69797	853	-98.77788443629383	1639786	1333590	-18.672924393792844	263336	1096	-99.58380168302094	332566	1524	-99.54174509721379	25887459	25309982	-2.230721060726737	1903122	1334686	-29.868605375798296	0.10820706796227034	0.3455082818657905	219.3028776884172	9.24154049113206	2.894286627804889	-68.68177301628262	0.18995966800285993	0.022010319851426333	-88.41316155011654	0.00028564825853855526	0.0001652982795393703	-42.13222920206978	0.8887905655671681	0.9697749460266893	9.111750686489595	0.045611083746609174	0.04541552528497283	-0.42875206106209873
E04	E05	FF2	1.5949809437485665	0.146054	0.091571	-37.3033261670341	584216508.0	366283505.0	-37.303465413202595	121727402.0	121928169.0	0.16493163963196	146936510.0	147121276.0	0.12574546652837082	25333774.0	25189209.0	-0.5706413896326645	457990.0	315448.0	-31.123386973514712	25792528.0	25505291.0	-1.1136442306081795	4473428.0	563546.0	-87.40236793796615	4342005.0	557406.0	-87.16247447895616	1332795.0	536383.0	-59.75502609178456	9211452.0	9200161.0	-0.12257568079386827	134632.0	133742.0	-0.6610612632955037	25791764.0	25504657.0	-1.113173181950644	35878833.0	36113656.0	0.6544889573192103	4462.0	2834.0	-36.48588077095473	25268558	25189620	-0.31239614068994115	67312	914	-98.64214404563822	441490	315521	-28.532696097306843	16895	187	-98.89316365788694	84077	1002	-98.80823530811043	25335870	25190534	-0.5736372976337556	458385	315708	-31.12601852154848	0.20836008625761052	0.3328792242500792	59.76151201939739	4.799383691767281	3.004092557151416	-37.40670156660851	0.17343891223070496	0.022095258587718134	-87.26049517750234	0.0001243630192765746	7.847446960230224e-05	-36.898870694204874	0.30695381511536723	0.9622842237076745	213.4947918291891	0.014615719649844563	0.014536919516951931	-0.5391464449269856
E03	E05	BLOCK	3.3941976248742978	1.167828	0.344066	-70.53795593186668	4671311300.0	1376265872.0	-70.53791144255361	673408885.0	542547624.0	-19.432660292268046	802214537.0	668942828.0	-16.612976062287434	123308317.0	120084700.0	-2.6142737800889826	16319347.0	12298352.0	-24.639435634281202	140790333.0	132390676.0	-5.96607509977265	22466008.0	7623538.0	-66.06634342870349	19254201.0	5778833.0	-69.98663824066239	15908854.0	1325305.0	-91.66938737384855	48502092.0	48418303.0	-0.17275337319471173	1445149.0	1370741.0	-5.148811645027607	139627664.0	132383052.0	-5.188521953643798	169284661.0	166940718.0	-1.3846162943256912	119351.0	43391.0	-63.64420909753584	124332252	120104741	-3.4001724669155076	225456	7897	-96.49732098502591	15627866	12299231	-21.29935718670739	726166	4863	-99.33031841204352	945422	11104	-98.82549803156687	124557708	120112638	-3.568683200240008	16354032	12304094	-24.76415601975097	0.14415842613614727	0.39421716038890486	173.46106013712657	6.936812691445257	2.5366729317756627	-63.4317222533054	0.15957067165967992	0.05758364735595126	-63.91338912280745	0.000705031390883076	0.0002599186137440717	-63.13375303495143	0.8262536575784163	0.22933782651272325	-72.24365370014016	0.02979560139385328	0.028310389151804845	-4.984669456461555
E03	E05	CODEBOOK	3.68865984146426	0.9576720000000001	0.259626	-72.88988296619301	3830688665.0	1038505689.0	-72.88984358116714	520047612.0	395734631.0	-23.90415379890255	597683916.0	471589557.0	-21.097164508606248	78451331.0	76341947.0	-2.6887803853831382	6214271.0	3360118.0	-45.929007602018004	85830255.0	79703205.0	-7.1385666977221485	14551725.0	1306834.0	-91.01938773581826	14299963.0	1242466.0	-91.31140409244416	13398681.0	1133977.0	-91.53665200328301	32738580.0	32786947.0	0.14773701241777015	1265015.0	1211699.0	-4.214653581182837	84665602.0	79702065.0	-5.862518995612886	124768290.0	124518661.0	-0.2000740733082096	88538.0	30035.0	-66.07671282387224	79457600	76350061	-3.910939922675738	218253	4551	-97.91480529477258	5522813	3361201	-39.13969203737299	717251	2650	-99.63053380197448	931051	6094	-99.34547087109084	79675853	76354612	-4.168441095949104	6240064	3363851	-46.09268430580199	0.13575825588530308	0.3810615918542166	180.69128420164802	7.366034525700313	2.6242476843023628	-64.37367113680659	0.16954074061646443	0.016396254077862993	-90.32901825352135	0.0007096194073029293	0.00024120882571970477	-66.00870505550658	0.9369731236367534	0.9126825200850567	-2.592454675478373	0.038639886030487576	0.03695674989196158	-4.355955235473452
E03	E05	OTHER	2.488820464234961	0.210156	0.08443999999999996	-59.82032394982777	840622635.0	337760183.0	-59.82023693663685	153361273.0	146812993.0	-4.2698393615968495	204530621.0	197353271.0	-3.509181150924101	44856986.0	43742753.0	-2.4839676031733426	10105076.0	8938234.0	-11.547087820022329	54960078.0	52687471.0	-4.13501414608618	7914283.0	6316704.0	-20.186023168491694	4954238.0	4536367.0	-8.434616988525779	2510173.0	191328.0	-92.3778958661415	15763512.0	15631356.0	-0.8383664756939968	180134.0	159042.0	-11.709061032342593	54962062.0	52680987.0	-4.150271872987588	44516371.0	42422057.0	-4.704592833948662	30813.0	13356.0	-56.65465874793107	44874652	43754680	-2.4957786859271858	7203	3346	-53.54713313896987	10105053	8938030	-11.548905285306276	8915	2213	-75.17666853617499	14371	5010	-65.13812539141325	44881855	43758026	-2.503971816672912	10113968	8940243	-11.604990247151271	0.182437715348933	0.4346663709617898	138.25466687655052	5.481322752191813	2.3006150620469947	-58.02810441828026	0.14400057801955812	0.11989005887187107	-16.74334886656661	0.0006921723246488354	0.00031483621833802163	-54.51476357455498	0.5066718635640839	0.04217648175290932	-91.67577977268618	0.011427275850711441	0.010174549156196045	-10.962601331072296
E03	E05	MHA_QK	4.058860052154476	0.16343	0.040265	-75.36254053723306	653719345.0	161054719.0	-75.36332369053574	68139053.0	61944434.0	-9.091143371188327	94080853.0	87253163.0	-7.257257754667679	17951124.0	16899432.0	-5.858641497880579	3600473.0	2494790.0	-30.709381795114144	21542095.0	19393401.0	-9.974396640623862	4803734.0	2226838.0	-53.64360308043701	2531378.0	2166907.0	-14.398126237962094	2449853.0	166853.0	-93.18926482527728	7702858.0	7517580.0	-2.405315014245357	29860.0	9188.0	-69.2297387809779	21551597.0	19394222.0	-10.010279052638182	18572604.0	15152429.0	-18.415161385016344	24727.0	8390.0	-66.06947870748574	17959615	16902069	-5.8884669855116645	4350	855	-80.34482758620689	3600754	2494627	-30.71931600992459	7777	1580	-79.68368265397969	10527	2040	-80.62125961812482	17963965	16902924	-5.90649670047787	3608531	2496207	-30.82484257444372	0.10423288452631	0.3846173175465911	268.9980559345527	9.59390123898552	2.5999869334507117	-72.89958621957172	0.22299288903887945	0.11482452201137902	-48.50754097752461	0.0013313695807006922	0.000553706603739902	-58.41075147229296	0.9677942211712356	0.07700053578672274	-92.0437078355835	0.003876483248165811	0.0012222018255874897	-68.4713760554548
E03	E05	MHA_SV	1.0708271761916217	0.03116	0.029099	-6.614249037227216	124642469.0	116396925.0	-6.615356760944779	47206519.0	46857191.0	-0.7399994903246276	72426056.0	72081824.0	-0.4752875125493494	17426604.0	17364997.0	-0.35352269438153616	943719.0	883375.0	-6.394276262319609	18372495.0	18250342.0	-0.6648688705589545	3027397.0	4006861.0	32.35333852811508	2346001.0	2293312.0	-2.2459069710541457	36408.0	9563.0	-73.73379477038013	4872674.0	4926587.0	1.1064356039414802	140836.0	140565.0	-0.19242239200204514	18370323.0	18248372.0	-0.6638478811722526	15561394.0	15043929.0	-3.3253126294469526	4217.0	3539.0	-16.077780412615606	17431208	17369812	-0.35221884794215397	1563	1239	-20.729366602687136	943363	883284	-6.368598302032202	1002	507	-49.40119760479041	2436	1605	-34.11330049261084	17432771	17371051	-0.35404583700433534	944365	883791	-6.4142571992820585	0.37873542925405307	0.40256382202536706	6.2915668645644685	2.6403656028948035	2.4840781642245693	-5.919159017178766	0.16477876303681127	0.21954991309203958	33.23920452236466	0.0002709911464230004	0.0002352443965934697	-13.19111354794309	0.015519174970513652	0.004169951580944939	-73.1303269093375	0.02890322644199058	0.028531922809847874	-1.2846442347463238
E03	E05	MHA_QKV	4.451375662373419	0.236052	0.053029	-77.53503465338146	944208208.0	212118576.0	-77.5347667810149	133749982.0	104230520.0	-22.070628764645363	153120618.0	123258784.0	-19.502163973763476	19995718.0	19541616.0	-2.2709962202907663	2045242.0	1405000.0	-31.303972830599026	22433690.0	20947714.0	-6.623859026312662	3810372.0	134249.0	-96.47674820201281	3726589.0	107078.0	-97.12664852496479	3187308.0	48463.0	-98.47950056913231	8725677.0	8976250.0	2.8716740259810303	421216.0	412059.0	-2.173944009724227	22040960.0	20946616.0	-4.965046894509129	33147663.0	33530393.0	1.1546213680282635	33106.0	16411.0	-50.42892527034375	20346264	19545851	-3.933955639226938	56250	2364	-95.79733333333334	1997061	1405504	-29.621378615876026	53151	1201	-97.74039999247427	108133	3072	-97.15905412778709	20402514	19548215	-4.187224182274796	2050212	1406705	-31.38733945562703	0.14165306006321013	0.4913785580005025	246.88877019757544	7.05950157062451	2.03509083519875	-71.17231556875029	0.16985043477020498	0.0064087661307577525	-96.22681794166242	0.0009987431089787536	0.0004894365538751663	-50.99475035420964	0.8552883078869175	0.4525953043575711	-47.08272050675439	0.048273159778891656	0.04590547277537947	-4.904769056670489
E03	E05	Projection	4.731562015965686	0.079424	0.016786	-78.86533037872682	317696641.0	67146081.0	-78.86471799366616	43174103.0	33805862.0	-21.698750753431984	49511365.0	40110616.0	-18.987052770611356	6385634.0	6304586.0	-1.269224011272807	399692.0	306585.0	-23.29468690891987	6916993.0	6611832.0	-4.411758115123144	1255731.0	22720.0	-98.1906953001877	1231207.0	17983.0	-98.53940076688973	1099098.0	6058.0	-99.44882076029617	2733557.0	2902139.0	6.167129494647461	133292.0	134155.0	0.64745070972001	6785326.0	6611171.0	-2.566641602776343	10560348.0	10929811.0	3.4985873571590664	2978.0	3526.0	18.40161182001343	6499655	6305461	-2.9877585810323737	18299	420	-97.70479261161812	333681	306586	-8.120030807867396	66249	166	-99.74943018007819	84457	496	-99.41271889837432	6517954	6305881	-3.2536743892331854	399930	306752	-23.298577251018926	0.1358972599272776	0.5034673877690643	270.47648204127415	7.358500094373704	1.9862259687387944	-73.00773332519952	0.18154290455404537	0.0034362639583098904	-98.10718905993546	0.00028199828263235263	0.00032260393157759087	14.399253983463689	0.89269960290999	0.336873714063282	-62.263485615412705	0.0487613757459603	0.04622624898393909	-5.1990468341764124
E03	E05	FF1	3.334894136807818	0.32762	0.09824	-70.01404065685857	1310477916.0	392957527.0	-70.01418168118143	176415556.0	135770080.0	-23.039621290539703	202511844.0	161098881.0	-20.449649848628116	26162454.0	25306536.0	-3.271550902679088	2278516.0	1333085.0	-41.49327895876088	28955463.0	26638368.0	-8.002272317317116	4968124.0	586319.0	-88.19838232701116	4894842.0	559999.0	-88.55940600329897	4830210.0	543073.0	-88.75674142532105	11592420.0	11708397.0	1.000455470039907	553896.0	531743.0	-3.9994872683680738	28440970.0	26639621.0	-6.333641222504016	43735497.0	43944801.0	0.4785677867110927	26431.0	7264.0	-72.51712004842798	26629884	25309129	-4.959672374089196	73327	853	-98.83671771653006	1763424	1333590	-24.374965975284447	528321	1096	-99.79255036237439	600055	1524	-99.74602328119923	26703211	25309982	-5.217458679407505	2291745	1334686	-41.76114707351821	0.13461925137851768	0.3455082818657905	156.65592278054086	7.428358052506435	2.894286627804889	-61.03733008900514	0.17157812327159128	0.022010319851426333	-87.17183785919714	0.0006043374790047544	0.0001652982795393703	-72.64801782414857	0.98679589657848	0.9697749460266893	-1.7248704226281664	0.04778087750443825	0.04541552528497283	-4.950416030441696
E03	E05	FF2	3.4353234102499703	0.314576	0.091571	-70.89065917298205	1258305900.0	366283505.0	-70.89074246572315	166707971.0	121928169.0	-26.861224290229046	192540089.0	147121276.0	-23.58927599747811	25907525.0	25189209.0	-2.7726152922751157	1490821.0	315448.0	-78.84065223122025	27524109.0	25505291.0	-7.334726075964893	4517498.0	563546.0	-87.52526287781423	4447325.0	557406.0	-87.46648828228206	4282065.0	536383.0	-87.47373054822849	9686926.0	9200161.0	-5.024968705242506	156611.0	133742.0	-14.602422562910656	27398346.0	25504657.0	-6.91169094659948	37324782.0	36113656.0	-3.244830740069693	26023.0	2834.0	-89.10963378549745	25981797	25189620	-3.0489692456607265	70377	914	-98.70128024780823	1428647	315521	-77.91469831245928	69530	187	-99.73105134474326	138406	1002	-99.27604294611506	26052174	25190534	-3.3073631398285563	1498177	315708	-78.92718951098568	0.13248604413282972	0.3328792242500792	151.2560673306363	7.547964818070997	3.004092557151416	-60.19996608941322	0.16412876434982873	0.022095258587718134	-86.5378511345984	0.0006972043400012356	7.847446960230224e-05	-88.74440890569282	0.9628405839465296	0.9622842237076745	-0.05778321438992817	0.01616725471011134	0.014536919516951931	-10.084180786362962
E05	E06	BLOCK	1.1082779569078534	0.344066	0.310451	-9.769927862677507	1376265872.0	1241802312.0	-9.770173244548786	542547624.0	661040142.0	21.840021549887023	668942828.0	714318898.0	6.783250840085242	120084700.0	130832435.0	8.950128534276214	12298352.0	22975391.0	86.8168271651356	132390676.0	153905172.0	16.25076376224561	7623538.0	7067508.0	-7.293595178511603	5778833.0	5178818.0	-10.382978708676994	1325305.0	505318.0	-61.87156918596097	48418303.0	54088434.0	11.710718155487609	1370741.0	391435.0	-71.44354768698098	132383052.0	153807826.0	16.183925114522957	166940718.0	176446214.0	5.693935017099894	43391.0	45694.0	5.3075522573805545	120104741	130942495	9.02358550525495	7897	8794	11.358743826769668	12299231	22976306	86.81091525153077	4863	4931	1.3983137980670302	11104	12060	8.60951008645534	120112638	130951289	9.023739034022382	12304094	22981237	86.7771572616399	0.39421716038890486	0.5323231690037311	35.03297737688062	2.5366729317756627	1.8785580982160688	-25.944016089567988	0.05758364735595126	0.045921185806543266	-20.253078929364975	0.0002599186137440717	0.0002589684355596318	-0.3655675793098445	0.22933782651272325	0.09757400240749917	-57.4540302002531	0.028310389151804845	0.0072369445933672255	-74.43714194615423
E05	E06	CODEBOOK	1.156380837000481	0.259626	0.224516	-13.523298899185765	1038505689.0	898061968.0	-13.523635208511598	395734631.0	514243365.0	29.94651585092132	471589557.0	516985147.0	9.6260804180615	76341947.0	87092547.0	14.082166387503836	3360118.0	14040015.0	317.84291504048366	79703205.0	101223616.0	27.00068460233187	1306834.0	751469.0	-42.49698125393125	1242466.0	643106.0	-48.23954941221732	1133977.0	286247.0	-74.75724816288161	32786947.0	38460245.0	17.303526308808202	1211699.0	232857.0	-80.7826036003991	79702065.0	101132562.0	26.888258164954703	124518661.0	126469459.0	1.5666711995883098	30035.0	32670.0	8.773098052272355	76350061	87190956	14.19893430078596	4551	5536	21.643594814326516	3361201	14041140	317.7417536172339	2650	2732	3.0943396226415176	6094	7116	16.770594026911724	76354612	87196492	14.19937802840252	3363851	14043872	317.4938782960363	0.3810615918542166	0.5726145670606998	50.26824516068413	2.6242476843023628	1.7463754111829912	-33.45234058395473	0.016396254077862993	0.007423850576529493	-54.72227655612738	0.00024120882571970477	0.0002583232367586865	7.09526734269228	0.9126825200850567	0.445100807642908	-51.231584056038756	0.03695674989196158	0.006054485612351143	-83.61737536430917
E05	E06	OTHER	0.9826031302728804	0.08443999999999996	0.08593499999999998	1.7704879204168966	337760183.0	343740344.0	1.7705346281151169	146812993.0	146796777.0	-0.011045343922655437	197353271.0	197333751.0	-0.009890892560882047	43742753.0	43739888.0	-0.006549656351073629	8938234.0	8935376.0	-0.031974996403094647	52687471.0	52681556.0	-0.011226577946776839	6316704.0	6316039.0	-0.01052764226406877	4536367.0	4535712.0	-0.014438867049337833	191328.0	219071.0	14.500229971567148	15631356.0	15628189.0	-0.020260558329043832	159042.0	158578.0	-0.2917468341695928	52680987.0	52675264.0	-0.010863501855040703	42422057.0	49976755.0	17.80841980387702	13356.0	13024.0	-2.4857741838873904	43754680	43751539	-0.007178660659845626	3346	3258	-2.6300059772863094	8938030	8935166	-0.0320428550810381	2213	2199	-0.6326253953908734	5010	4944	-1.3173652694610793	43758026	43754797	-0.007379217700542728	8940243	8937365	-0.03219151873165016	0.4346663709617898	0.427057165567973	-1.7505852539224098	2.3006150620469947	2.3416068869141453	1.7817767754105596	0.11989005887187107	0.11989089692035672	0.0006990141580898168	0.00031483621833802163	0.0002606011534762511	-17.22643765322497	0.04217648175290932	0.04829914244996155	14.516764894999557	0.010174549156196045	0.010146921054000562	-0.27154129162232366
E05	E06	MHA_QK	0.9628168340506934	0.040265	0.04182	3.8619148143548943	161054719.0	167279744.0	3.8651615045194765	61944434.0	61942436.0	-0.003225471395862378	87253163.0	87250654.0	-0.0028755404546165764	16899432.0	16899190.0	-0.0014320007915014088	2494790.0	2494513.0	-0.011103138941559454	19393401.0	19392915.0	-0.002506007069102978	2226838.0	2226311.0	-0.023665843676101694	2166907.0	2166881.0	-0.0011998669070756307	166853.0	195020.0	16.881326676775355	7517580.0	7517420.0	-0.0021283444938346996	9188.0	9210.0	0.2394427514148978	19394222.0	19393703.0	-0.002676054754868762	15152429.0	18263205.0	20.52988336061499	8390.0	8547.0	1.8712753277711602	16902069	16901814	-0.0015086910365780248	855	864	1.0526315789473717	2494627	2494355	-0.010903433659625872	1580	1578	-0.12658227848101333	2040	2045	0.2450980392156854	16902924	16902678	-0.0014553694970165232	2496207	2495933	-0.010976653779115608	0.3846173175465911	0.3702925083386067	-3.7244316764933894	2.5999869334507117	2.700567733564757	3.8685117536553904	0.11482452201137902	0.11480022472124485	-0.021160366887285065	0.000553706603739902	0.00046799014740293393	-15.480482941329065	0.07700053578672274	0.09000032765989456	16.88272911396207	0.0012222018255874897	0.0012251543747721957	0.2415762374832653
E05	E06	MHA_SV	1.0007566117549953	0.029099	0.029077	-0.07560397264511076	116396925.0	116306854.0	-0.07738262845001787	46857191.0	46846938.0	-0.021881379957244818	72081824.0	72069854.0	-0.016606128058027636	17364997.0	17363229.0	-0.01018140112549748	883375.0	881540.0	-0.20772605065798588	18250342.0	18246587.0	-0.020574956896701746	4006861.0	4006916.0	0.001372645569697184	2293312.0	2292884.0	-0.018662964306648266	9563.0	9351.0	-2.2168775488863313	4926587.0	4924298.0	-0.046462185687579094	140565.0	140109.0	-0.3244050795005893	18248372.0	18244769.0	-0.01974422704666967	15043929.0	19499034.0	29.61397252007769	3539.0	3085.0	-12.82848262220967	17369812	17367828	-0.011422115564641011	1239	1182	-4.600484261501214	883284	881426	-0.21035137056710784	507	500	-1.3806706114398382	1605	1577	-1.7445482866043638	17371051	17369010	-0.011749433007823828	883791	881926	-0.21102274180208047	0.40256382202536706	0.4027874230008835	0.05554423007796405	2.4840781642245693	2.482699168086503	-0.05551339558981239	0.21954991309203958	0.21959810895045742	0.02195211910542838	0.0002352443965934697	0.00015821296583205097	-32.74527762484315	0.004169951580944939	0.004078269986619472	-2.1986249131624502	0.028531922809847874	0.02845258349514997	-0.2780720921848334
E05	E06	MHA_QKV	0.92065834476293	0.053029	0.057599	8.617926040468426	212118576.0	230395470.0	8.61635710773394	104230520.0	132344259.0	26.972655418009992	123258784.0	133105401.0	7.988572238389113	19541616.0	22441254.0	14.838271307756745	1405000.0	4280325.0	204.64946619217082	20947714.0	26749562.0	27.69680739387601	134249.0	218694.0	62.90177208023895	107078.0	180446.0	68.51827639664543	48463.0	75384.0	55.5495945360378	8976250.0	10213198.0	13.78023116557583	412059.0	73299.0	-82.21152796080173	20946616.0	26721579.0	27.569909144274195	33530393.0	33368628.0	-0.48244289889474157	16411.0	19278.0	17.469989641094386	19545851	22473181	14.976733425421074	2364	2664	12.690355329949243	1405504	4280960	204.5854013933792	1201	1261	4.995836802664444	3072	3351	9.08203125	19548215	22475845	14.9764569296992	1406705	4282221	204.41499816948118	0.4913785580005025	0.5744221403311446	16.90012333231625	2.03509083519875	1.7408799727383717	-14.45689093438649	0.0064087661307577525	0.008175610501585035	27.56918156753485	0.0004894365538751663	0.0005777282781899214	18.039462646526072	0.4525953043575711	0.41776487148509805	-7.695712380823871	0.04590547277537947	0.007176890137643469	-84.36593786374713
E05	E06	Projection	0.9094652435390366	0.016786	0.018457	9.954724174907682	67146081.0	73828734.0	9.952409582921163	33805862.0	43188508.0	27.75449417618756	40110616.0	43401741.0	8.205122055467818	6304586.0	7270122.0	15.314820037350586	306585.0	1264106.0	312.3182804116314	6611832.0	8539847.0	29.160072427732576	22720.0	53167.0	134.00968309859155	17983.0	45912.0	155.30779069120837	6058.0	17502.0	188.90723010894686	2902139.0	3314481.0	14.20820987554352	134155.0	22269.0	-83.40054414669599	6611171.0	8534228.0	29.087993639855924	10929811.0	10842267.0	-0.8009653597852662	3526.0	3683.0	4.4526375496313	6305461	7275964	15.391467808618597	420	472	12.380952380952381	306586	1264138	312.32737306987275	166	170	2.4096385542168752	496	545	9.879032258064523	6305881	7276436	15.391267294768163	306752	1264308	312.15965992071773	0.5034673877690643	0.5849823728522827	16.190718021364383	1.9862259687387944	1.709453218434867	-13.93460536011778	0.0034362639583098904	0.00622575556681519	81.17803644738912	0.00032260393157759087	0.000339689107453266	5.2960222127875545	0.336873714063282	0.38120752744380554	13.160365896697845	0.04622624898393909	0.006718698945626781	-85.46561944067507
E05	E06	FF1	1.3048213574179839	0.09824	0.07529	-23.361156351791536	392957527.0	301159884.0	-23.36070356020945	135770080.0	173273955.0	27.623077927036643	161098881.0	174224333.0	8.147450757277452	25306536.0	29159441.0	15.224940307910973	1333085.0	5155225.0	286.7139004639614	26638368.0	34365260.0	29.006626832394545	586319.0	221869.0	-62.15899535918161	559999.0	170759.0	-69.50726697726246	543073.0	92060.0	-83.04831947086304	11708397.0	13350331.0	14.02355933096564	531743.0	84650.0	-84.08065550463289	26639621.0	34314666.0	28.810638860064874	43944801.0	43576997.0	-0.8369681774187621	7264.0	6482.0	-10.765418502202639	25309129	29213542	15.426895963112752	853	1123	31.65298944900352	1333590	5155648	286.59917965791584	1096	1098	0.18248175182482562	1524	1843	20.93175853018372	25309982	29214665	15.427442816830128	1334686	5156746	286.36398373849727	0.3455082818657905	0.575355365059179	66.5243339326582	2.894286627804889	1.738056270487968	-39.94871641976384	0.022010319851426333	0.006456200244083705	-70.66739471455102	0.0001652982795393703	0.00014874820309439865	-10.012249668351691	0.9697749460266893	0.5391223888638373	-44.40747401521341	0.04541552528497283	0.006340666759498323	-86.03854800817126
E05	E06	FF2	1.251482848161815	0.091571	0.07317	-20.094789835209838	366283505.0	292677880.0	-20.09526063697572	121928169.0	165436643.0	35.68369340476194	147121276.0	166253672.0	13.004506567765217	25189209.0	28221730.0	12.038968750467705	315448.0	3340359.0	958.9254013339759	25505291.0	31568947.0	23.774110242459102	563546.0	257739.0	-54.26478051481156	557406.0	245989.0	-55.868971629297135	536383.0	101301.0	-81.11405469599148	9200161.0	11582235.0	25.891655591679317	133742.0	52639.0	-60.641384157557084	25504657.0	31562089.0	23.7502978377635	36113656.0	38681567.0	7.110637039905354	2834.0	3227.0	13.867325335215241	25189620	28228269	12.063099800632159	914	1277	39.715536105032825	315521	3340394	958.6914975548378	187	203	8.55614973262031	1002	1377	37.4251497005988	25190534	28229546	12.064103126992066	315708	3340597	958.1287138748463	0.3328792242500792	0.5652516104052687	69.80681557363195	3.004092557151416	1.7691236638548087	-41.10954871735535	0.022095258587718134	0.008164320463397148	-63.04944596604375	7.847446960230224e-05	8.342474853720378e-05	6.308139398697277	0.9622842237076745	0.41181109724418574	-57.20483750035095	0.014536919516951931	0.0045448050397872254	-68.73612023174928
E06	E07	BLOCK	1.4459488411953199	0.310451	0.214704	-30.84125997339354	1241802312.0	858815036.0	-30.841243594012568	661040142.0	504590500.0	-23.667192362426913	714318898.0	557838412.0	-21.90625033694684	130832435.0	157198422.0	20.152485123432882	22975391.0	25711564.0	11.909146616917198	153905172.0	182959416.0	18.878016653007613	7067508.0	7203484.0	1.9239596191472197	5178818.0	5337885.0	3.071492375287188	505318.0	661097.0	30.82791430346832	54088434.0	55645752.0	2.879207040825027	391435.0	389784.0	-0.421781394101195	153807826.0	182909986.0	18.92111783700785	176446214.0	154293451.0	-12.55496646700507	45694.0	43803.0	-4.138398914518316	130942495	157273034	20.10847509817191	8794	7858	-10.643620650443486	22976306	25712315	11.907958572626942	4931	5055	2.5147029000202714	12060	11185	-7.255389718076288	130951289	157280892	20.106409949122384	22981237	25717370	11.905943096100536	0.5323231690037311	0.5875426941174328	10.373308608198982	1.8785580982160688	1.702003973519121	-9.398385115935914	0.045921185806543266	0.039372032101370504	-14.261726020671661	0.0002589684355596318	0.0002838940973586753	9.62498064491104	0.09757400240749917	0.1238499892747783	26.92929081410691	0.0072369445933672255	0.007004739553164813	-3.2086060243605052
E06	E07	CODEBOOK	1.8265807543362944	0.224516	0.12291600000000001	-45.25289957063193	898061968.0	491664291.0	-45.25274329399059	514243365.0	357787028.0	-30.42457086441942	516985147.0	360496161.0	-30.269532288903456	87092547.0	113457016.0	30.27178548355005	14040015.0	16774941.0	19.479509103088553	101223616.0	130274992.0	28.700195812012886	751469.0	887597.0	18.114918912157396	643106.0	801333.0	24.603564575668702	286247.0	332170.0	16.04313757000073	38460245.0	40016485.0	4.0463600790894505	232857.0	230891.0	-0.8442949964999946	101132562.0	130231957.0	28.773517079494138	126469459.0	105459289.0	-16.612840891491444	32670.0	30030.0	-8.080808080808078	87190956	113519877	30.196848627281938	5536	4557	-17.684248554913296	14041140	16775878	19.47660944909031	2732	2845	4.136163982430463	7116	6187	-13.055087127599773	87196492	113524434	30.193808714231295	14043872	16778723	19.47362522244578	0.5726145670606998	0.7277059460069676	27.08477706782255	1.7463754111829912	1.3741814334308398	-21.312369343314796	0.007423850576529493	0.0068132569910271034	-8.22475586231195	0.0002583232367586865	0.0002847544325848812	10.231830538297814	0.445100807642908	0.41452180304567515	-6.870130108091277	0.006054485612351143	0.005769897081165425	-4.700457634339039
E06	E07	OTHER	0.936233494574454	0.08593499999999998	0.091788	6.810961773433433	343740344.0	367150745.0	6.810489780623485	146796777.0	146803472.0	0.004560726833946482	197333751.0	197342251.0	0.00430742331554157	43739888.0	43741406.0	0.0034705164311255032	8935376.0	8936623.0	0.013955764144668592	52681556.0	52684424.0	0.005444030544587974	6316039.0	6315887.0	-0.002406571587032502	4535712.0	4536552.0	0.018519694372121087	219071.0	328927.0	50.14629960149905	15628189.0	15629267.0	0.006897792188209628	158578.0	158893.0	0.198640416703455	52675264.0	52678029.0	0.005249143127228351	49976755.0	48834162.0	-2.28624887710297	13024.0	13773.0	5.7509213759213695	43751539	43753157	0.0036981556237325464	3258	3301	1.319828115408228	8935166	8936437	0.014224693754982809	2199	2210	0.5002273760800424	4944	4998	1.0922330097087318	43754797	43756458	0.003796155196433837	8937365	8938647	0.01434427261279847	0.427057165567973	0.399845224336941	-6.371966899288761	2.3416068869141453	2.5009677223437876	6.805618668112734	0.11989089692035672	0.11988148527542031	-0.007850174765700046	0.0002606011534762511	0.0002820361696797418	8.225219235433713	0.04829914244996155	0.07250594724804213	50.11849811445224	0.010146921054000562	0.01016637568479699	0.19172939941971556
E06	E07	MHA_QK	0.8773733347319838	0.04182	0.047665	13.976566236250587	167279744.0	190667030.0	13.980943203738994	61942436.0	61943359.0	0.001490093156819583	87250654.0	87251690.0	0.001187383649869922	16899190.0	16899321.0	0.0007751850828352502	2494513.0	2494659.0	0.005852845826015418	19392915.0	19393206.0	0.0015005480094254509	2226311.0	2225616.0	-0.031217561248186865	2166881.0	2166720.0	-0.00743003422891686	195020.0	304946.0	56.36652651010152	7517420.0	7517508.0	0.0011706143863143836	9210.0	9304.0	1.02062975027144	19393703.0	19393980.0	0.001428298659611471	18263205.0	17249019.0	-5.553165504083212	8547.0	8737.0	2.223002223002224	16901814	16902006	0.0011359727423387866	864	833	-3.587962962962965	2494355	2494500	0.0058131260386007355	1578	1578	0.0	2045	2016	-1.418092909535451	16902678	16902839	0.0009525117854014553	2495933	2496078	0.005809450814586725	0.3702925083386067	0.3248771379089505	-12.26472839902205	2.700567733564757	3.0780867082135472	13.979244806811941	0.11480022472124485	0.11476266482189691	-0.03271761831402653	0.00046799014740293393	0.0005065215592840381	8.233381000632289	0.09000032765989456	0.1407408433023187	56.37814545983575	0.0012251543747721957	0.0012376441767670881	1.0194472020895073
E06	E07	MHA_SV	1.0002407980736154	0.029077	0.02907	-0.024074010386221367	116306854.0	116275616.0	-0.026858262368611996	46846938.0	46840123.0	-0.014547375540319152	72069854.0	72061446.0	-0.01166645904402408	17363229.0	17361909.0	-0.0076022725957303194	881540.0	880275.0	-0.14349887696530894	18246587.0	18243968.0	-0.014353369208175426	4006916.0	4006892.0	-0.0005989643905635056	2292884.0	2292907.0	0.0010031035150515066	9351.0	9256.0	-1.0159341246925413	4924298.0	4923017.0	-0.026013860249729515	140109.0	140076.0	-0.023553090807870714	18244769.0	18242184.0	-0.01416844466487488	19499034.0	19369071.0	-0.6665099409539965	3085.0	3167.0	2.6580226904376003	17367828	17366464	-0.00785360149813119	1182	1141	-3.4686971235194597	881426	880164	-0.14317707896068788	500	496	-0.8000000000000007	1577	1541	-2.2828154724159777	17369010	17367605	-0.008089119644705267	881926	880660	-0.1435494587981312	0.4027874230008835	0.40283702302639274	0.012314194206886064	2.482699168086503	2.4823934813322333	-0.012312677999792854	0.21959810895045742	0.21962831769930752	0.01375637932150564	0.00015821296583205097	0.00016350810010454296	3.3468396503691045	0.004078269986619472	0.0040367969568761404	-1.016927027376846	0.02845258349514997	0.028453283829814116	0.0024614097495323506
E06	E07	MHA_QKV	1.7703703703703701	0.057599	0.032535	-43.514644351464426	230395470.0	130139200.0	-43.514861642027945	132344259.0	93247415.0	-29.54177558997856	133105401.0	94004788.0	-29.37567724994119	22441254.0	29030335.0	29.361465272840803	4280325.0	4967551.0	16.05546307815411	26749562.0	34012566.0	27.1518614024409	218694.0	247799.0	13.308549845903418	180446.0	217897.0	20.75468561231615	75384.0	92487.0	22.687838268067484	10213198.0	10606564.0	3.8515458135639724	73299.0	73333.0	0.04638535314260839	26721579.0	33997886.0	27.230078731500118	33368628.0	28041905.0	-15.963266454946845	19278.0	19183.0	-0.49278970847598247	22473181	29052172	29.274854325251056	2664	2504	-6.006006006006004	4280960	4968158	16.05242749289879	1261	1352	7.216494845360821	3351	3170	-5.4013727245598275	22475845	29054676	29.270672582054203	4282221	4969510	16.049825546135988	0.5744221403311446	0.7165205795025634	24.737632691090482	1.7408799727383717	1.395633326671844	-19.831731737568404	0.008175610501585035	0.007285513242370482	-10.887226819844065	0.0005777282781899214	0.0006840833388459165	18.409183810288088	0.41776487148509805	0.4244528378086894	1.6008924589127282	0.007176890137643469	0.006913926131026033	-3.6640383449394687
E06	E07	Projection	1.8505113294565871	0.018457	0.009974	-45.96088205017067	73828734.0	39895758.0	-45.961747088877345	43188508.0	30146682.0	-30.197445116650012	43401741.0	30357296.0	-30.055119217452585	7270122.0	9464901.0	30.189025713736296	1264106.0	1491983.0	18.026731935454787	8539847.0	10962164.0	28.364875857846172	53167.0	57758.0	8.635055579588835	45912.0	52846.0	15.10280536678863	17502.0	21106.0	20.591932350588493	3314481.0	3443739.0	3.899796076670836	22269.0	22018.0	-1.1271273968296747	8534228.0	10956884.0	28.38752374555731	10842267.0	9057336.0	-16.46271024316225	3683.0	3362.0	-8.715720879717626	7275964	9471431	30.17424220350733	472	425	-9.957627118644064	1264138	1491993	18.024535295988265	170	195	14.705882352941169	545	501	-8.073394495412845	7276436	9471856	30.17163897270587	1264308	1492188	18.02408906690458	0.5849823728522827	0.7556362759168531	29.172486383220164	1.709453218434867	1.323388026582826	-22.584133200527866	0.00622575556681519	0.005268850201474818	-15.370108175157293	0.000339689107453266	0.00037119082255532976	9.27369009216692	0.38120752744380554	0.3993868977784506	4.768890702800954	0.006718698945626781	0.006393632037735728	-4.838241905490348
E06	E07	FF1	1.8221641375638324	0.07529	0.041319	-45.12020188604063	301159884.0	165277693.0	-45.11961858771336	173273955.0	121113847.0	-30.102682194793783	174224333.0	122054810.0	-29.943878734780405	29159441.0	37939442.0	30.11032001607987	5155225.0	6067706.0	17.700119781386835	34365260.0	44023802.0	28.10554030436552	221869.0	242884.0	9.471805434738512	170759.0	198236.0	16.09109915143565	92060.0	107237.0	16.485987399522052	13350331.0	13868962.0	3.884780085227857	84650.0	84152.0	-0.5883047844063793	34314666.0	44007148.0	28.245887633002177	43576997.0	36444454.0	-16.36767903029206	6482.0	5851.0	-9.734649799444616	29213542	37963820	29.952814348907086	1123	798	-28.940338379341046	5155648	6068074	17.69760076715865	1098	1095	-0.2732240437158473	1843	1548	-16.006511123168742	29214665	37964618	29.95055051974753	5156746	6069169	17.69377432978083	0.575355365059179	0.7327900383991928	27.3630321190836	1.738056270487968	1.3646473718236363	-21.484281320736265	0.006456200244083705	0.005517106405303204	-14.545612020647326	0.00014874820309439865	0.00016054568961302042	7.931179182806569	0.5391223888638373	0.5409562339837366	0.3401537680087774	0.006340666759498323	0.0060676494751373605	-4.305813484867061
E06	E07	FF2	1.871930004093328	0.07317	0.039088	-46.579199125324585	292677880.0	156351640.0	-46.57893517610555	165436643.0	113279084.0	-31.52721069176917	166253672.0	114079267.0	-31.38240760180022	28221730.0	37022338.0	31.1838005678603	3340359.0	4247701.0	27.16300852692779	31568947.0	41276460.0	30.750195754074404	257739.0	339156.0	31.588932990350706	245989.0	332354.0	35.10929350499412	101301.0	111340.0	9.910069989437421	11582235.0	12097220.0	4.4463352712149184	52639.0	51388.0	-2.376564904348488	31562089.0	41270039.0	30.75826191352544	38681567.0	31915594.0	-17.491465637883795	3227.0	1634.0	-49.36473504803223	28228269	37032454	31.189248621656528	1277	830	-35.00391542678152	3340394	4247653	27.16023918136603	203	203	0.0	1377	968	-29.702251270878723	28229546	37033284	31.186254288326133	3340597	4247856	27.15858871932173	0.5652516104052687	0.7245148435923026	28.1756354613208	1.7691236638548087	1.3802339715246992	-21.98205248596039	0.008164320463397148	0.008216693001289355	0.6414806734621248	8.342474853720378e-05	5.1197543119517064e-05	-38.63026977338121	0.41181109724418574	0.3350042424643603	-18.65099199458493	0.0045448050397872254	0.004247918116724338	-6.532445736699555
E06	E08	BLOCK	0.9836538766198789	0.310451	0.31561	1.6617759324337955	1241802312.0	1262438740.0	1.6618126573434866	661040142.0	680717578.0	2.9767384383746043	714318898.0	732426744.0	2.5349806718959256	130832435.0	136923020.0	4.6552561679372495	22975391.0	24920609.0	8.466528382476701	153905172.0	161879309.0	5.181201447862982	7067508.0	8162983.0	15.500159320654472	5178818.0	6138171.0	18.52455521703986	505318.0	454507.0	-10.055252336152677	54088434.0	57022753.0	5.425039667445364	391435.0	366610.0	-6.342049126930394	153807826.0	161843629.0	5.224573553233891	176446214.0	174180843.0	-1.2838875647397052	45694.0	50075.0	9.587692038342022	130942495	136971561	4.604361632180609	8794	18626	111.8035023879918	22976306	24914873	8.437244002582478	4931	12020	143.76394240519167	12060	28740	138.3084577114428	130951289	136990187	4.611560562798278	22981237	24926893	8.46628055748262	0.5323231690037311	0.5392084038865917	1.2934313747317683	1.8785580982160688	1.8545705014833627	-1.2769153509537667	0.045921185806543266	0.05042635189405213	9.810648415065382	0.0002589684355596318	0.0002874885615291229	11.012973804262671	0.09757400240749917	0.07404599839268082	-24.11298443673361	0.0072369445933672255	0.006429188012020395	-11.161569235822977
E06	E08	CODEBOOK	0.9920509025031483	0.224516	0.226315	0.801279196137461	898061968.0	905257218.0	0.8011974959839296	514243365.0	534063348.0	3.854202960887987	516985147.0	535261627.0	3.535204078116383	87092547.0	93204481.0	7.01774630612193	14040015.0	16011670.0	14.043111777302242	101223616.0	109244584.0	7.924008563377138	751469.0	1929050.0	156.70386935455753	643106.0	1678487.0	160.99694296119145	286247.0	167413.0	-41.51449622179446	38460245.0	41421301.0	7.6990045175219235	232857.0	207763.0	-10.77657102857118	101132562.0	109216151.0	7.99306261024022	126469459.0	131571639.0	4.034317882232741	32670.0	35925.0	9.963269054178149	87190956	93241346	6.939240349652787	5536	15164	173.91618497109826	14041140	16006239	13.995295253804185	2732	9929	263.4333821376281	7116	23681	232.78527262507026	87196492	93256510	6.9498415142664305	14043872	16016168	14.043819254405054	0.5726145670606998	0.5899575693855446	3.028739281619841	1.7463754111829912	1.69503715503053	-2.9397033320392785	0.007423850576529493	0.01765808362636998	137.85612930028552	0.0002583232367586865	0.00027304516591147735	5.699034023231664	0.445100807642908	0.0997404209862811	-77.591498538394	0.006054485612351143	0.005015849212461965	-17.154824809069847
E06	E08	OTHER	0.9623719133210142	0.08593499999999998	0.08929500000000001	3.909931925292409	343740344.0	357181522.0	3.910270712942565	146796777.0	146654230.0	-0.09710499297951314	197333751.0	197165117.0	-0.08545623804616653	43739888.0	43718539.0	-0.04880899557858642	8935376.0	8908939.0	-0.29586891474964183	52681556.0	52634725.0	-0.08889448899345176	6316039.0	6233933.0	-1.2999603074015265	4535712.0	4459684.0	-1.676208718719352	219071.0	287094.0	31.05066394000118	15628189.0	15601452.0	-0.1710818828720373	158578.0	158847.0	0.1696326098197698	52675264.0	52627478.0	-0.09071810252341272	49976755.0	42609204.0	-14.741955535128282	13024.0	14150.0	8.645577395577387	43751539	43730215	-0.048738856934837926	3258	3462	6.26151012891345	8935166	8908634	-0.2969390831686791	2199	2091	-4.9113233287858105	4944	5059	2.3260517799352787	43754797	43733677	-0.04826899322604161	8937365	8910725	-0.29807443245296605	0.427057165567973	0.41058739315187753	-3.8565732515437823	2.3416068869141453	2.4355350813951975	4.011270850199544	0.11989089692035672	0.11843764738962728	-1.2121433470422938	0.0002606011534762511	0.0003320878747230293	27.431467701961985	0.04829914244996155	0.06437541314586415	33.28479529953932	0.010146921054000562	0.01018155233243675	0.3412983924077517
E06	E08	MHA_QK	0.9196463913445047	0.04182	0.045474	8.737446197991394	167279744.0	181896620.0	8.737983243207248	61942436.0	61817945.0	-0.2009785343282222	87250654.0	87103074.0	-0.1691448639456583	16899190.0	16880109.0	-0.11291073714183586	2494513.0	2471583.0	-0.9192174985658497	19392915.0	19351565.0	-0.21322219996323666	2226311.0	2230116.0	0.17091053316451443	2166881.0	2170887.0	0.18487401938547254	195020.0	264230.0	35.48866782894062	7517420.0	7493898.0	-0.31289990448850613	9210.0	9197.0	-0.14115092290988285	19393703.0	19351692.0	-0.2166218591673763	18263205.0	15098525.0	-17.328174326466794	8547.0	8915.0	4.305604305604316	16901814	16882676	-0.11323044970202867	864	939	8.680555555555557	2494355	2471347	-0.9224027854896399	1578	1479	-6.273764258555136	2045	2053	0.3911980440097773	16902678	16883615	-0.1127809451259787	2495933	2472826	-0.9257860687766906	0.3702925083386067	0.33985208191334176	-8.220643340002255	2.700567733564757	2.9424565957344586	8.956963351199043	0.11480022472124485	0.11524215224970177	0.38495353953356126	0.00046799014740293393	0.0005904550278917974	26.16826041498319	0.09000032765989456	0.121715225159117	35.238646707010865	0.0012251543747721957	0.0012272651696086602	0.17228807078757402
E06	E08	MHA_SV	1.00863743582628	0.029077	0.028828	-0.8563469408811031	116306854.0	115314197.0	-0.853481085474117	46846938.0	46812337.0	-0.07385968320917646	72069854.0	72027894.0	-0.05822129180391711	17363229.0	17357400.0	-0.03357094466702737	881540.0	874923.0	-0.7506182362683522	18246587.0	18234285.0	-0.06742082779644942	4006916.0	3920081.0	-2.1671280356263978	2292884.0	2211262.0	-3.559796308927965	9351.0	9593.0	2.587958507111532	4924298.0	4918105.0	-0.12576411906833895	140109.0	140028.0	-0.057812131982959425	18244769.0	18232323.0	-0.06821681326850682	19499034.0	15292550.0	-21.57278150291958	3085.0	3095.0	0.32414910858995505	17367828	17362019	-0.03344689963534764	1182	1146	-3.0456852791878153	881426	874793	-0.7525305584359931	500	470	-6.000000000000005	1577	1517	-3.804692454026637	17369010	17363165	-0.033651889198060836	881926	875263	-0.7555055639588804	0.4027874230008835	0.4059546718258811	0.7863326022944372	2.482699168086503	2.4633292074266664	-0.7801976537804123	0.21959810895045742	0.2149840808126011	-2.101123802890892	0.00015821296583205097	0.00020238612919362697	27.92006529254214	0.004078269986619472	0.004338246666383269	6.374680455604054	0.02845258349514997	0.028471941936985892	0.06803755391571187
E06	E08	MHA_QKV	0.9609442776109443	0.057599	0.05994	4.064306671990847	230395470.0	239759593.0	4.064369407957535	132344259.0	138792353.0	4.872212855111457	133105401.0	139341909.0	4.685390640158915	22441254.0	24539697.0	9.350827721124677	4280325.0	4982143.0	16.39637177083515	26749562.0	29532025.0	10.401901160101247	218694.0	628273.0	187.28405900481954	180446.0	550789.0	205.23757800117485	75384.0	65133.0	-13.598376313276027	10213198.0	11137436.0	9.049447587327686	73299.0	71625.0	-2.283796504727209	26721579.0	29521840.0	10.479399439681325	33368628.0	35135403.0	5.29471874000933	19278.0	22019.0	14.218279904554421	22473181	24555041	9.2637530930757	2664	6021	126.01351351351352	4280960	4981058	16.35376177306025	1261	3598	185.32910388580493	3351	8844	163.92121754700088	22475845	24561062	9.277591120600803	4282221	4984656	16.40352050956735	0.5744221403311446	0.5788813338534488	0.7762920697544029	1.7408799727383717	1.7274697619688024	-0.7703121972547744	0.008175610501585035	0.02127429460052265	160.2165868395776	0.0005777282781899214	0.0006266898375977074	8.474842111102344	0.41776487148509805	0.11825399563172104	-71.69364786193154	0.007176890137643469	0.006431013385845719	-10.392756994921172
E06	E08	Projection	0.9823823717266341	0.018457	0.018788	1.7933575337270247	73828734.0	75151789.0	1.7920597148530337	43188508.0	44987059.0	4.164420312922124	43401741.0	45051028.0	3.8000480211150878	7270122.0	7873195.0	8.29522530708564	1264106.0	1433538.0	13.403306368295054	8539847.0	9309543.0	9.012995197689143	53167.0	167315.0	214.6970865386424	45912.0	148888.0	224.2899459836208	17502.0	9398.0	-46.30327962518569	3314481.0	3572799.0	7.793618367400512	22269.0	17767.0	-20.216444384570476	8534228.0	9306733.0	9.05184393948697	10842267.0	11290343.0	4.132678156699154	3683.0	3644.0	-1.0589193592180246	7275964	7876006	8.246907213944432	472	1232	161.0169491525424	1264138	1433144	13.36926822862694	170	595	250.0	545	1719	215.41284403669724	7276436	7877238	8.256816936203393	1264308	1433739	13.401085811368741	0.5849823728522827	0.5986159424627935	2.330594944944342	1.709453218434867	1.6705201600309103	-2.277515288754306	0.00622575556681519	0.017972418194964028	188.67850660185636	0.000339689107453266	0.0003227537019911618	-4.985560352250673	0.38120752744380554	0.06312127236580517	-83.44175604582993	0.006718698945626781	0.004972851817300665	-25.98489889865496
E06	E08	FF1	0.9825390196794904	0.07529	0.076628	1.7771284367113838	301159884.0	306510280.0	1.7765965137640949	173273955.0	180493028.0	4.166277038000321	174224333.0	180853141.0	3.8047544139543366	29159441.0	31576635.0	8.28957592156858	5155225.0	5837028.0	13.225475124752073	34365260.0	37423723.0	8.899868646417918	221869.0	672121.0	202.9359667191	170759.0	576357.0	237.5265725379043	92060.0	60740.0	-34.021290462741696	13350331.0	14388402.0	7.775619945303225	84650.0	66616.0	-21.30419373892498	34314666.0	37413663.0	9.031115150588963	43576997.0	45383253.0	4.1449758458574015	6482.0	7315.0	12.850971922246224	29213542	31589914	8.134487765981957	1123	4613	310.77471059661616	5155648	5833813	13.153826638280975	1098	4735	331.23861566484516	1843	8929	384.4818231144872	29214665	31594527	8.146121134710938	5156746	5838548	13.221554833222338	0.575355365059179	0.5888645170400157	2.3479666309268454	1.738056270487968	1.6981834888381395	-2.294101884206201	0.006456200244083705	0.017959757771828313	178.17845006102732	0.00014874820309439865	0.0001611828045909358	8.3594969470965	0.5391223888638373	0.10538607148000284	-80.45229178812318	0.006340666759498323	0.004629840061460612	-26.981810634897208
E06	E08	FF2	1.0311588382023422	0.07317	0.070959	-3.0217302173021765	292677880.0	283835556.0	-3.021179461871193	165436643.0	169790908.0	2.6319834113171625	166253672.0	170015549.0	2.262733180413612	28221730.0	29214954.0	3.519359018741941	3340359.0	3758961.0	12.531647047517946	31568947.0	32979293.0	4.467510430423927	257739.0	461341.0	78.99541784518446	245989.0	402453.0	63.606096207553996	101301.0	32142.0	-68.27079693191578	11582235.0	12322664.0	6.3927989718737255	52639.0	51755.0	-1.6793632097874212	31562089.0	32973915.0	4.473170327857567	38681567.0	39762640.0	2.79480146189528	3227.0	2947.0	-8.676789587852497	28228269	29220385	3.5146186257471124	1277	3298	158.26155050900547	3340394	3758224	12.50840469717045	203	1001	393.1034482758621	1377	4189	204.21205519244734	28229546	29223683	3.5216188032212825	3340597	3759225	12.531532537447653	0.5652516104052687	0.5982016854858029	5.829275755076568	1.7691236638548087	1.6716770016919869	-5.508188271615322	0.008164320463397148	0.013988808068141425	71.3407518832342	8.342474853720378e-05	7.411479720662411e-05	-11.159699602124473	0.41181109724418574	0.07986522649849796	-80.6063442600379	0.0045448050397872254	0.004199984678637672	-7.587132080052816
E07	E09	BLOCK	1.083493558203261	0.214704	0.198159	-7.705957970042476	858815036.0	792637664.0	-7.705660616775689	504590500.0	521043372.0	3.2606384781322717	557838412.0	573072165.0	2.7308540739213294	157198422.0	163037028.0	3.7141632375928157	25711564.0	28306629.0	10.092987731123637	182959416.0	191363875.0	4.593619275654004	7203484.0	11819589.0	64.08156108905081	5337885.0	8811682.0	65.07815361327567	661097.0	198794.0	-69.92967749059518	55645752.0	61022298.0	9.662096039244839	389784.0	390298.0	0.13186790632759848	182909986.0	191343657.0	4.610831362700996	154293451.0	190724120.0	23.61128665143408	43803.0	57219.0	30.628039175398936	157273034	163075643	3.689512977793763	7858	20306	158.41180962076865	25712315	28298759	10.059164256505104	5055	16067	217.8437190900099	11185	33955	203.5762181493071	157280892	163095949	3.6972431463575317	25717370	28314826	10.100006338128665	0.5875426941174328	0.6573537893349464	11.881876145592996	1.702003973519121	1.521250833606228	-10.62001867946064	0.039372032101370504	0.06176499613628748	56.87530675902679	0.0002838940973586753	0.00030000924896127456	5.67646589081392	0.1238499892747783	0.022560278503014522	-81.78419018433549	0.007004739553164813	0.006395989872423356	-8.690539828371168
E07	E09	CODEBOOK	0.9998698467445419	0.12291600000000001	0.12293199999999999	0.013017019753314152	491664291.0	491724988.0	0.012345212192754751	357787028.0	373941453.0	4.515095220277243	360496161.0	375349049.0	4.120123764646699	113457016.0	119235532.0	5.0931323630087455	16774941.0	19315136.0	15.142795435167255	130274992.0	138565534.0	6.363878341285956	887597.0	5400495.0	508.43997895441294	801333.0	4480491.0	459.1297250955595	332170.0	167921.0	-49.447270975705216	40016485.0	45352663.0	13.334949334005719	230891.0	228552.0	-1.0130321233828954	130231957.0	138550668.0	6.387611145242955	105459289.0	141800013.0	34.459481326486085	30030.0	40325.0	34.282384282384285	113519877	119261456	5.057774155269734	4557	16584	263.9236339697169	16775878	19307608	15.091490293384346	2845	13813	385.518453427065	6187	28565	361.6938742524648	113524434	119278040	5.068165325536889	16778723	19321421	15.154299883250943	0.7277059460069676	0.7604686809204824	4.5021942026568285	1.3741814334308398	1.3149785455853165	-4.3082293505970926	0.0068132569910271034	0.038974302224390085	472.03628566658074	0.0002847544325848812	0.0002843793815449086	-0.13171034303769424	0.41452180304567515	0.03747825852122011	-90.95867617918991	0.005769897081165425	0.0050394394701806155	-12.659803124898527
E07	E09	OTHER	1.220147021681045	0.091788	0.07522700000000002	-18.04266352900159	367150745.0	300912676.0	-18.04110978993111	146803472.0	147101919.0	0.20329696289471677	197342251.0	197723116.0	0.1929971904496064	43741406.0	43801496.0	0.13737555669792734	8936623.0	8991493.0	0.6139903182667439	52684424.0	52798341.0	0.21622519779280758	6315887.0	6419094.0	1.6340856003281834	4536552.0	4331191.0	-4.526808025125694	328927.0	30873.0	-90.61402682054073	15629267.0	15669635.0	0.25828466555726237	158893.0	161746.0	1.7955479473608094	52678029.0	52792989.0	0.21823139965999605	48834162.0	48924107.0	0.18418458783013847	13773.0	16894.0	22.660277354243807	43753157	43814187	0.1394870774696244	3301	3722	12.753710996667667	8936437	8991151	0.6122574354857635	2210	2254	1.9909502262443368	4998	5390	7.843137254901955	43756458	43817909	0.14043869821456223	8938647	8993405	0.6125983048665073	0.399845224336941	0.488852516801253	22.260436550645778	2.5009677223437876	2.0456067333832673	-18.207391678521056	0.11988148527542031	0.12157757002251264	1.4148012457434023	0.0002820361696797418	0.0003453103395428352	22.43477137522558	0.07250594724804213	0.0071280624659591325	-90.16899614927573	0.01016637568479699	0.010322257027684436	1.5333029952901978
E07	E09	MHA_QK	1.508242888333386	0.047665	0.031603	-33.69768173712367	190667030.0	126415569.0	-33.69825449108848	61943359.0	61715367.0	-0.36806528364081714	87251690.0	86981341.0	-0.3098495857214889	16899321.0	16862530.0	-0.21770697177715403	2494659.0	2452992.0	-1.670248318507661	19393206.0	19315152.0	-0.4024811575765286	2225616.0	2231780.0	0.27695703122192494	2166720.0	2169877.0	0.1457041057450814	304946.0	7893.0	-97.41167288634709	7517508.0	7474220.0	-0.5758291178406427	9304.0	7360.0	-20.89423903697335	19393980.0	19315522.0	-0.404548215477174	17249019.0	17150065.0	-0.5736790016869997	8737.0	6558.0	-24.939910724504976	16902006	16864377	-0.2226303789029549	833	827	-0.7202881152461038	2494500	2452482	-1.684425736620565	1578	1460	-7.477820025348548	2016	2013	-0.14880952380952328	16902839	16865204	-0.22265490430335433	2496078	2453942	-1.688088272882493	0.3248771379089505	0.4881943536559172	50.27045510131822	3.0780867082135472	2.048364534557495	-33.45331926187616	0.11476266482189691	0.11554555718743502	0.6821838502557354	0.0005065215592840381	0.00038238922126534216	-24.506822215851088	0.1407408433023187	0.003637533371707244	-97.4154386982792	0.0012376441767670881	0.0009847181378123738	-20.436086857807144
E07	E09	MHA_SV	1.0167179630665921	0.02907	0.028592	-1.6443068455452292	116275616.0	114361477.0	-1.6462084363414564	46840123.0	47348397.0	1.0851252461484773	72061446.0	72690820.0	0.8733851940745163	17361909.0	17455525.0	0.5392033790754258	880275.0	973883.0	10.633949618017091	18243968.0	18429400.0	1.0164016950698462	4006892.0	4103442.0	2.4095982621942458	2292907.0	2082488.0	-9.176953099275288	9256.0	9173.0	-0.8967156439066537	4923017.0	5002964.0	1.6239432039336865	140076.0	143844.0	2.689968302921275	18242184.0	18429408.0	1.0263244795688964	19369071.0	19548859.0	0.928222112459598	3167.0	7112.0	124.56583517524473	17366464	17461459	0.547002544674613	1141	1459	27.870289219982467	880164	973931	10.653355511018404	496	641	29.233870967741925	1541	1854	20.311486048020754	17367605	17462918	0.5487976033540676	880660	974572	10.663820316580752	0.40283702302639274	0.41402400740242273	2.7770497090822355	2.4823934813322333	2.415318875526029	-2.702013452364005	0.21962831769930752	0.22265738439667054	1.3791785727331085	0.00016350810010454296	0.00036380639913562217	122.50053599975384	0.0040367969568761404	0.0044048273027263544	9.116890192441396	0.028453283829814116	0.028751755959067465	1.0489900956198284
E07	E09	MHA_QKV	0.9641142653944172	0.032535	0.033746	3.7221453818964134	130139200.0	134985186.0	3.7236943211576445	93247415.0	98996640.0	6.165559656533115	94004788.0	99689694.0	6.047464305754291	29030335.0	30889002.0	6.4024993166630795	4967551.0	5889114.0	18.5516565406173	34012566.0	36783821.0	8.14773869163532	247799.0	1352572.0	445.8343254008289	217897.0	1125158.0	416.371496624552	92487.0	61682.0	-33.30738374041757	10606564.0	12210549.0	15.122569382506912	73333.0	80312.0	9.516861440279278	33997886.0	36778116.0	8.177655516581229	28041905.0	37965526.0	35.38854082844942	19183.0	26006.0	35.56795078976176	29052172	30902096	6.367592756920204	2504	7381	194.76837060702877	4968158	5887621	18.507120747770102	1352	5238	287.4260355029586	3170	11518	263.3438485804416	29054676	30909477	6.383829577036071	4969510	5892859	18.580282563069606	0.7165205795025634	0.7333889216554474	2.3542020474268455	1.395633326671844	1.363533004756525	-2.3000541260983054	0.007285513242370482	0.036770840092985445	404.7117323064716	0.0006840833388459165	0.000684989851055929	0.13251487918735094	0.4244528378086894	0.054820745175344264	-87.08437303461893	0.006913926131026033	0.006577263643100732	-4.869338803238554
E07	E09	Projection	0.9435247374893576	0.009974	0.010571	5.98556246240225	39895758.0	42281026.0	5.978750923845078	30146682.0	31786990.0	5.441089669503274	30357296.0	31907198.0	5.105533773495496	9464901.0	10013636.0	5.797577808790599	1491983.0	1746371.0	17.050328321435295	10962164.0	11761466.0	7.291461795317056	57758.0	586449.0	915.3554485958655	52846.0	487717.0	822.9023956401619	21106.0	10424.0	-50.611200606462624	3443739.0	3939631.0	14.399813690874952	22018.0	20871.0	-5.2093741484240175	10956884.0	11760007.0	7.3298485226274135	9057336.0	12233787.0	35.07047767687983	3362.0	5407.0	60.82688875669244	9471431	10016607	5.756004557283889	425	1397	228.7058823529412	1491993	1745857	17.015093234351642	195	1171	500.5128205128205	501	2332	365.46906187624757	9471856	10018004	5.766008267017564	1492188	1747028	17.07827699994906	0.7556362759168531	0.7518027116938931	-0.5073292991801592	1.323388026582826	1.3301361972303762	0.509916253736642	0.005268850201474818	0.04986189646766823	846.352516412618	0.00037119082255532976	0.00044197271049430564	19.068867988627368	0.3993868977784506	0.021373050355021458	-94.64853492342716	0.006393632037735728	0.005297704277380293	-17.14092637623157
E07	E09	FF1	0.9625859056493885	0.041319	0.042925	3.8868317239042494	165277693.0	171699745.0	3.885613287208689	121113847.0	126457475.0	4.412070239994947	122054810.0	126807409.0	3.893823602691282	37939442.0	39940812.0	5.275169835128302	6067706.0	6862509.0	13.098904264643018	44023802.0	46807928.0	6.324138019701242	242884.0	2342334.0	864.3838210833154	198236.0	1937479.0	877.35981355556	107237.0	60415.0	-43.66216884097839	13868962.0	15620207.0	12.627080527007006	84152.0	71591.0	-14.926561460214849	44007148.0	46803321.0	6.353906415385069	36444454.0	48623083.0	33.416961055309	5851.0	5935.0	1.4356520252948313	37963820	39947292	5.224637562816392	798	4614	478.19548872180457	6068074	6858166	13.020474041681096	1095	5790	428.7671232876712	1548	10036	548.3204134366925	37964618	39951906	5.23457920740833	6069169	6863956	13.09548308837667	0.7327900383991928	0.7365035690647065	0.5067659862879825	1.3646473718236363	1.3577666721559956	-0.5042108173663795	0.005517106405303204	0.050041394697069266	807.0224683172326	0.00016054568961302042	0.0001220613674373548	-23.97094700482354	0.5409562339837366	0.031182273459480075	-94.2357123366809	0.0060676494751373605	0.004583229914942868	-24.464491007218037
E07	E09	FF2	1.0952087419445222	0.039088	0.03569	-8.693205075726562	156351640.0	142759031.0	-8.693614598478149	113279084.0	116700348.0	3.020208037699179	114079267.0	116944748.0	2.511833285184073	37022338.0	38392082.0	3.699777145354788	4247701.0	4817142.0	13.405863548305309	41276460.0	43212319.0	4.689983104171236	339156.0	1119140.0	229.97794525233223	332354.0	930137.0	179.86333848847914	111340.0	35400.0	-68.2054966768457	12097220.0	13582276.0	12.276010521425572	51388.0	55778.0	8.542850470927066	41270039.0	43209224.0	4.698771910537802	31915594.0	42977617.0	34.660244769375126	1634.0	2977.0	82.19094247246022	37032454	38395461	3.680574341630183	830	3192	284.5783132530121	4247653	4815964	13.379412112995116	203	1614	695.0738916256157	968	4679	383.36776859504135	37033284	38398653	3.686869897900502	4247856	4817578	13.411989483635978	0.7245148435923026	0.8174638562796073	12.829138493069813	1.3802339715246992	1.2232956751765642	-11.370412523231144	0.008216693001289355	0.02589863321151545	215.19533719285192	5.1197543119517064e-05	6.92686148699217e-05	35.29675576075788	0.3350042424643603	0.03805890960148881	-88.63927533528542	0.004247918116724338	0.004106675493856847	-3.3249845921325516
E08	E09	BLOCK	1.5927109038701246	0.31561	0.198159	-37.21396660435347	1262438740.0	792637664.0	-37.21377213123228	680717578.0	521043372.0	-23.456747873198015	732426744.0	573072165.0	-21.757067215994507	136923020.0	163037028.0	19.07203624343079	24920609.0	28306629.0	13.58722814518698	161879309.0	191363875.0	18.21391886470185	8162983.0	11819589.0	44.79497262214069	6138171.0	8811682.0	43.55549886114285	454507.0	198794.0	-56.26161973302941	57022753.0	61022298.0	7.013945819136436	366610.0	390298.0	6.461362210523447	161843629.0	191343657.0	18.227487966177524	174180843.0	190724120.0	9.497759176650678	50075.0	57219.0	14.266600099850235	136971561	163075643	19.058030593664622	18626	20306	9.019649951680453	24914873	28298759	13.581791085188355	12020	16067	33.66888519134776	28740	33955	18.14544189283229	136990187	163095949	19.056665715771317	24926893	28314826	13.591477285195541	0.5392084038865917	0.6573537893349464	21.910894673890024	1.8545705014833627	1.521250833606228	-17.972876610003862	0.05042635189405213	0.06176499613628748	22.485553319538788	0.0002874885615291229	0.00030000924896127456	4.3551949912564725	0.07404599839268082	0.022560278503014522	-69.53207601662304	0.006429188012020395	0.006395989872423356	-0.5163659786425523
E08	E09	CODEBOOK	1.8409771255653533	0.226315	0.12293199999999999	-45.68101981751099	905257218.0	491724988.0	-45.68118560972357	534063348.0	373941453.0	-29.981816876150802	535261627.0	375349049.0	-29.875591660898195	93204481.0	119235532.0	27.928969423691118	16011670.0	19315136.0	20.631614316308045	109244584.0	138565534.0	26.839728731998292	1929050.0	5400495.0	179.956196055053	1678487.0	4480491.0	166.9362944127658	167413.0	167921.0	0.30344119034961814	41421301.0	45352663.0	9.491160115902675	207763.0	228552.0	10.006112734221206	109216151.0	138550668.0	26.859138260603956	131571639.0	141800013.0	7.773996035726216	35925.0	40325.0	12.247738343771752	93241346	119261456	27.906193031576354	15164	16584	9.364283830123977	16006239	19307608	20.625513588794963	9929	13813	39.117735925067976	23681	28565	20.624129048604356	93256510	119278040	27.903178019421926	16016168	19321421	20.636977584151218	0.5899575693855446	0.7604686809204824	28.90226693972744	1.69503715503053	1.3149785455853165	-22.421845345234825	0.01765808362636998	0.038974302224390085	120.71648911089756	0.00027304516591147735	0.0002843793815449086	4.151040578065346	0.0997404209862811	0.03747825852122011	-62.42420259447763	0.005015849212461965	0.0050394394701806155	0.4703143320186065
E08	E09	OTHER	1.1870073244978532	0.08929500000000001	0.07522700000000002	-15.7545215297609	357181522.0	300912676.0	-15.753571373157428	146654230.0	147101919.0	0.30526838537150436	197165117.0	197723116.0	0.2830110155844556	43718539.0	43801496.0	0.18975245261512175	8908939.0	8991493.0	0.9266423308095462	52634725.0	52798341.0	0.3108518188325249	6233933.0	6419094.0	2.9702115823188935	4459684.0	4331191.0	-2.8812131083727044	287094.0	30873.0	-89.24637923467576	15601452.0	15669635.0	0.43702983542814877	158847.0	161746.0	1.8250265979212754	52627478.0	52792989.0	0.3144954048529547	42609204.0	48924107.0	14.820513896481135	14150.0	16894.0	19.392226148409897	43730215	43814187	0.19202283821380117	3462	3722	7.510109763142703	8908634	8991151	0.9262587283302981	2091	2254	7.795313247250113	5059	5390	6.542795018778413	43733677	43817909	0.19260214502430095	8910725	8993405	0.9278706278108784	0.41058739315187753	0.488852516801253	19.061745429778696	2.4355350813951975	2.0456067333832673	-16.009966392623653	0.11843764738962728	0.12157757002251264	2.6511187127483904	0.0003320878747230293	0.0003453103395428352	3.9816162607062333	0.06437541314586415	0.0071280624659591325	-88.92735266831126	0.01018155233243675	0.010322257027684436	1.3819571972284006
E08	E09	MHA_QK	1.4389140271493213	0.045474	0.031603	-30.503144654088054	181896620.0	126415569.0	-30.501419432642564	61817945.0	61715367.0	-0.16593563567990355	87103074.0	86981341.0	-0.13975740970978423	16880109.0	16862530.0	-0.10414032279056906	2471583.0	2452992.0	-0.7521899932148801	19351565.0	19315152.0	-0.18816565998667212	2230116.0	2231780.0	0.07461495276479546	2170887.0	2169877.0	-0.04652476153756968	264230.0	7893.0	-97.01282973167316	7493898.0	7474220.0	-0.26258697409545784	9197.0	7360.0	-19.973904534087204	19351692.0	19315522.0	-0.18690872095318278	15098525.0	17150065.0	13.587684889749173	8915.0	6558.0	-26.438586651710605	16882676	16864377	-0.10838921507466681	939	827	-11.927582534611291	2471347	2452482	-0.7633488943479039	1479	1460	-1.284651791751179	2053	2013	-1.9483682415976644	16883615	16865204	-0.10904655193807455	2472826	2453942	-0.763660686194656	0.33985208191334176	0.4881943536559172	43.649069591517446	2.9424565957344586	2.048364534557495	-30.3859048413182	0.11524215224970177	0.11554555718743502	0.26327600778910387	0.0005904550278917974	0.00038238922126534216	-35.23821405490409	0.121715225159117	0.003637533371707244	-97.01143931093917	0.0012272651696086602	0.0009847181378123738	-19.76321318347425
E08	E09	MHA_SV	1.0082540570789031	0.028828	0.028592	-0.8186485361454165	115314197.0	114361477.0	-0.8261948873476532	46812337.0	47348397.0	1.1451254826265078	72027894.0	72690820.0	0.9203739873332895	17357400.0	17455525.0	0.5653208429833967	874923.0	973883.0	11.310709628161565	18234285.0	18429400.0	1.0700446987638834	3920081.0	4103442.0	4.67747987860454	2211262.0	2082488.0	-5.823552342508487	9593.0	9173.0	-4.378192431981653	4918105.0	5002964.0	1.7254409981080077	140028.0	143844.0	2.7251692518639237	18232323.0	18429408.0	1.0809648337186673	15292550.0	19548859.0	27.832565530274557	3095.0	7112.0	129.78998384491115	17362019	17461459	0.5727444486727018	1146	1459	27.312390924956365	874793	973931	11.332738144909715	470	641	36.38297872340426	1517	1854	22.21489782465391	17363165	17462918	0.5745093132502044	875263	974572	11.346189659565177	0.4059546718258811	0.41402400740242273	1.9877430010222241	2.4633292074266664	2.415318875526029	-1.9490018530974873	0.2149840808126011	0.22265738439667054	3.569242687675178	0.00020238612919362697	0.00036380639913562217	79.75856378356893	0.004338246666383269	0.0044048273027263544	1.5347360688135359	0.028471941936985892	0.028751755959067465	0.9827711179688947
E08	E09	MHA_QKV	1.7762105138386772	0.05994	0.033746	-43.700367033700374	239759593.0	134985186.0	-43.69977680100583	138792353.0	98996640.0	-28.672842660142805	139341909.0	99689694.0	-28.456776058665877	24539697.0	30889002.0	25.873607974866196	4982143.0	5889114.0	18.204435320302935	29532025.0	36783821.0	24.555701818618946	628273.0	1352572.0	115.28412011975684	550789.0	1125158.0	104.28113124989787	65133.0	61682.0	-5.298389449280705	11137436.0	12210549.0	9.635188924991356	71625.0	80312.0	12.128446771378698	29521840.0	36778116.0	24.57934871268186	35135403.0	37965526.0	8.054904052189183	22019.0	26006.0	18.107089331940607	24555041	30902096	25.848276938328052	6021	7381	22.587610031556228	4981058	5887621	18.200209674330225	3598	5238	45.58087826570316	8844	11518	30.235187697874256	24561062	30909477	25.847477604999327	4984656	5892859	18.219973454537275	0.5788813338534488	0.7333889216554474	26.690718592269256	1.7274697619688024	1.363533004756525	-21.067619545334182	0.02127429460052265	0.036770840092985445	72.84164191315693	0.0006266898375977074	0.000684989851055929	9.302849665107594	0.11825399563172104	0.054820745175344264	-53.64152823548325	0.006431013385845719	0.006577263643100732	2.27414014682199
E08	E09	Projection	1.7773152965660768	0.018788	0.010571	-43.73536299765808	75151789.0	42281026.0	-43.73916235047977	44987059.0	31786990.0	-29.341924752182624	45051028.0	31907198.0	-29.175427473042348	7873195.0	10013636.0	27.18643447799782	1433538.0	1746371.0	21.822442097802774	9309543.0	11761466.0	26.337737523743108	167315.0	586449.0	250.5059319248125	148888.0	487717.0	227.57307506313472	9398.0	10424.0	10.917216429027455	3572799.0	3939631.0	10.267356210075063	17767.0	20871.0	17.470591546124847	9306733.0	11760007.0	26.360206100250227	11290343.0	12233787.0	8.356203172923982	3644.0	5407.0	48.38090010976948	7876006	10016607	27.178762941521374	1232	1397	13.392857142857139	1433144	1745857	21.820068325304366	595	1171	96.80672268907561	1719	2332	35.66026759744037	7877238	10018004	27.176606825895067	1433739	1747028	21.851187698737352	0.5986159424627935	0.7518027116938931	25.59015862505547	1.6705201600309103	1.3301361972303762	-20.375926669106214	0.017972418194964028	0.04986189646766823	177.43565683130953	0.0003227537019911618	0.00044197271049430564	36.93807623821104	0.06312127236580517	0.021373050355021458	-66.13970290212349	0.004972851817300665	0.005297704277380293	6.532518402206522
E08	E09	FF1	1.7851601630751313	0.076628	0.042925	-43.98261732003967	306510280.0	171699745.0	-43.982386169886375	180493028.0	126457475.0	-29.937750836558628	180853141.0	126807409.0	-29.883767404404658	31576635.0	39940812.0	26.48850012042132	5837028.0	6862509.0	17.568546870085267	37423723.0	46807928.0	25.075551676138687	672121.0	2342334.0	248.49885660468877	576357.0	1937479.0	236.15953306717884	60740.0	60415.0	-0.5350675008231831	14388402.0	15620207.0	8.561096638806731	66616.0	71591.0	7.468175813618361	37413663.0	46803321.0	25.096869023490154	45383253.0	48623083.0	7.138822772356135	7315.0	5935.0	-18.86534518113465	31589914	39947292	26.45584283641924	4613	4614	0.02167786689790674	5833813	6858166	17.558893300145193	4735	5790	22.280887011615636	8929	10036	12.397804905364552	31594527	39951906	26.451983281788017	5838548	6863956	17.562722786555838	0.5888645170400157	0.7365035690647065	25.071820045604486	1.6981834888381395	1.3577666721559956	-20.04593843478303	0.017959757771828313	0.050041394697069266	178.63067716628245	0.0001611828045909358	0.0001220613674373548	-24.27147067757438	0.10538607148000284	0.031182273459480075	-70.41139021355687	0.004629840061460612	0.004583229914942868	-1.0067334054524424
E08	E09	FF2	1.9882039787055197	0.070959	0.03569	-49.70334982172804	283835556.0	142759031.0	-49.70361253824027	169790908.0	116700348.0	-31.26819959052224	170015549.0	116944748.0	-31.215263140431937	29214954.0	38392082.0	31.412433509222716	3758961.0	4817142.0	28.150890631746385	32979293.0	43212319.0	31.02863969824945	461341.0	1119140.0	142.58411890553845	402453.0	930137.0	131.11692545464936	32142.0	35400.0	10.136270300541339	12322664.0	13582276.0	10.221913053865617	51755.0	55778.0	7.773162013332047	32973915.0	43209224.0	31.040624081186596	39762640.0	42977617.0	8.085421390531412	2947.0	2977.0	1.0179843909060127	29220385	38395461	31.39957259290047	3298	3192	-3.214069132807762	3758224	4815964	28.14467684736195	1001	1614	61.23876123876124	4189	4679	11.697302458820724	29223683	38398653	31.395666316254523	3759225	4817578	28.1534890835212	0.5982016854858029	0.8174638562796073	36.65355282570633	1.6716770016919869	1.2232956751765642	-26.822246526188597	0.013988808068141425	0.02589863321151545	85.13824112361547	7.411479720662411e-05	6.92686148699217e-05	-6.538751395611008	0.07986522649849796	0.03805890960148881	-52.346081930657775	0.004199984678637672	0.004106675493856847	-2.221655361159347
E05	E07	BLOCK	1.6025132275132274	0.344066	0.214704	-37.59801898472966	1376265872.0	858815036.0	-37.598173908653024	542547624.0	504590500.0	-6.996090724747139	668942828.0	557838412.0	-16.608955406873726	120084700.0	157198422.0	30.906286979107243	12298352.0	25711564.0	109.06511701730443	132390676.0	182959416.0	38.19660230453088	7623538.0	7203484.0	-5.509961385383011	5778833.0	5337885.0	-7.630398732754518	1325305.0	661097.0	-50.117369209351814	48418303.0	55645752.0	14.927101017976607	1370741.0	389784.0	-71.56399348965267	132383052.0	182909986.0	38.16722249310283	166940718.0	154293451.0	-7.575903081955115	43391.0	43803.0	0.9495056578553207	120104741	157273034	30.946566047713308	7897	7858	-0.4938584272508595	12299231	25712315	109.0562816488283	4863	5055	3.948180135718693	11104	11185	0.7294668587896291	120112638	157280892	30.94449894606428	12304094	25717370	109.01473932172495	0.39421716038890486	0.5875426941174328	49.040364843023966	2.5366729317756627	1.702003973519121	-32.90408265886592	0.05758364735595126	0.039372032101370504	-31.626366322380218	0.0002599186137440717	0.0002838940973586753	9.22422725684855	0.22933782651272325	0.1238499892747783	-45.99670226319715	0.028310389151804845	0.007004739553164813	-75.25735334966865
E05	E07	CODEBOOK	2.1122229815483746	0.259626	0.12291600000000001	-52.65651360033279	1038505689.0	491664291.0	-52.65656257757871	395734631.0	357787028.0	-9.589153949986251	471589557.0	360496161.0	-23.55722139114289	76341947.0	113457016.0	48.61687507131565	3360118.0	16774941.0	399.23666371240535	79703205.0	130274992.0	63.450129765798	1306834.0	887597.0	-32.08035603603824	1242466.0	801333.0	-35.504633527195104	1133977.0	332170.0	-70.70751875919882	32786947.0	40016485.0	22.050049368732004	1211699.0	230891.0	-80.94485511665852	79702065.0	130231957.0	63.39847279992055	124518661.0	105459289.0	-15.306438285583557	30035.0	30030.0	-0.01664724488097402	76350061	113519877	48.68341362556343	4551	4557	0.13183915622940745	3361201	16775878	399.1036834750436	2650	2845	7.358490566037745	6094	6187	1.5260912372825786	76354612	113524434	48.68051978314028	3363851	16778723	398.79507148206034	0.3810615918542166	0.7277059460069676	90.96806436618448	2.6242476843023628	1.3741814334308398	-47.6352235480335	0.016396254077862993	0.0068132569910271034	-58.44625876939868	0.00024120882571970477	0.0002847544325848812	18.05307361173356	0.9126825200850567	0.41452180304567515	-54.58203768304403	0.03695674989196158	0.005769897081165425	-84.38743369470261
E05	E07	OTHER	0.9199459624351763	0.08443999999999996	0.091788	8.702036949313175	337760183.0	367150745.0	8.701606488648771	146812993.0	146803472.0	-0.0064851208366856206	197353271.0	197342251.0	-0.005583895287952778	43742753.0	43741406.0	-0.0030793672268436545	8938234.0	8936623.0	-0.018023694613500396	52687471.0	52684424.0	-0.005783158580530134	6316704.0	6315887.0	-0.01293396049585338	4536367.0	4536552.0	0.00407815328873351	191328.0	328927.0	71.91785833751463	15631356.0	15629267.0	-0.01336416367204718	159042.0	158893.0	-0.09368594459324697	52680987.0	52678029.0	-0.005614928968589172	42422057.0	48834162.0	15.115026128978148	13356.0	13773.0	3.12219227313566	43754680	43753157	-0.0034807705141526313	3346	3301	-1.3448894202032324	8938030	8936437	-0.017822719324056546	2213	2210	-0.13556258472661176	5010	4998	-0.23952095808382756	43758026	43756458	-0.003583342630675279	8940243	8938647	-0.017851863758067132	0.4346663709617898	0.399845224336941	-8.0110054402874	2.3006150620469947	2.5009677223437876	8.708656376374723	0.11989005887187107	0.11988148527542031	-0.007151215481449036	0.00031483621833802163	0.0002820361696797418	-10.418130681224314	0.04217648175290932	0.07250594724804213	71.9108475496316	0.010174549156196045	0.01016637568479699	-0.08033251669021801
E05	E07	MHA_QK	0.8447498164271479	0.040265	0.047665	18.37824413262137	161054719.0	190667030.0	18.386490742938122	61944434.0	61943359.0	-0.0017354263015745275	87253163.0	87251690.0	-0.0016881909484456337	16899432.0	16899321.0	-0.0006568268093309904	2494790.0	2494659.0	-0.005250942965140393	19393401.0	19393206.0	-0.0010054966635308915	2226838.0	2225616.0	-0.054876017025040635	2166907.0	2166720.0	-0.008629811985472191	166853.0	304946.0	82.76327066339833	7517580.0	7517508.0	-0.0009577550222239495	9188.0	9304.0	1.262516325642138	19394222.0	19393980.0	-0.0012477943172939376	15152429.0	17249019.0	13.83665945572159	8390.0	8737.0	4.135876042908215	16902069	16902006	-0.0003727354325633314	855	833	-2.5730994152046827	2494627	2494500	-0.005090941451368902	1580	1578	-0.12658227848101333	2040	2016	-1.17647058823529	16902924	16902839	-0.0005028715741706158	2496207	2496078	-0.0051678406478350425	0.3846173175465911	0.3248771379089505	-15.532368645986383	2.5999869334507117	3.0780867082135472	18.388545288891113	0.11482452201137902	0.11476266482189691	-0.053871062033228334	0.000553706603739902	0.0005065215592840381	-8.521669081994288	0.07700053578672274	0.1407408433023187	82.77904415125738	0.0012222018255874897	0.0012376441767670881	1.2634861817667264
E05	E07	MHA_SV	1.000997592019264	0.029099	0.02907	-0.09965978212309601	116396925.0	116275616.0	-0.10422010718925678	46857191.0	46840123.0	-0.03642557233104471	72081824.0	72061446.0	-0.02827064975492455	17364997.0	17361909.0	-0.01778289970335578	883375.0	880275.0	-0.35092684307344024	18250342.0	18243968.0	-0.034925372905336705	4006861.0	4006892.0	0.0007736729574547851	2293312.0	2292907.0	-0.017660048000445183	9563.0	9256.0	-3.210289658057097	4926587.0	4923017.0	-0.07246395932924976	140565.0	140076.0	-0.34788176288549355	18248372.0	18242184.0	-0.0339098742616617	15043929.0	19369071.0	28.750082508365992	3539.0	3167.0	-10.51144391070924	17369812	17366464	-0.019274820015324767	1239	1141	-7.909604519774016	883284	880164	-0.35322727457985925	507	496	-2.1696252465483234	1605	1541	-3.987538940809965	17371051	17367605	-0.019837602226835394	883791	880660	-0.35426927859640855	0.40256382202536706	0.40283702302639274	0.06786526410922367	2.4840781642245693	2.4823934813322333	-0.06781923840395443	0.21954991309203958	0.21962831769930752	0.035711518243730644	0.0002352443965934697	0.00016350810010454296	-30.494369909645748	0.004169951580944939	0.0040367969568761404	-3.193193529566707	0.028531922809847874	0.028453283829814116	-0.275617526928873
E05	E07	MHA_QKV	1.6299062548025203	0.053029	0.032535	-38.64677817797808	212118576.0	130139200.0	-38.64790040830748	104230520.0	93247415.0	-10.537321506215259	123258784.0	94004788.0	-23.73380220917968	19541616.0	29030335.0	48.556470457714454	1405000.0	4967551.0	253.5623487544484	20947714.0	34012566.0	62.36886755280313	134249.0	247799.0	84.58163561739754	107078.0	217897.0	103.49371486206316	48463.0	92487.0	90.84043497100882	8976250.0	10606564.0	18.162528895696983	412059.0	73333.0	-82.20327671522767	20946616.0	33997886.0	62.30729584196322	33530393.0	28041905.0	-16.36869570839805	16411.0	19183.0	16.89110962159528	19545851	29052172	48.63600464364535	2364	2504	5.922165820642977	1405504	4968158	253.4787521060061	1201	1352	12.572855953372187	3072	3170	3.190104166666674	19548215	29054676	48.63083918403803	1406705	4969510	253.27307431195595	0.4913785580005025	0.7165205795025634	45.81844645769642	2.03509083519875	1.395633326671844	-31.42157084425451	0.0064087661307577525	0.007285513242370482	13.680435418058634	0.0004894365538751663	0.0006840833388459165	39.76956429380141	0.4525953043575711	0.4244528378086894	-6.218020001075364	0.04590547277537947	0.006913926131026033	-84.9387758952911
E05	E07	Projection	1.6829757369159815	0.016786	0.009974	-40.58143691171213	67146081.0	39895758.0	-40.5836388277076	33805862.0	30146682.0	-10.824099086720517	40110616.0	30357296.0	-24.31605637769313	6304586.0	9464901.0	50.127240710175094	306585.0	1491983.0	386.6457915423129	6611832.0	10962164.0	65.79616662976314	22720.0	57758.0	154.21654929577466	17983.0	52846.0	193.8664294055497	6058.0	21106.0	248.39881148894025	2902139.0	3443739.0	18.662097163505955	134155.0	22018.0	-83.58764116134323	6611171.0	10956884.0	65.73287848703353	10929811.0	9057336.0	-17.131814996617965	3526.0	3362.0	-4.651162790697672	6305461	9471431	50.20996878737336	420	425	1.1904761904761862	306586	1491993	386.6474659638731	166	195	17.469879518072283	496	501	1.0080645161290258	6305881	9471856	50.20670386897563	306752	1492188	386.44768412267894	0.5034673877690643	0.7556362759168531	50.08643941471264	1.9862259687387944	1.323388026582826	-33.37172872514876	0.0034362639583098904	0.005268850201474818	53.33077625579952	0.00032260393157759087	0.00037119082255532976	15.060848992180699	0.336873714063282	0.3993868977784506	18.556860065201008	0.04622624898393909	0.006393632037735728	-86.16882793159976
E05	E07	FF1	2.3775986834144094	0.09824	0.041319	-57.94075732899022	392957527.0	165277693.0	-57.94006180214992	135770080.0	121113847.0	-10.794891628553216	161098881.0	122054810.0	-24.23609075223806	25306536.0	37939442.0	49.919538572959965	1333085.0	6067706.0	355.16272405735566	26638368.0	44023802.0	65.2646363320756	586319.0	242884.0	-58.574769025052916	559999.0	198236.0	-64.6006510725912	543073.0	107237.0	-80.25366755482229	11708397.0	13868962.0	18.45312385632294	531743.0	84152.0	-84.17430976994525	26639621.0	44007148.0	65.19434717183101	43944801.0	36444454.0	-17.067654942845234	7264.0	5851.0	-19.45209251101322	25309129	37963820	50.000499819650045	853	798	-6.447831184056274	1333590	6068074	355.0179590428843	1096	1095	-0.09124087591241281	1524	1548	1.5748031496062964	25309982	37964618	49.99859739133754	1334686	6069169	354.72635511273813	0.3455082818657905	0.7327900383991928	112.0904409127415	2.894286627804889	1.3646473718236363	-52.85030312085488	0.022010319851426333	0.005517106405303204	-74.93400167492032	0.0001652982795393703	0.00016054568961302042	-2.8751599469720612	0.9697749460266893	0.5409562339837366	-44.218373943344915	0.04541552528497283	0.0060676494751373605	-86.63970209071866
E05	E07	FF2	2.342688293082276	0.091571	0.039088	-57.31399678937655	366283505.0	156351640.0	-57.3140373875149	121928169.0	113279084.0	-7.093590489331469	147121276.0	114079267.0	-22.45902829173396	25189209.0	37022338.0	46.97697732390089	315448.0	4247701.0	1246.561398392128	25505291.0	41276460.0	61.83489143487915	563546.0	339156.0	-39.81751267864557	557406.0	332354.0	-40.374879351854844	536383.0	111340.0	-79.24244429819737	9200161.0	12097220.0	31.489220677768582	133742.0	51388.0	-61.576767208505935	25504657.0	41270039.0	61.81373856547061	36113656.0	31915594.0	-11.624583232448138	2834.0	1634.0	-42.34297812279464	25189620	37032454	47.01473861058643	914	830	-9.19037199124726	315521	4247653	1246.2346404835178	187	203	8.55614973262031	1002	968	-3.3932135728542923	25190534	37033284	47.012699294107854	315708	4247856	1245.5015393971644	0.3328792242500792	0.7245148435923026	117.65096491813583	3.004092557151416	1.3802339715246992	-54.05487862752523	0.022095258587718134	0.008216693001289355	-62.81241530317874	7.847446960230224e-05	5.1197543119517064e-05	-34.75898164208164	0.9622842237076745	0.3350042424643603	-65.1865598322301	0.014536919516951931	0.004247918116724338	-70.77841621279724
E05	E08	BLOCK	1.0901619086847691	0.344066	0.31561	-8.270506240081843	1376265872.0	1262438740.0	-8.270722562827604	542547624.0	680717578.0	25.466880304686402	668942828.0	732426744.0	9.49018560970356	120084700.0	136923020.0	14.022036112843693	12298352.0	24920609.0	102.63372686031431	132390676.0	161879309.0	22.273950017446854	7623538.0	8162983.0	7.076045269269993	5778833.0	6138171.0	6.218175884300514	1325305.0	454507.0	-65.70547911612799	48418303.0	57022753.0	17.771068928210898	1370741.0	366610.0	-73.2546119215811	132383052.0	161843629.0	22.2540397391654	166940718.0	174180843.0	4.336943728731302	43391.0	50075.0	15.404116060934303	120104741	136971561	14.043425646286511	7897	18626	135.86171964036976	12299231	24914873	102.57260799475998	4863	12020	147.1725272465556	11104	28740	158.8256484149856	120112638	136990187	14.051434787403473	12304094	24926893	102.59023541270085	0.39421716038890486	0.5392084038865917	36.77953627250763	2.5366729317756627	1.8545705014833627	-26.889648316420146	0.05758364735595126	0.05042635189405213	-12.429388881285275	0.0002599186137440717	0.0002874885615291229	10.607146363206565	0.22933782651272325	0.07404599839268082	-67.71313327652345	0.028310389151804845	0.006429188012020395	-77.29035804648937
E05	E08	CODEBOOK	1.1471886529836735	0.259626	0.226315	-12.830379083758958	1038505689.0	905257218.0	-12.830788739184273	395734631.0	534063348.0	34.9549183124183	471589557.0	535261627.0	13.501586083679973	76341947.0	93204481.0	22.088163405106755	3360118.0	16011670.0	376.52106265315683	79703205.0	109244584.0	37.064229725768236	1306834.0	1929050.0	47.612474116835045	1242466.0	1678487.0	35.093193697050864	1133977.0	167413.0	-85.23664942057908	32786947.0	41421301.0	26.334730098535864	1211699.0	207763.0	-82.85357997324418	79702065.0	109216151.0	37.030516085122755	124518661.0	131571639.0	5.66419357818182	30035.0	35925.0	19.610454469785243	76350061	93241346	22.123472828659562	4551	15164	233.20149417710394	3361201	16006239	376.20594543438494	2650	9929	274.6792452830189	6094	23681	288.59533967837217	76354612	93256510	22.136053811654488	3363851	16016168	376.12596396213746	0.3810615918542166	0.5899575693855446	54.819478529666576	2.6242476843023628	1.69503715503053	-35.40864434520237	0.016396254077862993	0.01765808362636998	7.695840418883337	0.00024120882571970477	0.00027304516591147735	13.198663065823224	0.9126825200850567	0.0997404209862811	-89.07172880039536	0.03695674989196158	0.005015849212461965	-86.42778591968946
E05	E08	OTHER	0.9456296545159297	0.08443999999999996	0.08929500000000001	5.749644718143121	337760183.0	357181522.0	5.7500380380833604	146812993.0	146654230.0	-0.10813961132173366	197353271.0	197165117.0	-0.09533867822236752	43742753.0	43718539.0	-0.05535545510818585	8938234.0	8908939.0	-0.32774930707788474	52687471.0	52634725.0	-0.10011108713112726	6316704.0	6233933.0	-1.3103510944948549	4536367.0	4459684.0	-1.6904055602203316	191328.0	287094.0	50.053311590566985	15631356.0	15601452.0	-0.1913077790564044	159042.0	158847.0	-0.12260912211868868	52680987.0	52627478.0	-0.10157174921571199	42422057.0	42609204.0	0.44115493975220854	13356.0	14150.0	5.9448936807427355	43754680	43730215	-0.05591401879753155	3346	3462	3.466826060968331	8938030	8908634	-0.3288867904896242	2213	2091	-5.512878445549029	5010	5059	0.9780439121756412	43758026	43733677	-0.05564464905249977	8940243	8910725	-0.3301699964978533	0.4346663709617898	0.41058739315187753	-5.539645902817947	2.3006150620469947	2.4355350813951975	5.864519518017786	0.11989005887187107	0.11843764738962728	-1.2114528059378182	0.00031483621833802163	0.0003320878747230293	5.479565367693984	0.04217648175290932	0.06437541314586415	52.63343567395484	0.010174549156196045	0.01018155233243675	0.06883033472240285
E05	E08	MHA_QK	0.885451026960461	0.040265	0.045474	12.936793741462793	161054719.0	181896620.0	12.940881912314527	61944434.0	61817945.0	-0.2041975232189519	87253163.0	87103074.0	-0.17201554057129087	16899432.0	16880109.0	-0.11434112105069838	2494790.0	2471583.0	-0.9302185755113657	19393401.0	19351565.0	-0.21572286366893234	2226838.0	2230116.0	0.14720424206879912	2166907.0	2170887.0	0.18367193423620698	166853.0	264230.0	58.360952455155136	7517580.0	7493898.0	-0.3150215893944597	9188.0	9197.0	0.09795385285154001	19394222.0	19351692.0	-0.21929211700267848	15152429.0	15098525.0	-0.3557449435994675	8390.0	8915.0	6.257449344457688	16902069	16882676	-0.11473743244095891	855	939	9.824561403508781	2494627	2471347	-0.933205645573465	1580	1479	-6.3924050632911396	2040	2053	0.637254901960782	16902924	16883615	-0.11423467324351844	2496207	2472826	-0.9366611022242899	0.3846173175465911	0.33985208191334176	-11.63890277192905	2.5999869334507117	2.9424565957344586	13.171976284866172	0.11482452201137902	0.11524215224970177	0.3637117150649738	0.000553706603739902	0.0005904550278917974	6.636804384070083	0.07700053578672274	0.121715225159117	58.07062108794372	0.0012222018255874897	0.0012272651696086602	0.41428051530987275
E05	E08	MHA_SV	1.0094005827667545	0.029099	0.028828	-0.9313034812192922	116396925.0	115314197.0	-0.930203267826879	46857191.0	46812337.0	-0.09572490164849734	72081824.0	72027894.0	-0.07481775155967485	17364997.0	17357400.0	-0.0437489277999914	883375.0	874923.0	-0.9567850573086178	18250342.0	18234285.0	-0.08798191288689194	4006861.0	3920081.0	-2.1657851370436854	2293312.0	2211262.0	-3.577794909720089	9563.0	9593.0	0.31370908710655065	4926587.0	4918105.0	-0.17216787199738626	140565.0	140028.0	-0.382029665990824	18248372.0	18232323.0	-0.08794757143267828	15043929.0	15292550.0	1.6526334310671187	3539.0	3095.0	-12.54591692568522	17369812	17362019	-0.044865194856458235	1239	1146	-7.506053268765134	883284	874793	-0.9612989706594965	507	470	-7.297830374753456	1605	1517	-5.4828660436137096	17371051	17363165	-0.04539736829970442	883791	875263	-0.964934017205421	0.40256382202536706	0.4059546718258811	0.8423135947622118	2.4840781642245693	2.4633292074266664	-0.8352779351603057	0.21954991309203958	0.2149840808126011	-2.0796329249852197	0.0002352443965934697	0.00020238612919362697	-13.967715225381427	0.004169951580944939	0.004338246666383269	4.0359002298101965	0.028531922809847874	0.028471941936985892	-0.21022373171877273
E05	E08	MHA_QKV	0.8847013680347013	0.053029	0.05994	13.03249165550926	212118576.0	239759593.0	13.030927098058598	104230520.0	138792353.0	33.15903345776265	123258784.0	139341909.0	13.048258694487846	19541616.0	24539697.0	25.576600215662815	1405000.0	4982143.0	254.60092526690391	20947714.0	29532025.0	40.97970308359184	134249.0	628273.0	367.99082302289025	107078.0	550789.0	414.3811053624461	48463.0	65133.0	34.39737531725233	8976250.0	11137436.0	24.07671354964489	412059.0	71625.0	-82.61778046347732	20946616.0	29521840.0	40.93846948834121	33530393.0	35135403.0	4.786731846536951	16411.0	22019.0	34.172201572116265	19545851	24555041	25.62789412443591	2364	6021	154.6954314720812	1405504	4981058	254.39657233277174	1201	3598	199.58368026644462	3072	8844	187.890625	19548215	24561062	25.643502488590396	1406705	4984656	254.34977482841106	0.4913785580005025	0.5788813338534488	17.807609719278126	2.03509083519875	1.7274697619688024	-15.115839937429865	0.0064087661307577525	0.02127429460052265	231.95617013422282	0.0004894365538751663	0.0006266898375977074	28.043120734612792	0.4525953043575711	0.11825399563172104	-73.87202330798046	0.04590547277537947	0.006431013385845719	-85.99074795000288
E05	E08	Projection	0.8934426229508197	0.016786	0.018788	11.926605504587151	67146081.0	75151789.0	11.922822420566881	33805862.0	44987059.0	33.07472828233162	40110616.0	45051028.0	12.316968654881787	6304586.0	7873195.0	24.880444171909154	306585.0	1433538.0	367.58256274768826	6611832.0	9309543.0	40.80126355297593	22720.0	167315.0	636.4216549295775	17983.0	148888.0	727.9374965244953	6058.0	9398.0	55.133707494222506	2902139.0	3572799.0	23.109161897483197	134155.0	17767.0	-86.75636390742052	6611171.0	9306733.0	40.77283736875057	10929811.0	11290343.0	3.2986114764472996	3526.0	3644.0	3.346568349404433	6305461	7876006	24.907695091603934	420	1232	193.33333333333331	306586	1433144	367.4525255556353	166	595	258.43373493975906	496	1719	246.5725806451613	6305881	7877238	24.91891299566231	306752	1433739	367.3935296265387	0.5034673877690643	0.5986159424627935	18.89865302206484	1.9862259687387944	1.6705201600309103	-15.894757881367838	0.0034362639583098904	0.017972418194964028	423.02204990689	0.00032260393157759087	0.0003227537019911618	0.04642547684976517	0.336873714063282	0.06312127236580517	-81.26263055539329	0.04622624898393909	0.004972851817300665	-89.2423635345614
E05	E08	FF1	1.2820378973743278	0.09824	0.076628	-21.999185667752442	392957527.0	306510280.0	-21.999132491486794	135770080.0	180493028.0	32.940208917900016	161098881.0	180853141.0	12.262195663544052	25306536.0	31576635.0	24.77659921531734	1333085.0	5837028.0	337.85865117378114	26638368.0	37423723.0	40.4880471656522	586319.0	672121.0	14.634013224882692	559999.0	576357.0	2.9210766447797187	543073.0	60740.0	-88.81549994199675	11708397.0	14388402.0	22.889597952648867	531743.0	66616.0	-87.47214349789279	26639621.0	37413663.0	40.44367598172662	43944801.0	45383253.0	3.2733155396471147	7264.0	7315.0	0.7020925110132081	25309129	31589914	24.816282693884872	853	4613	440.79718640093785	1333590	5833813	337.4517655351345	1096	4735	332.0255474452555	1524	8929	485.8923884514436	25309982	31594527	24.830302131388326	1334686	5838548	337.447309704305	0.3455082818657905	0.5888645170400157	70.43426972577018	2.894286627804889	1.6981834888381395	-41.32635404786805	0.022010319851426333	0.017959757771828313	-18.403013254419065	0.0001652982795393703	0.0001611828045909358	-2.489726426616745	0.9697749460266893	0.10538607148000284	-89.13293523288212	0.04541552528497283	0.004629840061460612	-89.80560054648858
E05	E08	FF2	1.2904775997406954	0.091571	0.070959	-22.509309715958114	366283505.0	283835556.0	-22.50932621167311	121928169.0	169790908.0	39.25486570703774	147121276.0	170015549.0	15.561497033236726	25189209.0	29214954.0	15.982022301692766	315448.0	3758961.0	1091.6261951256627	25505291.0	32979293.0	29.30373152770538	563546.0	461341.0	-18.136052780074742	557406.0	402453.0	-27.79894726644493	536383.0	32142.0	-94.00764006316382	9200161.0	12322664.0	33.93965605601903	133742.0	51755.0	-61.30235827189663	25504657.0	32973915.0	29.28585944127773	36113656.0	39762640.0	10.104166689741966	2834.0	2947.0	3.987297106563159	25189620	29220385	16.001690378814757	914	3298	260.83150984682715	315521	3758224	1091.1169145635315	187	1001	435.2941176470588	1002	4189	318.06387225548906	25190534	29223683	16.010573654373506	315708	3759225	1090.7284579421491	0.3328792242500792	0.5982016854858029	79.70532310433325	3.004092557151416	1.6716770016919869	-44.35334564800731	0.022095258587718134	0.013988808068141425	-36.68864289319863	7.847446960230224e-05	7.411479720662411e-05	-5.555529610805088	0.9622842237076745	0.07986522649849796	-91.7004535114607	0.014536919516951931	0.004199984678637672	-71.10815208311537
E05	E09	BLOCK	1.7363127589460987	0.344066	0.198159	-42.40668941424028	1376265872.0	792637664.0	-42.4066468459228	542547624.0	521043372.0	-3.9635694727510273	668942828.0	573072165.0	-14.331667668316793	120084700.0	163037028.0	35.76836016578297	12298352.0	28306629.0	130.16603362792023	132390676.0	191363875.0	44.54482806629072	7623538.0	11819589.0	55.04073043251048	5778833.0	8811682.0	52.482032271913724	1325305.0	198794.0	-85.00013204507641	48418303.0	61022298.0	26.03146789345343	1370741.0	390298.0	-71.5264955232243	132383052.0	191343657.0	44.537880120787676	166940718.0	190724120.0	14.246615376363714	43391.0	57219.0	31.86835979811482	120104741	163075643	35.77785659601898	7897	20306	157.13562112194506	12299231	28298759	130.08559640842586	4863	16067	230.3927616697512	11104	33955	205.7907060518732	120112638	163095949	35.78583545887986	12304094	28314826	130.12524124084229	0.39421716038890486	0.6573537893349464	66.74915640061198	2.5366729317756627	1.521250833606228	-40.029681613649835	0.05758364735595126	0.06176499613628748	7.261347574059274	0.0002599186137440717	0.00030000924896127456	15.424303261588634	0.22933782651272325	0.022560278503014522	-90.16286199007693	0.028310389151804845	0.006395989872423356	-77.40762291140884
E05	E09	CODEBOOK	2.111948068851073	0.259626	0.12293199999999999	-52.65035088935623	1038505689.0	491724988.0	-52.65071792976956	395734631.0	373941453.0	-5.507018161369858	471589557.0	375349049.0	-20.407684303323116	76341947.0	119235532.0	56.186129232465085	3360118.0	19315136.0	474.83505043572876	79703205.0	138565534.0	73.8518971727674	1306834.0	5400495.0	313.2502674402411	1242466.0	4480491.0	260.61276525876764	1133977.0	167921.0	-85.19185133384539	32786947.0	45352663.0	38.32536161418141	1211699.0	228552.0	-81.13788985548392	79702065.0	138550668.0	73.83573185964505	124518661.0	141800013.0	13.878523798131749	30035.0	40325.0	34.260029965040786	76350061	119261456	56.20348489308999	4551	16584	264.4034278180619	3361201	19307608	474.42586742060354	2650	13813	421.24528301886795	6094	28565	368.73974401050214	76354612	119278040	56.2158943326174	3363851	19321421	474.38397241732764	0.3810615918542166	0.7604686809204824	99.56581748900481	2.6242476843023628	1.3149785455853165	-49.89121821651168	0.016396254077862993	0.038974302224390085	137.70247789103425	0.00024120882571970477	0.0002843793815449086	17.897585503513014	0.9126825200850567	0.03747825852122011	-95.8936149541105	0.03695674989196158	0.0050394394701806155	-86.36395385169749
E05	E09	OTHER	1.122469326172783	0.08443999999999996	0.07522700000000002	-10.91070582662239	337760183.0	300912676.0	-10.909369681387226	146812993.0	147101919.0	0.19679865800432683	197353271.0	197723116.0	0.1874025184006145	43742753.0	43801496.0	0.13429195917320502	8938234.0	8991493.0	0.5958559599133384	52687471.0	52798341.0	0.21042953456620328	6316704.0	6419094.0	1.6209402878463175	4536367.0	4331191.0	-4.522914482007301	191328.0	30873.0	-83.86383592574009	15631356.0	15669635.0	0.2448859842997697	159042.0	161746.0	1.7001798267124446	52680987.0	52792989.0	0.21260421715334488	42422057.0	48924107.0	15.327050265384345	13356.0	16894.0	26.489967056004794	43754680	43814187	0.13600145173042755	3346	3722	11.23729826658697	8938030	8991151	0.5943255952374216	2213	2254	1.8526886579304014	5010	5390	7.584830339321358	43758026	43817909	0.13685032318413448	8940243	8993405	0.5946370808936674	0.4346663709617898	0.488852516801253	12.466146327254425	2.3006150620469947	2.0456067333832673	-11.084354478529379	0.11989005887187107	0.12157757002251264	1.4075488547762305	0.00031483621833802163	0.0003453103395428352	9.679356894096358	0.04217648175290932	0.0071280624659591325	-83.09943795758298	0.010174549156196045	0.010322257027684436	1.45173873771538
E05	E09	MHA_QK	1.2740879030471792	0.040265	0.031603	-21.51247982118466	161054719.0	126415569.0	-21.507690190686056	61944434.0	61715367.0	-0.369794322440653	87253163.0	86981341.0	-0.3115325458172835	16899432.0	16862530.0	-0.21836236862872171	2494790.0	2452992.0	-1.6754115576862127	19393401.0	19315152.0	-0.4034826073054387	2226838.0	2231780.0	0.2219290312092781	2166907.0	2169877.0	0.1370617197692381	166853.0	7893.0	-95.26948871162041	7517580.0	7474220.0	-0.5767813578305803	9188.0	7360.0	-19.895515890291684	19394222.0	19315522.0	-0.405790961864827	15152429.0	17150065.0	13.18360244420218	8390.0	6558.0	-21.83551847437426	16902069	16864377	-0.22300228451321846	855	827	-3.274853801169586	2494627	2452482	-1.689430924943891	1580	1460	-7.594936708860756	2040	2013	-1.3235294117647012	16902924	16865204	-0.22315665620930014	2496207	2453942	-1.693168875818396	0.3846173175465911	0.4881943536559172	26.92989404898003	2.5999869334507117	2.048364534557495	-21.21635273609247	0.11482452201137902	0.11554555718743502	0.6279452885373571	0.000553706603739902	0.00038238922126534216	-30.940101006097887	0.07700053578672274	0.003637533371707244	-95.27596355721141	0.0012222018255874897	0.0009847181378123738	-19.43080780958266
E05	E09	MHA_SV	1.0177322327923894	0.029099	0.028592	-1.7423279150486248	116396925.0	114361477.0	-1.7487128633338012	46857191.0	47348397.0	1.0483044107360229	72081824.0	72690820.0	0.8448676326503701	17364997.0	17455525.0	0.5213245933759714	883375.0	973883.0	10.245705391255132	18250342.0	18429400.0	0.9811213400822805	4006861.0	4103442.0	2.4103905775618273	2293312.0	2082488.0	-9.192992492953422	9563.0	9173.0	-4.078218132385237	4926587.0	5002964.0	1.5503024710616042	140565.0	143844.0	2.332728630882519	18248372.0	18429408.0	0.9920665799666883	15043929.0	19548859.0	29.945169244018643	3539.0	7112.0	100.96072336818311	17369812	17461459	0.527622290903329	1239	1459	17.756255044390645	883284	973931	10.262497679115668	507	641	26.429980276134124	1605	1854	15.514018691588793	17371051	17462918	0.5288511328416456	883791	974572	10.271772398677959	0.40256382202536706	0.41402400740242273	2.8467996253109806	2.4840781642245693	2.415318875526029	-2.7680002058229958	0.21954991309203958	0.22265738439667054	1.4153826165844263	0.0002352443965934697	0.00036380639913562217	54.6503995010444	0.004169951580944939	0.0044048273027263544	5.63257671515196	0.028531922809847874	0.028751755959067465	0.7704813681316702
E05	E09	MHA_QKV	1.5714158715106976	0.053029	0.033746	-36.36312206528503	212118576.0	134985186.0	-36.36333575990063	104230520.0	98996640.0	-5.021446693348553	123258784.0	99689694.0	-19.121631120423842	19541616.0	30889002.0	58.0677974636284	1405000.0	5889114.0	319.1540213523131	20947714.0	36783821.0	75.598258597573	134249.0	1352572.0	907.5099255860378	107078.0	1125158.0	950.7835409701339	48463.0	61682.0	27.27647896333285	8976250.0	12210549.0	36.031739312073526	412059.0	80312.0	-80.50958721930597	20946616.0	36778116.0	75.58022737419734	33530393.0	37965526.0	13.22720255620029	16411.0	26006.0	58.466881969410764	19545851	30902096	58.100540109509694	2364	7381	212.22504230118443	1405504	5887621	318.8974915759756	1201	5238	336.1365528726061	3072	11518	274.93489583333337	19548215	30909477	58.119178656465564	1406705	5892859	318.91220973836016	0.4913785580005025	0.7333889216554474	49.25130730972951	2.03509083519875	1.363533004756525	-32.99891183366464	0.0064087661307577525	0.036770840092985445	473.7584948920234	0.0004894365538751663	0.000684989851055929	39.95477976306601	0.4525953043575711	0.054820745175344264	-87.88746930259062	0.04590547277537947	0.006577263643100732	-85.67215792486441
E05	E09	Projection	1.5879292403746097	0.016786	0.010571	-37.024901703800786	67146081.0	42281026.0	-37.03128258520404	33805862.0	31786990.0	-5.971958354441609	40110616.0	31907198.0	-20.451987074942956	6304586.0	10013636.0	58.83098430253786	306585.0	1746371.0	469.6204967627248	6611832.0	11761466.0	77.88513077767252	22720.0	586449.0	2481.2015845070423	17983.0	487717.0	2612.1003169660235	6058.0	10424.0	72.06999009574118	2902139.0	3939631.0	35.749218076735815	134155.0	20871.0	-84.44262233983079	6611171.0	11760007.0	77.88084743232326	10929811.0	12233787.0	11.930453326228596	3526.0	5407.0	53.346568349404436	6305461	10016607	58.85606143626929	420	1397	232.61904761904765	306586	1745857	469.45098602023575	166	1171	605.4216867469879	496	2332	370.1612903225806	6305881	10018004	58.86763483167539	306752	1747028	469.52456707698724	0.5034673877690643	0.7518027116938931	49.32500693346555	1.9862259687387944	1.3301361972303762	-33.031980340334556	0.0034362639583098904	0.04986189646766823	1351.0496595317597	0.00032260393157759087	0.00044197271049430564	37.00165039309351	0.336873714063282	0.021373050355021458	-93.65547103772943	0.04622624898393909	0.005297704277380293	-88.53961895281415
E05	E09	FF1	2.2886429819452534	0.09824	0.042925	-56.30598534201954	392957527.0	171699745.0	-56.3057752549425	135770080.0	126457475.0	-6.859099589541373	161098881.0	126807409.0	-21.285977771627106	25306536.0	39940812.0	57.8280488487243	1333085.0	6862509.0	414.7840535299699	26638368.0	46807928.0	75.71620003147339	586319.0	2342334.0	299.4982253687839	559999.0	1937479.0	245.97901067680476	543073.0	60415.0	-88.87534456693668	11708397.0	15620207.0	33.410295192416186	531743.0	71591.0	-86.5365411486376	26639621.0	46803321.0	75.69064139463546	43944801.0	48623083.0	10.645814507158647	7264.0	5935.0	-18.295704845814974	25309129	39947292	57.83748227763983	853	4614	440.91441969519343	1333590	6858166	414.26345428505016	1096	5790	428.2846715328467	1524	10036	558.5301837270341	25309982	39951906	57.85039278178863	1334686	6863956	414.2749680449184	0.3455082818657905	0.7365035690647065	113.16524312745545	2.894286627804889	1.3577666721559956	-53.08803699287499	0.022010319851426333	0.050041394697069266	127.35423671649389	0.0001652982795393703	0.0001220613674373548	-26.15690388460301	0.9697749460266893	0.031182273459480075	-96.78458661081744	0.04541552528497283	0.004583229914942868	-89.90823097127235
E05	E09	FF2	2.5657326982348	0.091571	0.03569	-61.024778587107264	366283505.0	142759031.0	-61.02499046469483	121928169.0	116700348.0	-4.287623641752547	147121276.0	116944748.0	-20.511328354710567	25189209.0	38392082.0	52.41479793986385	315448.0	4817142.0	1427.0795820547285	25505291.0	43212319.0	69.42492049982884	563546.0	1119140.0	98.5889350647507	557406.0	930137.0	66.86885322368256	536383.0	35400.0	-93.40023826258475	9200161.0	13582276.0	47.630851242711955	133742.0	55778.0	-58.294327885032374	25504657.0	43209224.0	69.41699706057602	36113656.0	42977617.0	19.00655253514072	2834.0	2977.0	5.045871559633031	25189620	38395461	52.425725358302344	914	3192	249.23413566739606	315521	4815964	1426.3529210417057	187	1614	763.1016042780749	1002	4679	366.9660678642715	25190534	38398653	52.432866250473296	315708	4817578	1425.9600643632725	0.3328792242500792	0.8174638562796073	145.5737086389863	3.004092557151416	1.2232956751765642	-59.27902846187485	0.022095258587718134	0.02589863321151545	17.213532979023192	7.847446960230224e-05	6.92686148699217e-05	-11.73101873645599	0.9622842237076745	0.03805890960148881	-96.0449409162245	0.014536919516951931	0.004106675493856847	-71.75002937129884
E03	E06	BLOCK	3.7617144090371757	1.167828	0.310451	-73.41637638419355	4671311300.0	1241802312.0	-73.41640853607852	673408885.0	661040142.0	-1.8367359379287018	802214537.0	714318898.0	-10.956625060510461	123308317.0	130832435.0	6.101873890631393	16319347.0	22975391.0	40.78621528177568	140790333.0	153905172.0	9.315155892130743	22466008.0	7067508.0	-68.54132696828026	19254201.0	5178818.0	-73.10291920189262	15908854.0	505318.0	-96.82366812845224	48502092.0	54088434.0	11.517734121653977	1445149.0	391435.0	-72.91386562908046	139627664.0	153807826.0	10.155696653350876	169284661.0	176446214.0	4.230479570739143	119351.0	45694.0	-61.71460649680355	124332252	130942495	5.31659556846118	225456	8794	-96.09946064864097	15627866	22976306	47.02139114835	726166	4931	-99.32095416199603	945422	12060	-98.72437916612898	124557708	130951289	5.13302717484172	16354032	22981237	40.52337062811178	0.14415842613614727	0.5323231690037311	269.262611469544	6.936812691445257	1.8785580982160688	-72.91900211558576	0.15957067165967992	0.045921185806543266	-71.22203890669807	0.000705031390883076	0.0002589684355596318	-63.268524081563946	0.8262536575784163	0.09757400240749917	-88.19079328574847	0.02979560139385328	0.0072369445933672255	-75.7113659237629
E03	E06	CODEBOOK	4.265495554882503	0.9576720000000001	0.224516	-76.55606512459381	3830688665.0	898061968.0	-76.556122239707	520047612.0	514243365.0	-1.116099154398198	597683916.0	516985147.0	-13.501914112073909	78451331.0	87092547.0	11.014747474456499	6214271.0	14040015.0	125.93181082704632	85830255.0	101223616.0	17.93465602543065	14551725.0	751469.0	-94.83587684621583	14299963.0	643106.0	-95.50274360849745	13398681.0	286247.0	-97.863618068077	32738580.0	38460245.0	17.476827034037523	1265015.0	232857.0	-81.59255028596499	84665602.0	101132562.0	19.449409926831905	124768290.0	126469459.0	1.363462623395728	88538.0	32670.0	-63.100589577356615	79457600	87190956	9.732682587946284	218253	5536	-97.46349420168336	5522813	14041140	154.23891773992707	717251	2732	-99.6191012630167	931051	7116	-99.2357024480936	79675853	87196492	9.439044223348315	6240064	14043872	125.05974297699511	0.13575825588530308	0.5726145670606998	321.78986708880507	7.366034525700313	1.7463754111829912	-76.29151200568181	0.16954074061646443	0.007423850576529493	-95.62119963052199	0.0007096194073029293	0.0002583232367586865	-63.596931805951726	0.9369731236367534	0.445100807642908	-52.49588313533473	0.038639886030487576	0.006054485612351143	-84.33099515983551
E03	E06	OTHER	2.445522778844476	0.210156	0.08593499999999998	-59.10894763889682	840622635.0	343740344.0	-59.10884031810539	153361273.0	146796777.0	-4.280413087077073	204530621.0	197333751.0	-3.5187249541475785	44856986.0	43739888.0	-2.49035456818254	10105076.0	8935376.0	-11.575370635510307	54960078.0	52681556.0	-4.145776503446741	7914283.0	6316039.0	-20.194425698449248	4954238.0	4535712.0	-8.44783799244203	2510173.0	219071.0	-91.27267323805968	15763512.0	15628189.0	-0.8584571762942139	180134.0	158578.0	-11.966647051639335	54962062.0	52675264.0	-4.160684509980717	44516371.0	49976755.0	12.266013327995662	30813.0	13024.0	-57.73212605069289	44874652	43751539	-2.5027781831043483	7203	3258	-54.76884631403583	10105053	8935166	-11.57724754140329	8915	2199	-75.33370723499719	14371	4944	-65.59738361978987	44881855	43754797	-2.511166260841935	10113968	8937365	-11.633445943273701	0.182437715348933	0.427057165567973	134.08381581142766	5.481322752191813	2.3416068869141453	-57.2802589306056	0.14400057801955812	0.11989089692035672	-16.742766890787642	0.0006921723246488354	0.0002606011534762511	-62.35024946880624	0.5066718635640839	0.04829914244996155	-90.46737229294504	0.011427275850711441	0.010146921054000562	-11.204374633444825
E03	E06	MHA_QK	3.907938785270205	0.16343	0.04182	-74.41106284035979	653719345.0	167279744.0	-74.41107636182925	68139053.0	61942436.0	-9.09407561035519	94080853.0	87250654.0	-7.259924609739665	17951124.0	16899190.0	-5.859989602879468	3600473.0	2494513.0	-30.717075228726898	21542095.0	19392915.0	-9.976652688608045	4803734.0	2226311.0	-53.65457371286586	2531378.0	2166881.0	-14.39915334651719	2449853.0	195020.0	-92.03952237134227	7702858.0	7517420.0	-2.407392165349531	29860.0	9210.0	-69.15606162089752	21551597.0	19393703.0	-10.012687226844486	18572604.0	18263205.0	-1.6658891774142148	24727.0	8547.0	-65.4345452339548	17959615	16901814	-5.889886837774638	4350	864	-80.13793103448276	3600754	2494355	-30.726869983342375	7777	1578	-79.70939951137971	10527	2045	-80.57376270542414	17963965	16902678	-5.907866108623572	3608531	2495933	-30.83243569197549	0.10423288452631	0.3702925083386067	255.25497545368148	9.59390123898552	2.700567733564757	-71.8512035271866	0.22299288903887945	0.11480022472124485	-48.51843697077305	0.0013313695807006922	0.00046799014740293393	-64.8489679960516	0.9677942211712356	0.09000032765989456	-90.70046858194966	0.003876483248165811	0.0012251543747721957	-68.39521039199931
E03	E06	MHA_SV	1.0716373766206968	0.03116	0.029077	-6.684852374839545	124642469.0	116306854.0	-6.687620252451831	47206519.0	46846938.0	-0.761718948181711	72426056.0	72069854.0	-0.49181471375440156	17426604.0	17363229.0	-0.36366810194343735	943719.0	881540.0	-6.588719735429716	18372495.0	18246587.0	-0.6853070309721154	3027397.0	4006916.0	32.35515527035271	2346001.0	2292884.0	-2.2641507825444274	36408.0	9351.0	-74.31608437706	4872674.0	4924298.0	1.0594593440891087	140836.0	140109.0	-0.5162032434888775	18370323.0	18244769.0	-0.6834610365860194	15561394.0	19499034.0	25.303902722339664	4217.0	3085.0	-26.843727768555848	17431208	17367828	-0.3636007326629387	1563	1182	-24.37619961612284	943363	881426	-6.565553238785071	1002	500	-50.0998003992016	2436	1577	-35.26272577996716	17432771	17369010	-0.3657536716337284	944365	881926	-6.611744399675967	0.37873542925405307	0.4027874230008835	6.350605697017198	2.6403656028948035	2.482699168086503	-5.971386486607777	0.16477876303681127	0.21959810895045742	33.26845335123654	0.0002709911464230004	0.00015821296583205097	-41.616924419703984	0.015519174970513652	0.004078269986619472	-73.7210902359941	0.02890322644199058	0.02845258349514997	-1.5591440898304554
E03	E06	MHA_QKV	4.098196149238702	0.236052	0.057599	-75.59902055479301	944208208.0	230395470.0	-75.59908206178186	133749982.0	132344259.0	-1.0510079919113569	153120618.0	133105401.0	-13.071536192467558	19995718.0	22441254.0	12.23029850691033	2045242.0	4280325.0	109.2820800668087	22433690.0	26749562.0	19.238350891003677	3810372.0	218694.0	-94.26056038623001	3726589.0	180446.0	-95.15787761945307	3187308.0	75384.0	-97.63486930036255	8725677.0	10213198.0	17.047628510658818	421216.0	73299.0	-82.59823938311935	22040960.0	26721579.0	21.23600333197828	33147663.0	33368628.0	0.666608080334341	33106.0	19278.0	-41.768863650093635	20346264	22473181	10.453599737032793	56250	2664	-95.26400000000001	1997061	4280960	114.3630064379606	53151	1261	-97.62751406370529	108133	3351	-96.90103853587712	20402514	22475845	10.16213492121607	2050212	4282221	108.86722934018529	0.14165306006321013	0.5744221403311446	305.51340018692076	7.05950157062451	1.7408799727383717	-75.33990246588517	0.16985043477020498	0.008175610501585035	-95.18658252912569	0.0009987431089787536	0.0005777282781899214	-42.15446664952043	0.8552883078869175	0.41776487148509805	-51.15508213631126	0.048273159778891656	0.007176890137643469	-85.1327525057067
E03	E06	Projection	4.3031912011702875	0.079424	0.018457	-76.7614323126511	317696641.0	73828734.0	-76.76124816189038	43174103.0	43188508.0	0.03336490858882879	49511365.0	43401741.0	-12.339841569708287	6385634.0	7270122.0	13.851216652880517	399692.0	1264106.0	216.27002792149958	6916993.0	8539847.0	23.46184245090317	1255731.0	53167.0	-95.76605180568131	1231207.0	45912.0	-96.27097636709343	1099098.0	17502.0	-98.40760332563612	2733557.0	3314481.0	21.251578072087018	133292.0	22269.0	-83.29307085196412	6785326.0	8534228.0	25.774767490906104	10560348.0	10842267.0	2.669599524561117	2978.0	3683.0	23.67360644728005	6499655	7275964	11.943849327387369	18299	472	-97.42062407781846	333681	1264138	278.8462633473287	66249	170	-99.74339235309212	84457	545	-99.3547012088992	6517954	7276436	11.636811183386687	399930	1264308	216.1323231565524	0.1358972599272776	0.5849823728522827	330.45928458404757	7.358500094373704	1.709453218434867	-76.76899916408357	0.18154290455404537	0.00622575556681519	-96.57064230512971	0.00028199828263235263	0.000339689107453266	20.457863885691175	0.89269960290999	0.38120752744380554	-57.29722224574101	0.0487613757459603	0.006718698945626781	-86.22126869301181
E03	E06	FF1	4.351441094434852	0.32762	0.07529	-77.01910750259448	1310477916.0	301159884.0	-77.01907980874361	176415556.0	173273955.0	-1.7807959066829637	202511844.0	174224333.0	-13.968324242803298	26162454.0	29159441.0	11.455297733156078	2278516.0	5155225.0	126.25362297214502	28955463.0	34365260.0	18.683165245881227	4968124.0	221869.0	-95.53414930867265	4894842.0	170759.0	-96.51145021637062	4830210.0	92060.0	-98.09407872535563	11592420.0	13350331.0	15.164314267426482	553896.0	84650.0	-84.71734766093275	28440970.0	34314666.0	20.652235138253026	43735497.0	43576997.0	-0.36240585078980425	26431.0	6482.0	-75.47576709167265	26629884	29213542	9.70210009176158	73327	1123	-98.4685040980812	1763424	5155648	192.36576115557006	528321	1098	-99.7921718046415	600055	1843	-99.69286148769696	26703211	29214665	9.405063683165293	2291745	5156746	125.01395225035945	0.13461925137851768	0.575355365059179	327.39456590901324	7.428358052506435	1.738056270487968	-76.60241660131713	0.17157812327159128	0.006456200244083705	-96.2371658338609	0.0006043374790047544	0.00014874820309439865	-75.38656656883786	0.98679589657848	0.5391223888638373	-45.36637305311688	0.04778087750443825	0.006340666759498323	-86.72969796565717
E03	E06	FF2	4.299248325816592	0.314576	0.07317	-76.74012003458624	1258305900.0	292677880.0	-76.74032363672458	166707971.0	165436643.0	-0.7626078059578822	192540089.0	166253672.0	-13.652438376093201	25907525.0	28221730.0	8.93255916958491	1490821.0	3340359.0	124.06170828020264	27524109.0	31568947.0	14.695618303211933	4517498.0	257739.0	-94.29465159696807	4447325.0	245989.0	-94.46883238800852	4282065.0	101301.0	-97.6342956027057	9686926.0	11582235.0	19.565639295685756	156611.0	52639.0	-66.3886955577833	27398346.0	31562089.0	15.197059705720918	37324782.0	38681567.0	3.635078163350025	26023.0	3227.0	-87.59943127233602	25981797	28228269	8.646330351976816	70377	1277	-98.18548673572332	1428647	3340394	133.81521117532884	69530	203	-99.70803969509564	138406	1377	-99.00510093493057	26052174	28229546	8.357736287190477	1498177	3340597	122.97745860469091	0.13248604413282972	0.5652516104052687	326.6499268696942	7.547964818070997	1.7691236638548087	-76.56158041940985	0.16412876434982873	0.008164320463397148	-95.02566140935815	0.0006972043400012356	8.342474853720378e-05	-88.03439052931657	0.9628405839465296	0.41181109724418574	-57.22956592084664	0.01616725471011134	0.0045448050397872254	-71.88882638841083
E03	E07	BLOCK	5.439246590655042	1.167828	0.214704	-81.61510085389287	4671311300.0	858815036.0	-81.61511873550367	673408885.0	504590500.0	-25.069224472736206	802214537.0	557838412.0	-30.462689683221235	123308317.0	157198422.0	27.48403824212442	16319347.0	25711564.0	57.552652076091036	140790333.0	182959416.0	29.95168922570841	22466008.0	7203484.0	-67.9360748024304	19254201.0	5337885.0	-72.27677741600391	15908854.0	661097.0	-95.84447126109775	48502092.0	55645752.0	14.728560574253159	1445149.0	389784.0	-73.02810990423825	139627664.0	182909986.0	30.998385821308293	169284661.0	154293451.0	-8.855622187765732	119351.0	43803.0	-63.29900880595889	124332252	157273034	26.494156962587635	225456	7858	-96.5146192605209	15627866	25712315	64.52863749919536	726166	5055	-99.30387817661527	945422	11185	-98.8169304289513	124557708	157280892	26.271504610537622	16354032	25717370	57.25400317181719	0.14415842613614727	0.5875426941174328	307.56736173197464	6.936812691445257	1.702003973519121	-75.46417859000147	0.15957067165967992	0.039372032101370504	-75.32627287216027	0.000705031390883076	0.0002838940973586753	-59.73312663382432	0.8262536575784163	0.1238499892747783	-85.01065766682864	0.02979560139385328	0.007004739553164813	-76.49069249996792
E03	E07	CODEBOOK	7.791272088255393	0.9576720000000001	0.12291600000000001	-87.16512542916573	3830688665.0	491664291.0	-87.16512006072934	520047612.0	357787028.0	-31.201101640670547	597683916.0	360496161.0	-39.68448014920315	78451331.0	113457016.0	44.62089368502875	6214271.0	16774941.0	169.94221848387366	85830255.0	130274992.0	51.78213323495311	14551725.0	887597.0	-93.90040012438388	14299963.0	801333.0	-94.39625822808073	13398681.0	332170.0	-97.52087537571795	32738580.0	40016485.0	22.230362465323793	1265015.0	230891.0	-81.74796346288385	84665602.0	130231957.0	53.819206293483866	124768290.0	105459289.0	-15.475888144335393	88538.0	30030.0	-66.08236011656012	79457600	113519877	42.86849464368419	218253	4557	-97.91205619166747	5522813	16775878	203.75603881572667	717251	2845	-99.60334666664808	931051	6187	-99.3354821594091	79675853	113524434	42.48285989482912	6240064	16778723	168.88703385093487	0.13575825588530308	0.7277059460069676	436.03071228447305	7.366034525700313	1.3741814334308398	-81.34435253274634	0.16954074061646443	0.0068132569910271034	-95.98134527060958	0.0007096194073029293	0.0002847544325848812	-59.87223155759571	0.9369731236367534	0.41452180304567515	-55.75947777063697	0.038639886030487576	0.005769897081165425	-85.06751009406996
E03	E07	OTHER	2.2895803372989936	0.210156	0.091788	-56.32387369382745	840622635.0	367150745.0	-56.32395206679154	153361273.0	146803472.0	-4.2760475781914	204530621.0	197342251.0	-3.5145690972111177	44856986.0	43741406.0	-2.4869704799158843	10105076.0	8936623.0	-11.5630303027904	54960078.0	52684424.0	-4.140558170241315	7914283.0	6315887.0	-20.19634627672525	4954238.0	4536552.0	-8.430882811847152	2510173.0	328927.0	-86.89624181281529	15763512.0	15629267.0	-0.8516185986980562	180134.0	158893.0	-11.791777232504685	54962062.0	52678029.0	-4.155653767138501	44516371.0	48834162.0	9.69933285891611	30813.0	13773.0	-55.30133385259468	44874652	43753157	-2.499172584112741	7203	3301	-54.17187283076497	10105053	8936437	-11.564669675656326	8915	2210	-75.2103196859226	14371	4998	-65.22162688748173	44881855	43756458	-2.5074654334140134	10113968	8938647	-11.620770403861268	0.182437715348933	0.399845224336941	119.16807255133142	5.481322752191813	2.5009677223437876	-54.37291625741748	0.14400057801955812	0.11988148527542031	-16.7493027290918	0.0006921723246488354	0.0002820361696797418	-59.25347494602169	0.5066718635640839	0.07250594724804213	-85.68976245532696	0.011427275850711441	0.01016637568479699	-11.034127314218544
E03	E07	MHA_QK	3.4287212839609778	0.16343	0.047665	-70.83460808909012	653719345.0	190667030.0	-70.83350348152845	68139053.0	61943359.0	-9.092721027396722	94080853.0	87251690.0	-7.258823429247608	17951124.0	16899321.0	-5.8592598435618815	3600473.0	2494659.0	-30.713020205956276	21542095.0	19393206.0	-9.975301845061956	4803734.0	2225616.0	-53.669041624702785	2531378.0	2166720.0	-14.40551351872379	2449853.0	304946.0	-87.55247763845423	7702858.0	7517508.0	-2.4062497322422383	29860.0	9304.0	-68.84125920964502	21551597.0	19393980.0	-10.01140193926232	18572604.0	17249019.0	-7.126545098361003	24727.0	8737.0	-64.66615440611477	17959615	16902006	-5.888817772541333	4350	833	-80.85057471264368	3600754	2494500	-30.722843048983627	7777	1578	-79.70939951137971	10527	2016	-80.84924479908805	17963965	16902839	-5.906969869959111	3608531	2496078	-30.828417436347365	0.10423288452631	0.3248771379089505	211.68391759027497	9.59390123898552	3.0780867082135472	-67.91621435808078	0.22299288903887945	0.11476266482189691	-48.53528051206705	0.0013313695807006922	0.0005065215592840381	-61.954849605512344	0.9677942211712356	0.1407408433023187	-85.45756523199812	0.003876483248165811	0.0012376441767670881	-68.07301624861427
E03	E07	MHA_SV	1.0718954248366013	0.03116	0.02907	-6.707317073170738	124642469.0	116275616.0	-6.712682336226827	47206519.0	46840123.0	-0.7761555136060805	72426056.0	72061446.0	-0.5034237954362752	17426604.0	17361909.0	-0.3712427274987107	943719.0	880275.0	-6.722763873568294	18372495.0	18243968.0	-0.6995620355319199	3027397.0	4006892.0	32.35436251010357	2346001.0	2292907.0	-2.263170390805458	36408.0	9256.0	-74.57701604043068	4872674.0	4923017.0	1.033169877566209	140836.0	140076.0	-0.5396347524780576	18370323.0	18242184.0	-0.6975326454521258	15561394.0	19369071.0	24.468739754291935	4217.0	3167.0	-24.899217453165758	17431208	17366464	-0.371425778408474	1563	1141	-26.99936020473449	943363	880164	-6.699329950400856	1002	496	-50.49900199600798	2436	1541	-36.74055829228243	17432771	17367605	-0.37381320502632986	944365	880660	-6.745802735171258	0.37873542925405307	0.40283702302639274	6.363701917142928	2.6403656028948035	2.4823934813322333	-5.982963927017348	0.16477876303681127	0.21962831769930752	33.28678626519546	0.0002709911464230004	0.00016350810010454296	-39.66293649707768	0.015519174970513652	0.0040367969568761404	-73.98832757188426	0.02890322644199058	0.028453283829814116	-1.55672105700555
E03	E07	MHA_QKV	7.255325034578147	0.236052	0.032535	-86.21701997864876	944208208.0	130139200.0	-86.21710774198226	133749982.0	93247415.0	-30.282297159486717	153120618.0	94004788.0	-38.60736115890023	19995718.0	29030335.0	45.18275862862238	2045242.0	4967551.0	142.88328716112812	22433690.0	34012566.0	51.61378266348515	3810372.0	247799.0	-93.4967242043559	3726589.0	217897.0	-94.15291034240695	3187308.0	92487.0	-97.09827227240041	8725677.0	10606564.0	21.55577154643702	421216.0	73333.0	-82.59016751500418	22040960.0	33997886.0	54.24866249020006	33147663.0	28041905.0	-15.40307079868647	33106.0	19183.0	-42.05582069715459	20346264	29052172	42.78873015704505	56250	2504	-95.54844444444444	1997061	4968158	148.77347261801214	53151	1352	-97.45630373840567	108133	3170	-97.06842499514487	20402514	29054676	42.40733274340602	2050212	4969510	142.3900552723328	0.14165306006321013	0.7165205795025634	405.8278156383131	7.05950157062451	1.395633326671844	-80.23042685507356	0.16985043477020498	0.007285513242370482	-95.71063020696577	0.0009987431089787536	0.0006840833388459165	-31.50557608898915	0.8552883078869175	0.4244528378086894	-50.37312752966936	0.048273159778891656	0.006913926131026033	-85.67749415473467
E03	E07	Projection	7.963104070583516	0.079424	0.009974	-87.44208299758259	317696641.0	39895758.0	-87.44218450833417	43174103.0	30146682.0	-30.17415555802051	49511365.0	30357296.0	-38.68620669214028	6385634.0	9464901.0	48.22178972362023	399692.0	1491983.0	273.28317804709627	6916993.0	10962164.0	58.48164079391145	1255731.0	57758.0	-95.4004480258909	1231207.0	52846.0	-95.70778918573399	1099098.0	21106.0	-98.07969807969808	2733557.0	3443739.0	25.980142356643743	133292.0	22018.0	-83.48137922756054	6785326.0	10956884.0	61.47910947830657	10560348.0	9057336.0	-14.232599152982461	2978.0	3362.0	12.894560107454666	6499655	9471431	45.72205755536256	18299	425	-97.67746871413738	333681	1491993	347.1315418019006	66249	195	-99.70565593442919	84457	501	-99.4067987259789	6517954	9471856	45.31946681427945	399930	1492188	273.112294651564	0.1358972599272776	0.7556362759168531	456.03496076463574	7.358500094373704	1.323388026582826	-82.01551933668267	0.18154290455404537	0.005268850201474818	-97.09773829254435	0.00028199828263235263	0.00037119082255532976	31.628752874094413	0.89269960290999	0.3993868977784506	-55.260773447580405	0.0487613757459603	0.006393632037735728	-86.88791704515143
E03	E07	FF1	7.929039909000702	0.32762	0.041319	-87.38813259263782	1310477916.0	165277693.0	-87.3879833469853	176415556.0	121113847.0	-31.347410769150088	202511844.0	122054810.0	-39.72954490503775	26162454.0	37939442.0	45.01484455548397	2278516.0	6067706.0	166.3007852479421	28955463.0	44023802.0	52.0397100885591	4968124.0	242884.0	-95.1111526201842	4894842.0	198236.0	-95.95010421173961	4830210.0	107237.0	-97.77986878417295	11592420.0	13868962.0	19.63819461337668	553896.0	84152.0	-84.80725623582767	28440970.0	44007148.0	54.73152990210952	43735497.0	36444454.0	-16.67076745463759	26431.0	5851.0	-77.86311528129848	26629884	37963820	42.56096646909915	73327	798	-98.91172419436224	1763424	6068074	244.10748634474749	528321	1095	-99.79273964124083	600055	1548	-99.74202364783228	26703211	37964618	42.17248255275368	2291745	6069169	164.82741317205884	0.13461925137851768	0.7327900383991928	444.3426782539144	7.428358052506435	1.3646473718236363	-81.62921924094404	0.17157812327159128	0.005517106405303204	-96.78449309264785	0.0006043374790047544	0.00016054568961302042	-73.43443106037158	0.98679589657848	0.5409562339837366	-45.1805347124572	0.04778087750443825	0.0060676494751373605	-87.3010924201345
E03	E07	FF2	8.047891936144087	0.314576	0.039088	-87.5743858399878	1258305900.0	156351640.0	-87.57443321214659	166707971.0	113279084.0	-32.04938952799083	192540089.0	114079267.0	-40.75038211912325	25907525.0	37022338.0	42.901871174494666	1490821.0	4247701.0	184.92360920593418	27524109.0	41276460.0	49.96474545279559	4517498.0	339156.0	-92.49239291306826	4447325.0	332354.0	-92.52687851686126	4282065.0	111340.0	-97.39985264119065	9686926.0	12097220.0	24.88192848794344	156611.0	51388.0	-67.18749002305074	27398346.0	41270039.0	50.62967304668684	37324782.0	31915594.0	-14.492215922386364	26023.0	1634.0	-93.72093916919648	25981797	37032454	42.53230444376115	70377	830	-98.82063742415846	1428647	4247653	197.31998177296418	69530	203	-99.70803969509564	138406	968	-99.30060835512911	26052174	37033284	42.15045546678753	1498177	4247856	183.53498952393474	0.13248604413282972	0.7245148435923026	446.861254960491	7.547964818070997	1.3802339715246992	-81.71382611349479	0.16412876434982873	0.008216693001289355	-94.99375198866662	0.0006972043400012356	5.1197543119517064e-05	-92.65673774787084	0.9628405839465296	0.3350042424643603	-65.20667615699875	0.01616725471011134	0.004247918116724338	-73.7251735505373
E03	E08	BLOCK	3.7002249611862745	1.167828	0.31561	-72.9746161249773	4671311300.0	1262438740.0	-72.97463904835458	673408885.0	680717578.0	1.0853276757701202	802214537.0	732426744.0	-8.69939271619058	123308317.0	136923020.0	11.041187919222018	16319347.0	24920609.0	52.705920157221975	140790333.0	161879309.0	14.978994331947494	22466008.0	8162983.0	-63.665182528199935	19254201.0	6138171.0	-68.12035461767539	15908854.0	454507.0	-97.14305631317002	48502092.0	57022753.0	17.567615433989946	1445149.0	366610.0	-74.63168157747056	139627664.0	161843629.0	15.910862048082386	169284661.0	174180843.0	2.892277404861865	119351.0	50075.0	-58.04392087204967	124332252	136971561	10.165752487134228	225456	18626	-91.73852104179974	15627866	24914873	59.42594465552751	726166	12020	-98.34473109454312	945422	28740	-96.96008766455616	124557708	136990187	9.981300394512726	16354032	24926893	52.420473434318836	0.14415842613614727	0.5392084038865917	274.03876994144497	6.936812691445257	1.8545705014833627	-73.2648035347633	0.15957067165967992	0.05042635189405213	-68.3987343228099	0.000705031390883076	0.0002874885615291229	-59.22329626074754	0.8262536575784163	0.07404599839268082	-91.03834546285763	0.02979560139385328	0.006429188012020395	-78.4223586326178
E03	E08	CODEBOOK	4.231588714844355	0.9576720000000001	0.226315	-76.36821375168117	3830688665.0	905257218.0	-76.36829047812999	520047612.0	534063348.0	2.695087079834524	597683916.0	535261627.0	-10.444030252271341	78451331.0	93204481.0	18.805480814595743	6214271.0	16011670.0	157.65966756197147	85830255.0	109244584.0	27.27980826807517	14551725.0	1929050.0	-86.74349604600143	14299963.0	1678487.0	-88.26229830105154	13398681.0	167413.0	-98.75052626448827	32738580.0	41421301.0	26.52137325442949	1265015.0	207763.0	-83.57624217894649	84665602.0	109216151.0	28.997076049846072	124768290.0	131571639.0	5.452786922061681	88538.0	35925.0	-59.424202037543196	79457600	93241346	17.347297174845444	218253	15164	-93.05210008568038	5522813	16006239	189.82040492770622	717251	9929	-98.61568683766212	931051	23681	-97.45653030822157	79675853	93256510	17.044884351598967	6240064	16016168	156.6667264951129	0.13575825588530308	0.5899575693855446	334.56478247921586	7.366034525700313	1.69503715503053	-76.98847121722692	0.16954074061646443	0.01765808362636998	-89.58475493137301	0.0007096194073029293	0.00027304516591147735	-61.522308564072695	0.9369731236367534	0.0997404209862811	-89.35503927805847	0.038639886030487576	0.005015849212461965	-87.01898548949039
E03	E08	OTHER	2.353502435746682	0.210156	0.08929500000000001	-57.510135328042026	840622635.0	357181522.0	-57.509885276881704	153361273.0	146654230.0	-4.373361585228885	204530621.0	197165117.0	-3.6011742222207377	44856986.0	43718539.0	-2.537948046710048	10105076.0	8908939.0	-11.836991626782423	54960078.0	52634725.0	-4.230985625602646	7914283.0	6233933.0	-21.231866487463236	4954238.0	4459684.0	-9.982443314188782	2510173.0	287094.0	-88.5627803342638	15763512.0	15601452.0	-1.0280703944653968	180134.0	158847.0	-11.817313777521177	54962062.0	52627478.0	-4.2476281184646965	44516371.0	42609204.0	-4.284192437878643	30813.0	14150.0	-54.07782429494045	44874652	43730215	-2.550297214561126	7203	3462	-51.93669304456476	10105053	8908634	-11.839809251866374	8915	2091	-76.54514862591138	14371	5059	-64.79716094913367	44881855	43733677	-2.5582231393956434	10113968	8910725	-11.896844047756527	0.182437715348933	0.41058739315187753	125.05620198465115	5.481322752191813	2.4355350813951975	-55.56665440980826	0.14400057801955812	0.11843764738962728	-17.751963902852452	0.0006921723246488354	0.0003320878747230293	-52.022370311972566	0.5066718635640839	0.06437541314586415	-87.29445667398463	0.011427275850711441	0.01018155233243675	-10.901316591540356
E03	E08	MHA_QK	3.593921801468971	0.16343	0.045474	-72.17524322339838	653719345.0	181896620.0	-72.17512050220878	68139053.0	61817945.0	-9.276777004811033	94080853.0	87103074.0	-7.4167896840816265	17951124.0	16880109.0	-5.966283782564252	3600473.0	2471583.0	-31.353935996742656	21542095.0	19351565.0	-10.168602450225938	4803734.0	2230116.0	-53.57536449770116	2531378.0	2170887.0	-14.240899620680914	2449853.0	264230.0	-89.21445490811082	7702858.0	7493898.0	-2.712759342052007	29860.0	9197.0	-69.19959812458139	21551597.0	19351692.0	-10.20761941678846	18572604.0	15098525.0	-18.705395323132933	24727.0	8915.0	-63.94629352529624	17959615	16882676	-5.996448142123311	4350	939	-78.41379310344827	3600754	2471347	-31.365847264211887	7777	1479	-80.98238395268098	10527	2053	-80.49776764510307	17963965	16883615	-6.013984106515458	3608531	2472826	-31.47277936645133	0.10423288452631	0.33985208191334176	226.05073097402175	9.59390123898552	2.9424565957344586	-69.3299261433131	0.22299288903887945	0.11524215224970177	-48.32025687168483	0.0013313695807006922	0.0005904550278917974	-55.6505544027043	0.9677942211712356	0.121715225159117	-87.42343956013544	0.003876483248165811	0.0012272651696086602	-68.34075910970722
E03	E08	MHA_SV	1.080893575690301	0.03116	0.028828	-7.483953786906294	124642469.0	115314197.0	-7.484023764002945	47206519.0	46812337.0	-0.8350160281888175	72426056.0	72027894.0	-0.5497496646786892	17426604.0	17357400.0	-0.39711695979319783	943719.0	874923.0	-7.289881839827316	18372495.0	18234285.0	-0.7522658190953324	3027397.0	3920081.0	29.48684959389205	2346001.0	2211262.0	-5.743347935486809	36408.0	9593.0	-73.65139529773677	4872674.0	4918105.0	0.9323628053097721	140836.0	140028.0	-0.5737169473714054	18370323.0	18232323.0	-0.7512116145154346	15561394.0	15292550.0	-1.7276344265815813	4217.0	3095.0	-26.60659236423998	17431208	17362019	-0.39692601912615366	1563	1146	-26.679462571976963	943363	874793	-7.268676002768815	1002	470	-53.093812375249506	2436	1517	-37.725779967159276	17432771	17363165	-0.39928247781146897	944365	875263	-7.31729786682056	0.37873542925405307	0.4059546718258811	7.186875182350461	2.6403656028948035	2.4633292074266664	-6.704995523121515	0.16477876303681127	0.2149840808126011	30.468318156129158	0.0002709911464230004	0.00020238612919362697	-25.316331597891118	0.015519174970513652	0.004338246666383269	-72.0458937113222	0.02890322644199058	0.028471941936985892	-1.4921673394154955
E03	E08	MHA_QKV	3.938138138138138	0.236052	0.05994	-74.60728991917036	944208208.0	239759593.0	-74.6073386178401	133749982.0	138792353.0	3.769997516709944	153120618.0	139341909.0	-8.9985980855955	19995718.0	24539697.0	22.72476037119546	2045242.0	4982143.0	143.59674796429957	22433690.0	29532025.0	31.641406295620556	3810372.0	628273.0	-83.51150491343103	3726589.0	550789.0	-85.22002292176573	3187308.0	65133.0	-97.95648867320008	8725677.0	11137436.0	27.63979230494091	421216.0	71625.0	-82.99566018384866	22040960.0	29521840.0	33.940808385841635	33147663.0	35135403.0	5.996621843295569	33106.0	22019.0	-33.48939769226122	20346264	24555041	20.68574849908562	56250	6021	-89.29599999999999	1997061	4981058	149.41942184039445	53151	3598	-93.23060713815356	108133	8844	-91.82118317257452	20402514	24561062	20.382527368931115	2050212	4984656	143.1288081427677	0.14165306006321013	0.5788813338534488	308.6613685543633	7.05950157062451	1.7274697619688024	-75.52986220504539	0.16985043477020498	0.02127429460052265	-87.47468934695092	0.0009987431089787536	0.0006266898375977074	-37.25214902974224	0.8552883078869175	0.11825399563172104	-86.17378554795397	0.048273159778891656	0.006431013385845719	-86.6778694096221
E03	E08	Projection	4.22737917819885	0.079424	0.018788	-76.34468170829976	317696641.0	75151789.0	-76.34479585196495	43174103.0	44987059.0	4.199174676541628	49511365.0	45051028.0	-9.008713453971628	6385634.0	7873195.0	23.295431589095152	399692.0	1433538.0	258.6606687149105	6916993.0	9309543.0	34.58945238198159	1255731.0	167315.0	-86.67588838692365	1231207.0	148888.0	-87.90715127513083	1099098.0	9398.0	-99.14493521050898	2733557.0	3572799.0	30.701463331476162	133292.0	17767.0	-86.67061789154637	6785326.0	9306733.0	37.15970315943553	10560348.0	11290343.0	6.912603637683157	2978.0	3644.0	22.36400268636669	6499655	7876006	21.175754713134776	18299	1232	-93.26739166074648	333681	1433144	329.4952364683635	66249	595	-99.10187323582242	84457	1719	-97.96464473045455	6517954	7877238	20.854458316213954	399930	1433739	258.4974870602355	0.1358972599272776	0.5986159424627935	340.4915469106069	7.358500094373704	1.6705201600309103	-77.2980887598522	0.18154290455404537	0.017972418194964028	-90.10018142041258	0.00028199828263235263	0.0003227537019911618	14.452364382638084	0.89269960290999	0.06312127236580517	-92.92916988424273	0.0487613757459603	0.004972851817300665	-89.80165809265
E03	E08	FF1	4.275460667119069	0.32762	0.076628	-76.610707527013	1310477916.0	306510280.0	-76.61080158179483	176415556.0	180493028.0	2.3112882403635737	202511844.0	180853141.0	-10.695030262032478	26162454.0	31576635.0	20.694469257356364	2278516.0	5837028.0	156.1767395971764	28955463.0	37423723.0	29.245811058175786	4968124.0	672121.0	-86.47133203599589	4894842.0	576357.0	-88.22521748403727	4830210.0	60740.0	-98.74249773819358	11592420.0	14388402.0	24.119053657476176	553896.0	66616.0	-87.97319352369398	28440970.0	37413663.0	31.54847742534801	43735497.0	45383253.0	3.7675483600883686	26431.0	7315.0	-72.32416480647724	26629884	31589914	18.625804002751202	73327	4613	-93.709002141094	1763424	5833813	230.82304652766433	528321	4735	-99.10376456737477	600055	8929	-98.51196973610752	26703211	31594527	18.31733269830358	2291745	5838548	154.76429532954148	0.13461925137851768	0.5888645170400157	337.4296476989515	7.428358052506435	1.6981834888381395	-77.13918100292503	0.17157812327159128	0.017959757771828313	-89.53260623826746	0.0006043374790047544	0.0001611828045909358	-73.32900735258424	0.98679589657848	0.10538607148000284	-89.32037801885798	0.04778087750443825	0.004629840061460612	-90.31026573124247
E03	E08	FF2	4.433207908792402	0.314576	0.070959	-77.44297085600937	1258305900.0	283835556.0	-77.44304020190957	166707971.0	169790908.0	1.849303894413068	192540089.0	170015549.0	-11.698623448750977	25907525.0	29214954.0	12.76628701506608	1490821.0	3758961.0	152.14033073051695	27524109.0	32979293.0	19.81965701414712	4517498.0	461341.0	-89.78768778646942	4447325.0	402453.0	-90.95067259532415	4282065.0	32142.0	-99.24938084779188	9686926.0	12322664.0	27.209230255294603	156611.0	51755.0	-66.95315143891554	27398346.0	32973915.0	20.35002039904161	37324782.0	39762640.0	6.531472842895636	26023.0	2947.0	-88.67540252853246	25981797	29220385	12.464834514718138	70377	3298	-95.31380990948747	1428647	3758224	163.06176403268267	69530	1001	-98.56033366891988	138406	4189	-96.97339710706183	26052174	29223683	12.1736827030251	1498177	3759225	150.91995138091158	0.13248604413282972	0.5982016854858029	351.5205276157611	7.547964818070997	1.6716770016919869	-77.85261269779991	0.16412876434982873	0.013988808068141425	-91.47693085757639	0.0006972043400012356	7.411479720662411e-05	-89.3697166018082	0.9628405839465296	0.07986522649849796	-91.70524925620155	0.01616725471011134	0.004199984678637672	-74.02165825957505
E03	E09	BLOCK	5.893388642453788	1.167828	0.198159	-83.03183345492658	4671311300.0	792637664.0	-83.03179529054295	673408885.0	521043372.0	-22.62600277393132	802214537.0	573072165.0	-28.56372721154017	123308317.0	163037028.0	32.21900352431215	16319347.0	28306629.0	73.45442192019081	140790333.0	191363875.0	35.92117507101855	22466008.0	11819589.0	-47.3890109894023	19254201.0	8811682.0	-54.235016036240616	15908854.0	198794.0	-98.7504191062411	48502092.0	61022298.0	25.81374428138068	1445149.0	390298.0	-72.99254263747198	139627664.0	191343657.0	37.038500479389235	169284661.0	190724120.0	12.66473812414699	119351.0	57219.0	-52.058214845288276	124332252	163075643	31.161175299873122	225456	20306	-90.99336455893832	15627866	28298759	81.07884339422927	726166	16067	-97.78742050715677	945422	33955	-96.40848213813514	124557708	163095949	30.940069160553275	16354032	28314826	73.13666745913179	0.14415842613614727	0.6573537893349464	355.99401086282876	6.936812691445257	1.521250833606228	-78.06988740690241	0.15957067165967992	0.06176499613628748	-61.29301487931622	0.000705031390883076	0.00030000924896127456	-57.44739130189611	0.8262536575784163	0.022560278503014522	-97.2695699079706	0.02979560139385328	0.006395989872423356	-78.53377823163245
E03	E09	CODEBOOK	7.790258028828948	0.9576720000000001	0.12293199999999999	-87.16345471100753	3830688665.0	491724988.0	-87.16353556756616	520047612.0	373941453.0	-28.094765869245066	597683916.0	375349049.0	-37.19940608206027	78451331.0	119235532.0	51.986627224973404	6214271.0	19315136.0	210.81901642203889	85830255.0	138565534.0	61.44136353783407	14551725.0	5400495.0	-62.88759580049788	14299963.0	4480491.0	-68.66781403560275	13398681.0	167921.0	-98.74673484651213	32738580.0	45352663.0	38.52971937084626	1265015.0	228552.0	-81.93286245617641	84665602.0	138550668.0	63.64457905821068	124768290.0	141800013.0	13.65068239694558	88538.0	40325.0	-54.454584472204026	79457600	119261456	50.09446044179538	218253	16584	-92.40147901747055	5522813	19307608	249.59735192917088	717251	13813	-98.07417487044285	931051	28565	-96.93196183667705	79675853	119278040	49.704126794852144	6240064	19321421	209.63498130788403	0.13575825588530308	0.7604686809204824	460.1638559374047	7.366034525700313	1.3149785455853165	-82.1480806124745	0.16954074061646443	0.038974302224390085	-77.01183675223062	0.0007096194073029293	0.0002843793815449086	-59.925083979064574	0.9369731236367534	0.03747825852122011	-96.00007112522582	0.038639886030487576	0.0050394394701806155	-86.95793391780606
E03	E09	OTHER	2.7936246294548495	0.210156	0.07522700000000002	-64.2042102057519	840622635.0	300912676.0	-64.20359582632462	153361273.0	147101919.0	-4.081443690155073	204530621.0	197723116.0	-3.328354926375543	44856986.0	43801496.0	-2.3530114127596535	10105076.0	8991493.0	-11.020035871081024	54960078.0	52798341.0	-3.9332859025418387	7914283.0	6419094.0	-18.892286262697453	4954238.0	4331191.0	-12.576040957257206	2510173.0	30873.0	-98.77008477104965	15763512.0	15669635.0	-0.59553353339028	180134.0	161746.0	-10.207956299199484	54962062.0	52792989.0	-3.9464913088595566	44516371.0	48924107.0	9.901382122994718	30813.0	16894.0	-45.172492129945155	44874652	43814187	-2.36317152944161	7203	3722	-48.32708593641538	10105053	8991151	-11.023217790149143	8915	2254	-74.71676948962423	14371	5390	-62.493911349245	44881855	43817909	-2.3705481870123224	10113968	8993405	-11.079360741501254	0.182437715348933	0.488852516801253	167.95584228089388	5.481322752191813	2.0456067333832673	-62.68041810591628	0.14400057801955812	0.12157757002251264	-15.571470827012924	0.0006921723246488354	0.0003453103395428352	-50.11208520681264	0.5066718635640839	0.0071280624659591325	-98.5931599959354	0.011427275850711441	0.010322257027684436	-9.670010923541405
E03	E09	MHA_QK	5.1713444926114605	0.16343	0.031603	-80.66266903261335	653719345.0	126415569.0	-80.66210370445745	68139053.0	61715367.0	-9.427319161597392	94080853.0	86981341.0	-7.546181580645317	17951124.0	16862530.0	-6.0642107981650595	3600473.0	2452992.0	-31.87028482091103	21542095.0	19315152.0	-10.337634292300724	4803734.0	2231780.0	-53.5407247778499	2531378.0	2169877.0	-14.280798837629149	2449853.0	7893.0	-99.6778174037381	7702858.0	7474220.0	-2.9682229634766744	29860.0	7360.0	-75.3516409912927	21551597.0	19315522.0	-10.375449206849963	18572604.0	17150065.0	-7.659340607272947	24727.0	6558.0	-73.47838395276418	17959615	16864377	-6.098337854124381	4350	827	-80.98850574712644	3600754	2452482	-31.889765310265574	7777	1460	-81.22669409798122	10527	2013	-80.87774294670847	17963965	16865204	-6.116472616151281	3608531	2453942	-31.996094809771623	0.10423288452631	0.4881943536559172	368.3688414405238	9.59390123898552	2.048364534557495	-78.64930560016799	0.22299288903887945	0.11554555718743502	-48.18419650714094	0.0013313695807006922	0.00038238922126534216	-71.2785069744426	0.9677942211712356	0.003637533371707244	-99.62414185865823	0.003876483248165811	0.0009847181378123738	-74.59764237912543
E03	E09	MHA_SV	1.0898153329602687	0.03116	0.028592	-8.241335044929398	124642469.0	114361477.0	-8.248386029644516	47206519.0	47348397.0	0.30054747311489827	72426056.0	72690820.0	0.3655645697454579	17426604.0	17455525.0	0.16595889824546628	943719.0	973883.0	3.1962904211952914	18372495.0	18429400.0	0.30972929915071834	3027397.0	4103442.0	35.54357092908529	2346001.0	2082488.0	-11.232433404759846	36408.0	9173.0	-74.80498791474402	4872674.0	5002964.0	2.673891173511711	140836.0	143844.0	2.1358175466499985	18370323.0	18429408.0	0.32163288582351957	15561394.0	19548859.0	25.62408611979108	4217.0	7112.0	68.65069954944273	17431208	17461459	0.17354505780666774	1563	1459	-6.653870761356362	943363	973931	3.240322124145223	1002	641	-36.02794411177644	2436	1854	-23.891625615763544	17432771	17462918	0.1729329204175345	944365	974572	3.1986572988198514	0.37873542925405307	0.41402400740242273	9.317474791802049	2.6403656028948035	2.415318875526029	-8.523316889223265	0.16477876303681127	0.22265738439667054	35.12504906164959	0.0002709911464230004	0.00036380639913562217	34.250289700514024	0.015519174970513652	0.0044048273027263544	-71.61687195939538	0.02890322644199058	0.028751755959067465	-0.5240608110901435
E03	E09	MHA_QKV	6.994962365910035	0.236052	0.033746	-85.70399742429635	944208208.0	134985186.0	-85.70387496567918	133749982.0	98996640.0	-25.983810599690393	153120618.0	99689694.0	-34.89466323862408	19995718.0	30889002.0	54.478083757732534	2045242.0	5889114.0	187.94216038982182	22433690.0	36783821.0	63.96687749540981	3810372.0	1352572.0	-64.50288843189064	3726589.0	1125158.0	-69.80729562610742	3187308.0	61682.0	-98.06476186173411	8725677.0	12210549.0	39.938127436988545	421216.0	80312.0	-80.9332978804224	22040960.0	36778116.0	66.86258674758267	33147663.0	37965526.0	14.534548031334825	33106.0	26006.0	-21.446263517187212	20346264	30902096	51.880934996223395	56250	7381	-86.87822222222222	1997061	5887621	194.81427958384847	53151	5238	-90.14505841846814	108133	11518	-89.3483025533371	20402514	30909477	51.498374170947756	2050212	5892859	187.42681244671283	0.14165306006321013	0.7333889216554474	417.7360244305247	7.05950157062451	1.363533004756525	-80.68513773790545	0.16985043477020498	0.036770840092985445	-78.35104741254642	0.0009987431089787536	0.000684989851055929	-31.41481078589341	0.8552883078869175	0.054820745175344264	-93.5903782771467	0.048273159778891656	0.006577263643100732	-86.37490548945428
E03	E09	Projection	7.513385677797747	0.079424	0.010571	-86.69042103142627	317696641.0	42281026.0	-86.69138399861143	43174103.0	31786990.0	-26.374868749444545	49511365.0	31907198.0	-35.55581026699628	6385634.0	10013636.0	56.81506331242912	399692.0	1746371.0	336.929185472814	6916993.0	11761466.0	70.03726908499112	1255731.0	586449.0	-53.298198419884514	1231207.0	487717.0	-60.387083569212976	1099098.0	10424.0	-99.05158593683184	2733557.0	3939631.0	44.121048143499486	133292.0	20871.0	-84.3418959877562	6785326.0	11760007.0	73.31528359875415	10560348.0	12233787.0	15.846438015110875	2978.0	5407.0	81.56480859637341	6499655	10016607	54.10982582921709	18299	1397	-92.36570304388218	333681	1745857	423.21139051968794	66249	1171	-98.23242614982868	84457	2332	-97.23883159477604	6517954	10018004	53.698599284376655	399930	1747028	336.83344585302433	0.1358972599272776	0.7518027116938931	453.21403249499184	7.358500094373704	1.3301361972303762	-81.9238135466303	0.18154290455404537	0.04986189646766823	-72.53437329861364	0.00028199828263235263	0.00044197271049430564	56.72886599473203	0.89269960290999	0.021373050355021458	-97.60579591551846	0.0487613757459603	0.005297704277380293	-89.13544953083243
E03	E09	FF1	7.632382061735586	0.32762	0.042925	-86.89793052927172	1310477916.0	171699745.0	-86.89792915213079	176415556.0	126457475.0	-28.318410310709787	202511844.0	126807409.0	-37.38271969910066	26162454.0	39940812.0	52.66462389193307	2278516.0	6862509.0	201.1832701635626	28955463.0	46807928.0	61.65491119931323	4968124.0	2342334.0	-52.85274683160082	4894842.0	1937479.0	-60.41794607466391	4830210.0	60415.0	-98.74922622411863	11592420.0	15620207.0	34.74500578826509	553896.0	71591.0	-87.07501047127981	28440970.0	46803321.0	64.56302650718312	43735497.0	48623083.0	11.17532973273403	26431.0	5935.0	-77.54530664749726	26629884	39947292	50.00926027315777	73327	4614	-93.7076383869516	1763424	6858166	288.9119122797467	528321	5790	-98.90407536327346	600055	10036	-98.32748664705736	26703211	39951906	49.61461376311635	2291745	6863956	199.50784227739126	0.13461925137851768	0.7365035690647065	447.1012217961543	7.428358052506435	1.3577666721559956	-81.72184670476585	0.17157812327159128	0.050041394697069266	-70.83462988002343	0.0006043374790047544	0.0001220613674373548	-79.80244951241977	0.98679589657848	0.031182273459480075	-96.84004832533269	0.04778087750443825	0.004583229914942868	-90.40781552302562
E03	E09	FF2	8.81412160268983	0.314576	0.03569	-88.65456996083617	1258305900.0	142759031.0	-88.65466410035906	166707971.0	116700348.0	-29.997139728849554	192540089.0	116944748.0	-39.262130495847025	25907525.0	38392082.0	48.18892194449296	1490821.0	4817142.0	223.12007947298835	27524109.0	43212319.0	56.9980666767451	4517498.0	1119140.0	-75.22655239692413	4447325.0	930137.0	-79.08547272798818	4282065.0	35400.0	-99.17329606159645	9686926.0	13582276.0	40.212447168482555	156611.0	55778.0	-64.38436635996194	27398346.0	43209224.0	57.70741781273949	37324782.0	42977617.0	15.144991335783287	26023.0	2977.0	-88.56011989393997	25981797	38395461	47.77831186965243	70377	3192	-95.46442729869133	1428647	4815964	237.09964742865105	69530	1614	-97.67869984179491	138406	4679	-96.61936621244743	26052174	38398653	47.39135781912096	1498177	4817578	221.56267250131324	0.13248604413282972	0.8174638562796073	517.0188427243121	7.547964818070997	1.2232956751765642	-83.79303951910579	0.16412876434982873	0.02589863321151545	-84.2205396999673	0.0006972043400012356	6.92686148699217e-05	-90.06480440586486	0.9628405839465296	0.03805890960148881	-96.04722627649413	0.01616725471011134	0.004106675493856847	-74.5988074815915
