exp_id	study	model	d_q	d_seq	d_model	num_head	d_ff	implementation	n_learners	codebook_size	sve_bits	executable	gem5_timestamp	stats_file	row_index	row_kind	dump_index	checkpoint	interval	sim_seconds	instructions	ops	cpu_cycles	memory_references	load_instructions	store_instructions	dcache_demand_accesses	dcache_demand_misses	icache_demand_accesses	icache_demand_misses	l2_demand_accesses	l2_demand_misses	committed_branches	branch_mispredictions	ipc	cpi	dcache_demand_miss_rate	icache_demand_miss_rate	l2_demand_miss_rate	branch_misprediction_rate	btb_hit_ratio
E01	Dense baseline	BERT-mini	64	512	256	4	1024	Dense naive/default	1	NA	128	transformer_BERT_mini_int8_noTiling_1D_dense_SVE_128.o	run_20260503_224116	/home/thu/gem5/output/run_20260503_224116/stats_20260503_224116.txt	1	interval_delta	1	after_mha	MHA	2.961554	9085632701	10482527523	11846217720	3800245900	2029495794	1770750106	3816003124	15064298	4070775569	173842	15226685	3801608	1417048763	15882194							
E01	Dense baseline	BERT-mini	64	512	256	4	1024	Dense naive/default	1	NA	128	transformer_BERT_mini_int8_noTiling_1D_dense_SVE_128.o	run_20260503_224116	/home/thu/gem5/output/run_20260503_224116/stats_20260503_224116.txt	2	interval_delta	2	after_projection	Projection	0.426757	1297519642	1497015578	1700471227	542615265	289749769	252865496	544865104	1423909	581157910	53213	1473242	631970	202418744	2296452							
E01	Dense baseline	BERT-mini	64	512	256	4	1024	Dense naive/default	1	NA	128	transformer_BERT_mini_int8_noTiling_1D_dense_SVE_128.o	run_20260503_224116	/home/thu/gem5/output/run_20260503_224116/stats_20260503_224116.txt	3	interval_delta	3	after_attn_addnorm	non_GEMM_after_projection	0.002835	5249089	5713587	11338396	1745659	1181688	563971	1745372	34861	2135137	36591	68547	19400	807886	37296							
E01	Dense baseline	BERT-mini	64	512	256	4	1024	Dense naive/default	1	NA	128	transformer_BERT_mini_int8_noTiling_1D_dense_SVE_128.o	run_20260503_224116	/home/thu/gem5/output/run_20260503_224116/stats_20260503_224116.txt	4	interval_delta	4	after_ff1	FF1	1.642133	5183583714	5980502456	6568530560	2168277770	1157765178	1010512592	2177276294	9987226	2322045988	85362	10066438	1240753	808390456	9062546							
E01	Dense baseline	BERT-mini	64	512	256	4	1024	Dense naive/default	1	NA	128	transformer_BERT_mini_int8_noTiling_1D_dense_SVE_128.o	run_20260503_224116	/home/thu/gem5/output/run_20260503_224116/stats_20260503_224116.txt	5	interval_delta	5	after_ff2	FF2	2.063845	5184339867	5981430388	8255383356	2168579949	1157939660	1010640289	2177583497	10313823	2322424458	102377	10409293	8604533	808533117	9083957							
E01	Dense baseline	BERT-mini	64	512	256	4	1024	Dense naive/default	1	NA	128	transformer_BERT_mini_int8_noTiling_1D_dense_SVE_128.o	run_20260503_224116	/home/thu/gem5/output/run_20260503_224116/stats_20260503_224116.txt	6	interval_delta	6	final_total	non_GEMM_after_ff2	0.002747	5245671	5709519	10985756	1744271	1181044	563227	1744035	34401	2132592	36564	68176	19258	807116	37124							
E01	Dense baseline	BERT-mini	64	512	256	4	1024	Dense naive/default	1	NA	128	transformer_BERT_mini_int8_noTiling_1D_dense_SVE_128.o	run_20260503_224116	/home/thu/gem5/output/run_20260503_224116/stats_20260503_224116.txt	7	final_total	6	final_total	total_program	7.099871	20761570684	23952899051	28392927015	8683208814	4637313133	4045895681	8719217426	36858518	9300671654	487949	37312381	14317522	3238006082	36399569	0.731223	1.367571	0.004227273642	0.000052463845	0.383720406371	0.011241352881	0.902637
E02	Dense baseline	BERT-mini	64	512	256	4	1024	Dense naive/default	2	NA	128	transformer_BERT_mini_int8_noTiling_2D_dense_baseline_SVE_128.o	run_20260512_020723	/home/thu/gem5/output/run_20260512_020723/stats_20260512_020723.txt	1	interval_delta	1	after_mha	MHA	2953794.956270	18169640239	20963113019	23636237192	7599873093	4058639910	3541233183	7631376326	29987660	8046633250	287063	30250657	7542617	2833765852	31728007							
E02	Dense baseline	BERT-mini	64	512	256	4	1024	Dense naive/default	2	NA	128	transformer_BERT_mini_int8_noTiling_2D_dense_baseline_SVE_128.o	run_20260512_020723	/home/thu/gem5/output/run_20260512_020723/stats_20260512_020723.txt	2	interval_delta	2	after_projection	Projection	-2953788.187375	2595579600	2994618998	3428492891	1085382759	579593634	505789125	1089872695	2937655	1149025369	105229	3034450	1404078	404939479	4594274							
E02	Dense baseline	BERT-mini	64	512	256	4	1024	Dense naive/default	2	NA	128	transformer_BERT_mini_int8_noTiling_2D_dense_baseline_SVE_128.o	run_20260512_020723	/home/thu/gem5/output/run_20260512_020723/stats_20260512_020723.txt	3	interval_delta	3	after_attn_addnorm	non_GEMM_after_projection	0.005875	11025862	12001508	23503288	3639015	2454950	1184065	3627623	76720	4424686	71962	142381	42867	1715036	73663							
E02	Dense baseline	BERT-mini	64	512	256	4	1024	Dense naive/default	2	NA	128	transformer_BERT_mini_int8_noTiling_2D_dense_baseline_SVE_128.o	run_20260512_020723	/home/thu/gem5/output/run_20260512_020723/stats_20260512_020723.txt	4	interval_delta	4	after_ff1	FF1	3.297318	10367949398	11961885639	13176944812	4336801414	2315683327	2021118087	4354793839	19990507	4590555123	172136	20147013	2661454	1616933132	18145934							
E02	Dense baseline	BERT-mini	64	512	256	4	1024	Dense naive/default	2	NA	128	transformer_BERT_mini_int8_noTiling_2D_dense_baseline_SVE_128.o	run_20260512_020723	/home/thu/gem5/output/run_20260512_020723/stats_20260512_020723.txt	5	interval_delta	5	after_ff2	FF2	4.142566	10368414414	11962511626	16570261224	4337020107	2315809393	2021210714	4355015328	20628754	4590895147	186280	20800719	17427908	1617013671	18168762							
E02	Dense baseline	BERT-mini	64	512	256	4	1024	Dense naive/default	2	NA	128	transformer_BERT_mini_int8_noTiling_2D_dense_baseline_SVE_128.o	run_20260512_020723	/home/thu/gem5/output/run_20260512_020723/stats_20260512_020723.txt	6	interval_delta	6	final_total	non_GEMM_after_ff2	0.005935	11042184	12021484	23741028	3645259	2458340	1186919	3634259	76688	4432784	73026	143551	43933	1718517	74504							
E02	Dense baseline	BERT-mini	64	512	256	4	1024	Dense naive/default	2	NA	128	transformer_BERT_mini_int8_noTiling_2D_dense_baseline_SVE_128.o	run_20260512_020723	/home/thu/gem5/output/run_20260512_020723/stats_20260512_020723.txt	7	final_total	6	final_total	total_program	14.220589	41523651697	47906152274	56859180435	17366361647	9274639554	8091722093	17438320070	73697984	18385966359	895696	74518771	29122857	6476085687	72785144	0.730289	1.369320	0.004226208930	0.000048716286	0.390812363237	0.011239064385	0.902644
E03	Dense baseline	BERT-mini	64	512	256	4	1024	Dense naive/default	4	NA	128	transformer_BERT_mini_int8_noTiling_4D_dense_baseline_SVE_128.o	run_20260512_020725	/home/thu/gem5/output/run_20260512_020725/stats_20260512_020725.txt	1	interval_delta	1	after_mha	MHA	11.846347	36341508515	41928666025	47379716980	15200385270	8117675912	7082709358	15263358033	59948890	15350977091	622885	60521089	14967862	5667953851	63451055							
E03	Dense baseline	BERT-mini	64	512	256	4	1024	Dense naive/default	4	NA	128	transformer_BERT_mini_int8_noTiling_4D_dense_baseline_SVE_128.o	run_20260512_020725	/home/thu/gem5/output/run_20260512_020725/stats_20260512_020725.txt	2	interval_delta	2	after_projection	Projection	1.730941	5193316160	5991593613	6914799174	2171376865	1159564745	1011812120	2180315269	5904964	2192516992	213737	6100340	2991782	810286991	9188059							
E03	Dense baseline	BERT-mini	64	512	256	4	1024	Dense naive/default	4	NA	128	transformer_BERT_mini_int8_noTiling_4D_dense_baseline_SVE_128.o	run_20260512_020725	/home/thu/gem5/output/run_20260512_020725/stats_20260512_020725.txt	3	interval_delta	3	after_attn_addnorm	non_GEMM_after_projection	0.013543	24244506	26402811	54173140	7901794	5293563	2608231	7838003	186445	9518500	146903	319861	106913	3845396	149522							
E03	Dense baseline	BERT-mini	64	512	256	4	1024	Dense naive/default	4	NA	128	transformer_BERT_mini_int8_noTiling_4D_dense_baseline_SVE_128.o	run_20260512_020725	/home/thu/gem5/output/run_20260512_020725/stats_20260512_020725.txt	4	interval_delta	4	after_ff1	FF1	6.667085	20738076517	23926195114	26514956860	8674219649	4631725004	4042494645	8710162396	40003779	8757269008	350724	40326419	5719034	3234280636	36266122							
E03	Dense baseline	BERT-mini	64	512	256	4	1024	Dense naive/default	4	NA	128	transformer_BERT_mini_int8_noTiling_4D_dense_baseline_SVE_128.o	run_20260512_020725	/home/thu/gem5/output/run_20260512_020725/stats_20260512_020725.txt	5	interval_delta	5	after_ff2	FF2	8.294134	20739075303	23927479037	33176242481	8674663327	4631969247	4042694080	8710615936	41286001	8757685416	398217	41652476	34929685	3234437018	36293835							
E03	Dense baseline	BERT-mini	64	512	256	4	1024	Dense naive/default	4	NA	128	transformer_BERT_mini_int8_noTiling_4D_dense_baseline_SVE_128.o	run_20260512_020725	/home/thu/gem5/output/run_20260512_020725/stats_20260512_020725.txt	6	interval_delta	6	final_total	non_GEMM_after_ff2	0.013458	24233529	26391066	53832680	7898470	5291381	2607089	7834741	186057	9514795	146118	318244	106401	3843319	148808							
E03	Dense baseline	BERT-mini	64	512	256	4	1024	Dense naive/default	4	NA	128	transformer_BERT_mini_int8_noTiling_4D_dense_baseline_SVE_128.o	run_20260512_020725	/home/thu/gem5/output/run_20260512_020725/stats_20260512_020725.txt	7	final_total	6	final_total	total_program	28.565508	83060454530	95826727666	114093721315	34736445375	18551519852	16184925523	34880124378	147516136	35077481802	1878584	149238429	58821677	12954647211	145497401	0.728002	1.373623	0.004229231937	0.000053555270	0.394145645958	0.011231290102	0.902555
E04	Dense baseline	BERT-base	64	512	768	12	3072	Dense naive/default	1	NA	128	transformer_BERT_base_int8_noTiling_1D_dense_baseline_SVE_128.o	run_20260516_021425	/home/thu/gem5/output/run_20260516_021425/stats_20260516_021425.txt	1	interval_delta	1	after_mha	MHA	17.135089	50567372580	58341654214	68540356656	21152703946	11295475095	9857228851	21240462348	75994300	21358135133	564656	76499125	32275270	7885778500	88149056							
E04	Dense baseline	BERT-base	64	512	768	12	3072	Dense naive/default	1	NA	128	transformer_BERT_base_int8_noTiling_1D_dense_baseline_SVE_128.o	run_20260516_021425	/home/thu/gem5/output/run_20260516_021425/stats_20260516_021425.txt	2	interval_delta	2	after_projection	Projection	3.891776	11661530145	13454294922	15567101395	4878077197	2604691693	2273385504	4898311500	13503568	4924645300	143409	13612745	6737460	1818567782	20356968							
E04	Dense baseline	BERT-base	64	512	768	12	3072	Dense naive/default	1	NA	128	transformer_BERT_base_int8_noTiling_1D_dense_baseline_SVE_128.o	run_20260516_021425	/home/thu/gem5/output/run_20260516_021425/stats_20260516_021425.txt	3	interval_delta	3	after_attn_addnorm	non_GEMM_after_projection	0.005687	12784442	13630895	22749432	4197452	2970856	1226596	4173951	60851	5141199	37080	94378	39452	1831007	38186							
E04	Dense baseline	BERT-base	64	512	768	12	3072	Dense naive/default	1	NA	128	transformer_BERT_base_int8_noTiling_1D_dense_baseline_SVE_128.o	run_20260516_021425	/home/thu/gem5/output/run_20260516_021425/stats_20260516_021425.txt	4	interval_delta	4	after_ff1	FF1	14.924529	46635743160	53805289236	59698117028	19508945076	10416776390	9092168686	19589938659	89531760	19694494422	439650	89914522	12918126	7272232137	81248415							
E04	Dense baseline	BERT-base	64	512	768	12	3072	Dense naive/default	1	NA	128	transformer_BERT_base_int8_noTiling_1D_dense_baseline_SVE_128.o	run_20260516_021425	/home/thu/gem5/output/run_20260516_021425/stats_20260516_021425.txt	5	interval_delta	5	after_ff2	FF2	19.054167	46639580227	53810236163	76214754526	19510633931	10417826451	9092807480	19591676720	92562383	19697708959	541221	93027792	78625271	7272966845	81486038							
E04	Dense baseline	BERT-base	64	512	768	12	3072	Dense naive/default	1	NA	128	transformer_BERT_base_int8_noTiling_1D_dense_baseline_SVE_128.o	run_20260516_021425	/home/thu/gem5/output/run_20260516_021425/stats_20260516_021425.txt	6	interval_delta	6	final_total	non_GEMM_after_ff2	0.005939	12796723	13645894	23756472	4201913	2973341	1228572	4178837	64790	5147398	38123	99337	43524	1833594	38966							
E04	Dense baseline	BERT-base	64	512	768	12	3072	Dense naive/default	1	NA	128	transformer_BERT_base_int8_noTiling_1D_dense_baseline_SVE_128.o	run_20260516_021425	/home/thu/gem5/output/run_20260516_021425/stats_20260516_021425.txt	7	final_total	6	final_total	total_program	55.017187	155529807277	179438751324	220066835509	65058759515	34740713826	30318045689	65328742015	271717652	65685272411	1764139	273247899	130639103	24253209865	271317629	0.706739	1.414950	0.004159235945	0.000026857451	0.478097374136	0.011186875078	0.903038
E05	Dense baseline	BERT-base	64	512	768	12	3072	Dense naive/default	2	NA	128	transformer_BERT_base_int8_noTiling_2D_dense_baseline_SVE_128.o	run_20260516_021427	/home/thu/gem5/output/run_20260516_021427/stats_20260516_021427.txt	1	interval_delta	1	after_mha	MHA	34.240172	101137536120	116686365248	136949996666	42306200234	22591436714	19714763520	42481711202	151714726	42717386076	1113932	152718360	63884092	15772073714	176336834							
E05	Dense baseline	BERT-base	64	512	768	12	3072	Dense naive/default	2	NA	128	transformer_BERT_base_int8_noTiling_2D_dense_baseline_SVE_128.o	run_20260516_021427	/home/thu/gem5/output/run_20260516_021427/stats_20260516_021427.txt	2	interval_delta	2	after_projection	Projection	7.794826	23325870450	26911661224	31179301664	9756950640	5209874206	4547076434	9797368990	27072298	9850061548	272906	27313386	13510806	3637665466	40721634							
E05	Dense baseline	BERT-base	64	512	768	12	3072	Dense naive/default	2	NA	128	transformer_BERT_base_int8_noTiling_2D_dense_baseline_SVE_128.o	run_20260516_021427	/home/thu/gem5/output/run_20260516_021427/stats_20260516_021427.txt	3	interval_delta	3	after_attn_addnorm	non_GEMM_after_projection	0.014014	28403714	30362696	56054952	9200078	6437272	2762806	9099518	164414	11147288	77364	233668	110446	4198492	78938							
E05	Dense baseline	BERT-base	64	512	768	12	3072	Dense naive/default	2	NA	128	transformer_BERT_base_int8_noTiling_2D_dense_baseline_SVE_128.o	run_20260516_021427	/home/thu/gem5/output/run_20260516_021427/stats_20260516_021427.txt	4	interval_delta	4	after_ff1	FF1	29.883046	93274418924	107613801454	119519508988	39018731420	20834067266	18184664154	39180680732	179370008	39389780424	822136	180113964	26046082	14545006796	162525670							
E05	Dense baseline	BERT-base	64	512	768	12	3072	Dense naive/default	2	NA	128	transformer_BERT_base_int8_noTiling_2D_dense_baseline_SVE_128.o	run_20260516_021427	/home/thu/gem5/output/run_20260516_021427/stats_20260516_021427.txt	5	interval_delta	5	after_ff2	FF2	38.138620	93282017520	107623597162	152554478728	39022076918	20836150978	18185925940	39184142328	185364466	39396400524	1007734	186243716	157280148	14546464382	163023016							
E05	Dense baseline	BERT-base	64	512	768	12	3072	Dense naive/default	2	NA	128	transformer_BERT_base_int8_noTiling_2D_dense_baseline_SVE_128.o	run_20260516_021427	/home/thu/gem5/output/run_20260516_021427/stats_20260516_021427.txt	6	interval_delta	6	final_total	non_GEMM_after_ff2	0.013890	28400700	30358992	55556152	9198600	6436752	2761848	9098372	162940	11147062	77650	232502	108686	4197908	79122							
E05	Dense baseline	BERT-base	64	512	768	12	3072	Dense naive/default	2	NA	128	transformer_BERT_base_int8_noTiling_2D_dense_baseline_SVE_128.o	run_20260516_021427	/home/thu/gem5/output/run_20260516_021427/stats_20260516_021427.txt	7	final_total	6	final_total	total_program	110.084568	311076647428	358896146776	440314897150	130122357890	69484403188	60637954702	130662101142	543848852	131375922922	3371722	546855596	260940260	48509606758	542765214	0.706487	1.415455	0.004162253991	0.000025664687	0.477164834572	0.011188819087	0.902975
E06	Dense baseline	BERT-base	64	512	768	12	3072	Dense naive/default	4	NA	128	transformer_BERT_base_int8_noTiling_4D_dense_baseline_SVE_128.o	run_20260516_021428	/home/thu/gem5/output/run_20260516_021428/stats_20260516_021428.txt	1	interval_delta	1	after_mha	MHA	68.284392	202286214464	233384877704	273112194296	84615532612	45184809900	39430722712	84966088044	303627256	87553795616	2421156	305756216	128214860	31546277404	352694836							
E06	Dense baseline	BERT-base	64	512	768	12	3072	Dense naive/default	4	NA	128	transformer_BERT_base_int8_noTiling_4D_dense_baseline_SVE_128.o	run_20260516_021428	/home/thu/gem5/output/run_20260516_021428/stats_20260516_021428.txt	2	interval_delta	2	after_projection	Projection	15.535124	46663511760	53836250684	62107077764	19517279072	10421815588	9095463484	19597868268	54369128	20189831900	612672	54909836	27165284	7277572008	81470060							
E06	Dense baseline	BERT-base	64	512	768	12	3072	Dense naive/default	4	NA	128	transformer_BERT_base_int8_noTiling_4D_dense_baseline_SVE_128.o	run_20260516_021428	/home/thu/gem5/output/run_20260516_021428/stats_20260516_021428.txt	3	interval_delta	3	after_attn_addnorm	non_GEMM_after_projection	0.039328	67964100	72906012	157310992	21552084	14821236	6730848	21134056	495752	25663396	155496	629432	356684	10508260	159092							
E06	Dense baseline	BERT-base	64	512	768	12	3072	Dense naive/default	4	NA	128	transformer_BERT_base_int8_noTiling_4D_dense_baseline_SVE_128.o	run_20260516_021428	/home/thu/gem5/output/run_20260516_021428/stats_20260516_021428.txt	4	interval_delta	4	after_ff1	FF1	59.564104	186559737384	215239461204	238254547992	78040514180	41670028564	36370485616	78364002040	358845936	80724778708	1753568	360438776	52172248	29092090992	325074740							
E06	Dense baseline	BERT-base	64	512	768	12	3072	Dense naive/default	4	NA	128	transformer_BERT_base_int8_noTiling_4D_dense_baseline_SVE_128.o	run_20260516_021428	/home/thu/gem5/output/run_20260516_021428/stats_20260516_021428.txt	5	interval_delta	5	after_ff2	FF2	75.098448	186573998464	215257870792	300393793696	78046827804	41673992748	36372835056	78370488460	370766856	80738406668	2168224	372738264	314695476	29094881780	326058372							
E06	Dense baseline	BERT-base	64	512	768	12	3072	Dense naive/default	4	NA	128	transformer_BERT_base_int8_noTiling_4D_dense_baseline_SVE_128.o	run_20260516_021428	/home/thu/gem5/output/run_20260516_021428/stats_20260516_021428.txt	6	interval_delta	6	final_total	non_GEMM_after_ff2	0.039576	68182224	73173124	158308992	21632416	14863036	6769380	21216780	496880	25774660	161956	636944	358820	10550852	166284							
E06	Dense baseline	BERT-base	64	512	768	12	3072	Dense naive/default	4	NA	128	transformer_BERT_base_int8_noTiling_4D_dense_baseline_SVE_128.o	run_20260516_021428	/home/thu/gem5/output/run_20260516_021428/stats_20260516_021428.txt	7	final_total	6	final_total	total_program	218.560972	622219608396	717864539520	874183233732	260263338168	138980331072	121283007096	261340797648	1088601808	269258250948	7273072	1095109468	522963372	97031881296	1085623384	0.711773	1.404943	0.004165449168	0.000027011510	0.477544380066	0.011188316350	0.902958
E07	Learner scaling	BERT-mini	64	512	256	4	1024	Codebook SIMD int8	1	8	128	transformer_BERT_mini_int8_noTiling_1D_CB_8_SVE_128.o	run_20260503_224320	/home/thu/gem5/output/run_20260503_224320/stats_20260503_224320.txt	1	interval_delta	1	after_mha	MHA	0.453696	1011796804	1155779969	1814782868	203589214	178247155	25342059	179283818	3012933	196056319	106341	3024908	92392	70812617	1121595							
E07	Learner scaling	BERT-mini	64	512	256	4	1024	Codebook SIMD int8	1	8	128	transformer_BERT_mini_int8_noTiling_1D_CB_8_SVE_128.o	run_20260503_224320	/home/thu/gem5/output/run_20260503_224320/stats_20260503_224320.txt	2	interval_delta	2	after_projection	Projection	0.138732	299094485	339983924	554929208	53278267	52259308	1018959	46692624	740255	49581643	57445	775182	34433	19921729	184121							
E07	Learner scaling	BERT-mini	64	512	256	4	1024	Codebook SIMD int8	1	8	128	transformer_BERT_mini_int8_noTiling_1D_CB_8_SVE_128.o	run_20260503_224320	/home/thu/gem5/output/run_20260503_224320/stats_20260503_224320.txt	3	interval_delta	3	after_attn_addnorm	non_GEMM_after_projection	0.002714	4712574	5038698	10856336	1624845	1069532	555313	1625668	32958	1984339	36804	66816	19222	694602	37329							
E07	Learner scaling	BERT-mini	64	512	256	4	1024	Codebook SIMD int8	1	8	128	transformer_BERT_mini_int8_noTiling_1D_CB_8_SVE_128.o	run_20260503_224320	/home/thu/gem5/output/run_20260503_224320/stats_20260503_224320.txt	4	interval_delta	4	after_ff1	FF1	0.666823	1187550573	1350212232	2667291576	210402152	207578291	2823861	184060758	2845015	194916787	128336	2904276	2717007	78174257	629464							
E07	Learner scaling	BERT-mini	64	512	256	4	1024	Codebook SIMD int8	1	8	128	transformer_BERT_mini_int8_noTiling_1D_CB_8_SVE_128.o	run_20260503_224320	/home/thu/gem5/output/run_20260503_224320/stats_20260503_224320.txt	5	interval_delta	5	after_ff2	FF2	0.563072	1165582569	1327318062	2252289152	207811708	206133042	1678666	182630071	2378673	189808624	118631	2460347	468021	75907677	223283							
E07	Learner scaling	BERT-mini	64	512	256	4	1024	Codebook SIMD int8	1	8	128	transformer_BERT_mini_int8_noTiling_1D_CB_8_SVE_128.o	run_20260503_224320	/home/thu/gem5/output/run_20260503_224320/stats_20260503_224320.txt	6	interval_delta	6	final_total	non_GEMM_after_ff2	0.002627	4784006	5118743	10507080	1645774	1082003	563771	1645366	33943	2007165	36718	67694	19081	707606	37357							
E07	Learner scaling	BERT-mini	64	512	256	4	1024	Codebook SIMD int8	1	8	128	transformer_BERT_mini_int8_noTiling_1D_CB_8_SVE_128.o	run_20260503_224320	/home/thu/gem5/output/run_20260503_224320/stats_20260503_224320.txt	7	final_total	6	final_total	total_program	1.827664	3673521011	4183451628	7310656220	678351960	646369331	31982629	595938305	9043777	634354877	484275	9299223	3350156	246218488	2233149	0.502489	1.990095	0.015175693397	0.000763413379	0.360261927260	0.009069786019	0.776141
E08	Learner scaling	BERT-mini	64	512	256	4	1024	Codebook SIMD int8	2	8	128	transformer_BERT_mini_int8_noTiling_2D_CB_8_SVE_128.o	run_20260503_224556	/home/thu/gem5/output/run_20260503_224556/stats_20260503_224556.txt	1	interval_delta	1	after_mha	MHA	0.908711	1664302336	1958286960	3634845044	224462061	210042108	14419953	224744454	43381453	301593689	113223	31538213	3574493	100769893	1690435							
E08	Learner scaling	BERT-mini	64	512	256	4	1024	Codebook SIMD int8	2	8	128	transformer_BERT_mini_int8_noTiling_2D_CB_8_SVE_128.o	run_20260503_224556	/home/thu/gem5/output/run_20260503_224556/stats_20260503_224556.txt	2	interval_delta	2	after_projection	Projection	0.289211	400340238	431187550	1156842356	23161969	22087748	1074221	23246816	6186335	57551377	51127	4489086	2455441	20118923	181505							
E08	Learner scaling	BERT-mini	64	512	256	4	1024	Codebook SIMD int8	2	8	128	transformer_BERT_mini_int8_noTiling_2D_CB_8_SVE_128.o	run_20260503_224556	/home/thu/gem5/output/run_20260503_224556/stats_20260503_224556.txt	3	interval_delta	3	after_attn_addnorm	non_GEMM_after_projection	0.004345	8456475	8834084	17381188	2661469	1785044	876425	2651432	44675	2405149	37031	78908	29321	894444	37705							
E08	Learner scaling	BERT-mini	64	512	256	4	1024	Codebook SIMD int8	2	8	128	transformer_BERT_mini_int8_noTiling_2D_CB_8_SVE_128.o	run_20260503_224556	/home/thu/gem5/output/run_20260503_224556/stats_20260503_224556.txt	4	interval_delta	4	after_ff1	FF1	1.173767	1594660434	1717426861	4695067720	90398809	86912813	3485996	90772646	24230674	227544518	98242	17693800	10537380	79095326	621673							
E08	Learner scaling	BERT-mini	64	512	256	4	1024	Codebook SIMD int8	2	8	128	transformer_BERT_mini_int8_noTiling_2D_CB_8_SVE_128.o	run_20260503_224556	/home/thu/gem5/output/run_20260503_224556/stats_20260503_224556.txt	5	interval_delta	5	after_ff2	FF2	1.439771	1568599130	1690644365	5759081872	87843897	85918283	1925614	88457907	23992206	220553389	97783	17261038	15235428	76316055	218172							
E08	Learner scaling	BERT-mini	64	512	256	4	1024	Codebook SIMD int8	2	8	128	transformer_BERT_mini_int8_noTiling_2D_CB_8_SVE_128.o	run_20260503_224556	/home/thu/gem5/output/run_20260503_224556/stats_20260503_224556.txt	6	interval_delta	6	final_total	non_GEMM_after_ff2	0.005805	11834242	12249827	23220444	3628262	2399283	1228979	3613064	82550	3387474	37665	108861	39650	1249269	39871							
E08	Learner scaling	BERT-mini	64	512	256	4	1024	Codebook SIMD int8	2	8	128	transformer_BERT_mini_int8_noTiling_2D_CB_8_SVE_128.o	run_20260503_224556	/home/thu/gem5/output/run_20260503_224556/stats_20260503_224556.txt	7	final_total	6	final_total	total_program	3.821610	5248192855	5818629647	15286438624	432156467	409145279	23011188	433486319	97917893	813035596	435071	71169906	31871713	278443910	2789361	0.343323	2.912705	0.225884621286	0.000535119252	0.447825700374	0.010017676451	0.793307
E09	Learner scaling	BERT-mini	64	512	256	4	1024	Codebook SIMD int8	4	8	128	transformer_BERT_mini_int8_noTiling_4D_CB_8_SVE_128.o	run_20260503_225008	/home/thu/gem5/output/run_20260503_225008/stats_20260503_225008.txt	1	interval_delta	1	after_mha	MHA	2.126005	2018726535	2709237889	8504021712	435878638	412482101	23396537	436133275	94428196	370412123	191679	62666594	19328281	106995721	1752975							
E09	Learner scaling	BERT-mini	64	512	256	4	1024	Codebook SIMD int8	4	8	128	transformer_BERT_mini_int8_noTiling_4D_CB_8_SVE_128.o	run_20260503_225008	/home/thu/gem5/output/run_20260503_225008/stats_20260503_225008.txt	2	interval_delta	2	after_projection	Projection	0.589834	485371526	556931505	2359334068	44846027	42892150	1953877	44911126	12209799	66613857	70666	8799545	6816604	20851335	201922							
E09	Learner scaling	BERT-mini	64	512	256	4	1024	Codebook SIMD int8	4	8	128	transformer_BERT_mini_int8_noTiling_4D_CB_8_SVE_128.o	run_20260503_225008	/home/thu/gem5/output/run_20260503_225008/stats_20260503_225008.txt	3	interval_delta	3	after_attn_addnorm	non_GEMM_after_projection	0.006987	13872815	14868286	27949592	5035325	3260446	1774879	5008290	66688	3892473	38250	101368	45354	1600108	39485							
E09	Learner scaling	BERT-mini	64	512	256	4	1024	Codebook SIMD int8	4	8	128	transformer_BERT_mini_int8_noTiling_4D_CB_8_SVE_128.o	run_20260503_225008	/home/thu/gem5/output/run_20260503_225008/stats_20260503_225008.txt	4	interval_delta	4	after_ff1	FF1	2.379413	1930685690	2216154742	9517651372	175734003	169147362	6586641	176084297	48254014	262228153	164626	35345844	27677761	81175221	670293							
E09	Learner scaling	BERT-mini	64	512	256	4	1024	Codebook SIMD int8	4	8	128	transformer_BERT_mini_int8_noTiling_4D_CB_8_SVE_128.o	run_20260503_225008	/home/thu/gem5/output/run_20260503_225008/stats_20260503_225008.txt	5	interval_delta	5	after_ff2	FF2	2.603609	1898878173	2182821354	10414434188	171424009	167896316	3527693	172012045	47608010	254015033	150077	34858757	32150687	77779951	263303							
E09	Learner scaling	BERT-mini	64	512	256	4	1024	Codebook SIMD int8	4	8	128	transformer_BERT_mini_int8_noTiling_4D_CB_8_SVE_128.o	run_20260503_225008	/home/thu/gem5/output/run_20260503_225008/stats_20260503_225008.txt	6	interval_delta	6	final_total	non_GEMM_after_ff2	0.009844	20587876	21654605	39378604	6957176	4482552	2474624	6920044	161316	6357493	39348	179435	62806	2300854	43255							
E09	Learner scaling	BERT-mini	64	512	256	4	1024	Codebook SIMD int8	4	8	128	transformer_BERT_mini_int8_noTiling_4D_CB_8_SVE_128.o	run_20260503_225008	/home/thu/gem5/output/run_20260503_225008/stats_20260503_225008.txt	7	final_total	6	final_total	total_program	7.715692	6368122615	7701668381	30862769536	839875178	800160927	39714251	841069077	202728023	963519132	654646	141951543	86081493	290703190	2971233	0.206337	4.846447	0.241036115277	0.000679432279	0.606414634042	0.010220847594	0.792963
E10	Learner scaling	BERT-mini	64	512	256	4	1024	Codebook SIMD int8	1	8	256	transformer_BERT_mini_int8_noTiling_1D_CB_8_SVE_256.o	run_20260503_225848	/home/thu/gem5/output/run_20260503_225848/stats_20260503_225848.txt	1	interval_delta	1	after_mha	MHA	0.282484	614870099	738386804	1129937116	163571875	138560700	25011175	159818257	3001420	118269243	108808	3016617	90530	55120135	729053							
E10	Learner scaling	BERT-mini	64	512	256	4	1024	Codebook SIMD int8	1	8	256	transformer_BERT_mini_int8_noTiling_1D_CB_8_SVE_256.o	run_20260503_225848	/home/thu/gem5/output/run_20260503_225848/stats_20260503_225848.txt	2	interval_delta	2	after_projection	Projection	0.082183	167693081	201765117	328732612	40140877	39137257	1003620	40412301	737347	23960827	60750	777637	34457	14798064	54610							
E10	Learner scaling	BERT-mini	64	512	256	4	1024	Codebook SIMD int8	1	8	256	transformer_BERT_mini_int8_noTiling_1D_CB_8_SVE_256.o	run_20260503_225848	/home/thu/gem5/output/run_20260503_225848/stats_20260503_225848.txt	3	interval_delta	3	after_attn_addnorm	non_GEMM_after_projection	0.002637	4614184	4940126	10546880	1608115	1052966	555149	1608862	33197	1919083	36646	66970	18822	678273	37257							
E10	Learner scaling	BERT-mini	64	512	256	4	1024	Codebook SIMD int8	1	8	256	transformer_BERT_mini_int8_noTiling_1D_CB_8_SVE_256.o	run_20260503_225848	/home/thu/gem5/output/run_20260503_225848/stats_20260503_225848.txt	4	interval_delta	4	after_ff1	FF1	0.440365	661856834	797232447	1761458360	157821915	155073136	2748779	158907688	2831953	92398486	136556	2907426	2714459	57659754	107888							
E10	Learner scaling	BERT-mini	64	512	256	4	1024	Codebook SIMD int8	1	8	256	transformer_BERT_mini_int8_noTiling_1D_CB_8_SVE_256.o	run_20260503_225848	/home/thu/gem5/output/run_20260503_225848/stats_20260503_225848.txt	5	interval_delta	5	after_ff2	FF2	0.345220	648781594	783753104	1380880860	156245102	154594065	1651037	157302056	2374844	91022945	123092	2460438	548792	56360526	224849							
E10	Learner scaling	BERT-mini	64	512	256	4	1024	Codebook SIMD int8	1	8	256	transformer_BERT_mini_int8_noTiling_1D_CB_8_SVE_256.o	run_20260503_225848	/home/thu/gem5/output/run_20260503_225848/stats_20260503_225848.txt	6	interval_delta	6	final_total	non_GEMM_after_ff2	0.002544	4668245	4999225	10175380	1622905	1062211	560694	1622129	33735	1932519	35560	66179	18680	687610	36338							
E10	Learner scaling	BERT-mini	64	512	256	4	1024	Codebook SIMD int8	1	8	256	transformer_BERT_mini_int8_noTiling_1D_CB_8_SVE_256.o	run_20260503_225848	/home/thu/gem5/output/run_20260503_225848/stats_20260503_225848.txt	7	final_total	6	final_total	total_program	1.155433	2102484037	2531076823	4621731208	521010789	489480335	31530454	519671293	9012496	329503103	501412	9295267	3425740	185304362	1189995	0.454913	2.198224	0.017342685889	0.001521721633	0.368546702316	0.006421840194	0.406159
E11	Learner scaling	BERT-mini	64	512	256	4	1024	Codebook SIMD int8	2	8	256	transformer_BERT_mini_int8_noTiling_2D_CB_8_SVE_256.o	run_20260503_230047	/home/thu/gem5/output/run_20260503_230047/stats_20260503_230047.txt	1	interval_delta	1	after_mha	MHA	0.637267	980691645	1143260607	2549068928	132898880	119692110	13206770	160123404	45691040	195753079	104955	31511637	3582666	70197631	636501							
E11	Learner scaling	BERT-mini	64	512	256	4	1024	Codebook SIMD int8	2	8	256	transformer_BERT_mini_int8_noTiling_2D_CB_8_SVE_256.o	run_20260503_230047	/home/thu/gem5/output/run_20260503_230047/stats_20260503_230047.txt	2	interval_delta	2	after_projection	Projection	0.229636	241318042	261924522	918542488	15763437	14766543	996894	19190764	6047971	37534751	48510	4483941	2493777	15847900	180623							
E11	Learner scaling	BERT-mini	64	512	256	4	1024	Codebook SIMD int8	2	8	256	transformer_BERT_mini_int8_noTiling_2D_CB_8_SVE_256.o	run_20260503_230047	/home/thu/gem5/output/run_20260503_230047/stats_20260503_230047.txt	3	interval_delta	3	after_attn_addnorm	non_GEMM_after_projection	0.004349	8455578	8832888	17397660	2661096	1784804	876292	2651054	44609	2404979	36954	78734	29351	894394	37663							
E11	Learner scaling	BERT-mini	64	512	256	4	1024	Codebook SIMD int8	2	8	256	transformer_BERT_mini_int8_noTiling_2D_CB_8_SVE_256.o	run_20260503_230047	/home/thu/gem5/output/run_20260503_230047/stats_20260503_230047.txt	4	interval_delta	4	after_ff1	FF1	0.917384	958702614	1040425877	3669535756	60930303	57727096	3203207	74672836	23660184	147580966	83018	17656275	10314801	62018839	609435							
E11	Learner scaling	BERT-mini	64	512	256	4	1024	Codebook SIMD int8	2	8	256	transformer_BERT_mini_int8_noTiling_2D_CB_8_SVE_256.o	run_20260503_230047	/home/thu/gem5/output/run_20260503_230047/stats_20260503_230047.txt	5	interval_delta	5	after_ff2	FF2	1.200535	939399509	1021289340	4802137220	58880182	57148448	1731734	72986624	23854328	142009681	92013	17258897	15258203	59349754	349651							
E11	Learner scaling	BERT-mini	64	512	256	4	1024	Codebook SIMD int8	2	8	256	transformer_BERT_mini_int8_noTiling_2D_CB_8_SVE_256.o	run_20260503_230047	/home/thu/gem5/output/run_20260503_230047/stats_20260503_230047.txt	6	interval_delta	6	final_total	non_GEMM_after_ff2	0.005832	11801836	12217490	23329960	3620166	2399310	1220856	3609140	82901	3367945	37688	109220	40229	1241272	40104							
E11	Learner scaling	BERT-mini	64	512	256	4	1024	Codebook SIMD int8	2	8	256	transformer_BERT_mini_int8_noTiling_2D_CB_8_SVE_256.o	run_20260503_230047	/home/thu/gem5/output/run_20260503_230047/stats_20260503_230047.txt	7	final_total	6	final_total	total_program	2.995003	3140369224	3487950724	11980012012	274754064	253518311	21235753	333233822	99381033	528651401	403138	71098704	31719027	209549790	1853977	0.262134	3.814842	0.298232131431	0.000762578136	0.446126655136	0.008847429530	0.747982
E12	Learner scaling	BERT-mini	64	512	256	4	1024	Codebook SIMD int8	4	8	256	transformer_BERT_mini_int8_noTiling_4D_CB_8_SVE_256.o	run_20260503_230335	/home/thu/gem5/output/run_20260503_230335/stats_20260503_230335.txt	1	interval_delta	1	after_mha	MHA	1.726891	1113697454	1501857965	6907564196	258236310	237214230	21022080	322295791	92553674	208075312	165279	62617582	19353070	75265148	698837							
E12	Learner scaling	BERT-mini	64	512	256	4	1024	Codebook SIMD int8	4	8	256	transformer_BERT_mini_int8_noTiling_4D_CB_8_SVE_256.o	run_20260503_230335	/home/thu/gem5/output/run_20260503_230335/stats_20260503_230335.txt	2	interval_delta	2	after_projection	Projection	0.497953	264978002	312584436	1991810348	30298425	28559065	1739360	43813293	12333042	38611376	58017	8775622	6795533	16425464	192161							
E12	Learner scaling	BERT-mini	64	512	256	4	1024	Codebook SIMD int8	4	8	256	transformer_BERT_mini_int8_noTiling_4D_CB_8_SVE_256.o	run_20260503_230335	/home/thu/gem5/output/run_20260503_230335/stats_20260503_230335.txt	3	interval_delta	3	after_attn_addnorm	non_GEMM_after_projection	0.006986	13872073	14867390	27947296	5035019	3260248	1774771	5007949	66620	3891414	38432	101430	45212	1600079	39475							
E12	Learner scaling	BERT-mini	64	512	256	4	1024	Codebook SIMD int8	4	8	256	transformer_BERT_mini_int8_noTiling_4D_CB_8_SVE_256.o	run_20260503_230335	/home/thu/gem5/output/run_20260503_230335/stats_20260503_230335.txt	4	interval_delta	4	after_ff1	FF1	2.002539	1051799904	1241708349	8010155216	118689903	112532308	6157595	172873200	48847353	151410809	124911	35278815	27418929	63962719	655724							
E12	Learner scaling	BERT-mini	64	512	256	4	1024	Codebook SIMD int8	4	8	256	transformer_BERT_mini_int8_noTiling_4D_CB_8_SVE_256.o	run_20260503_230335	/home/thu/gem5/output/run_20260503_230335/stats_20260503_230335.txt	5	interval_delta	5	after_ff2	FF2	2.245712	1027347208	1217609008	8982847368	115180148	112047405	3132743	169741650	47441062	144875010	126803	34822906	32139234	60611718	386579							
E12	Learner scaling	BERT-mini	64	512	256	4	1024	Codebook SIMD int8	4	8	256	transformer_BERT_mini_int8_noTiling_4D_CB_8_SVE_256.o	run_20260503_230335	/home/thu/gem5/output/run_20260503_230335/stats_20260503_230335.txt	6	interval_delta	6	final_total	non_GEMM_after_ff2	0.009789	20559016	21633825	39153588	6954221	4489461	2464760	6917660	162061	6335096	41057	173551	61133	2291742	44856							
E12	Learner scaling	BERT-mini	64	512	256	4	1024	Codebook SIMD int8	4	8	256	transformer_BERT_mini_int8_noTiling_4D_CB_8_SVE_256.o	run_20260503_230335	/home/thu/gem5/output/run_20260503_230335/stats_20260503_230335.txt	7	final_total	6	final_total	total_program	6.489870	3492253657	4310260973	25959478012	534394026	498102717	36291309	720649543	201403812	553199017	554499	141769906	85813111	220156870	2017632	0.134527	7.433446	0.279475389884	0.001002349937	0.605298496847	0.009164519826	0.749458
E13	Learner scaling	BERT-mini	64	512	256	4	1024	Codebook SIMD int8	1	8	512	transformer_BERT_mini_int8_noTiling_1D_CB_8_SVE_512.o	run_20260503_230501	/home/thu/gem5/output/run_20260503_230501/stats_20260503_230501.txt	1	interval_delta	1	after_mha	MHA	0.272128	516822769	703261684	1088511384	223011970	198146302	24865668	157242147	3009165	109288916	98277	3017491	91937	46283528	1508399							
E13	Learner scaling	BERT-mini	64	512	256	4	1024	Codebook SIMD int8	1	8	512	transformer_BERT_mini_int8_noTiling_1D_CB_8_SVE_512.o	run_20260503_230501	/home/thu/gem5/output/run_20260503_230501/stats_20260503_230501.txt	2	interval_delta	2	after_projection	Projection	0.078825	135311012	190337761	315300308	60013333	59033729	979604	39623769	735811	21250919	55462	770924	33507	11886493	313217							
E13	Learner scaling	BERT-mini	64	512	256	4	1024	Codebook SIMD int8	1	8	512	transformer_BERT_mini_int8_noTiling_1D_CB_8_SVE_512.o	run_20260503_230501	/home/thu/gem5/output/run_20260503_230501/stats_20260503_230501.txt	3	interval_delta	3	after_attn_addnorm	non_GEMM_after_projection	0.002632	4568795	4895668	10529012	1601459	1045669	555790	1602361	33584	1889354	37157	67975	19072	670772	37561							
E13	Learner scaling	BERT-mini	64	512	256	4	1024	Codebook SIMD int8	1	8	512	transformer_BERT_mini_int8_noTiling_1D_CB_8_SVE_512.o	run_20260503_230501	/home/thu/gem5/output/run_20260503_230501/stats_20260503_230501.txt	4	interval_delta	4	after_ff1	FF1	0.429118	532491831	751712080	1716469340	237369358	234690099	2679259	155812771	2826554	81634827	123318	2888344	2712800	46046647	1148448							
E13	Learner scaling	BERT-mini	64	512	256	4	1024	Codebook SIMD int8	1	8	512	transformer_BERT_mini_int8_noTiling_1D_CB_8_SVE_512.o	run_20260503_230501	/home/thu/gem5/output/run_20260503_230501/stats_20260503_230501.txt	5	interval_delta	5	after_ff2	FF2	0.331362	512828387	729544342	1325449728	233473925	231871018	1602907	154182232	2367213	78667788	110742	2442615	581038	44112389	1133969							
E13	Learner scaling	BERT-mini	64	512	256	4	1024	Codebook SIMD int8	1	8	512	transformer_BERT_mini_int8_noTiling_1D_CB_8_SVE_512.o	run_20260503_230501	/home/thu/gem5/output/run_20260503_230501/stats_20260503_230501.txt	6	interval_delta	6	final_total	non_GEMM_after_ff2	0.002551	4629122	4961799	10204108	1618000	1055721	562279	1617337	33785	1903937	35873	66680	19182	681255	36623							
E13	Learner scaling	BERT-mini	64	512	256	4	1024	Codebook SIMD int8	1	8	512	transformer_BERT_mini_int8_noTiling_1D_CB_8_SVE_512.o	run_20260503_230501	/home/thu/gem5/output/run_20260503_230501/stats_20260503_230501.txt	7	final_total	6	final_total	total_program	1.116616	1706651916	2384713334	4466463880	757088045	725842538	31245507	510080617	9006112	294635741	460829	9254029	3457536	149681084	4178217	0.382104	2.617091	0.017656252168	0.001564063472	0.373624936771	0.027914128415	0.407434
E14	Learner scaling	BERT-mini	64	512	256	4	1024	Codebook SIMD int8	2	8	512	transformer_BERT_mini_int8_noTiling_2D_CB_8_SVE_512.o	run_20260503_230527	/home/thu/gem5/output/run_20260503_230527/stats_20260503_230527.txt	1	interval_delta	1	after_mha	MHA	0.495536	599569614	682277848	1982144268	77484603	64882872	12601731	124776043	42689726	112617411	102184	31338430	3363311	49801136	1025644							
E14	Learner scaling	BERT-mini	64	512	256	4	1024	Codebook SIMD int8	2	8	512	transformer_BERT_mini_int8_noTiling_2D_CB_8_SVE_512.o	run_20260503_230527	/home/thu/gem5/output/run_20260503_230527/stats_20260503_230527.txt	2	interval_delta	2	after_projection	Projection	0.197284	148721658	159492960	789133936	8859989	7898531	961458	14302745	5264689	21457151	48308	4484278	2501392	12012379	311662							
E14	Learner scaling	BERT-mini	64	512	256	4	1024	Codebook SIMD int8	2	8	512	transformer_BERT_mini_int8_noTiling_2D_CB_8_SVE_512.o	run_20260503_230527	/home/thu/gem5/output/run_20260503_230527/stats_20260503_230527.txt	3	interval_delta	3	after_attn_addnorm	non_GEMM_after_projection	0.004339	8456764	8834507	17357940	2661553	1785069	876484	2651573	44853	2405910	37150	79218	29376	894600	37769							
E14	Learner scaling	BERT-mini	64	512	256	4	1024	Codebook SIMD int8	2	8	512	transformer_BERT_mini_int8_noTiling_2D_CB_8_SVE_512.o	run_20260503_230527	/home/thu/gem5/output/run_20260503_230527/stats_20260503_230527.txt	4	interval_delta	4	after_ff1	FF1	0.781675	588486463	630847121	3126701136	33421750	30330652	3091098	55177573	20715589	83310512	76766	17645438	10230309	46701900	1128639							
E14	Learner scaling	BERT-mini	64	512	256	4	1024	Codebook SIMD int8	2	8	512	transformer_BERT_mini_int8_noTiling_2D_CB_8_SVE_512.o	run_20260503_230527	/home/thu/gem5/output/run_20260503_230527/stats_20260503_230527.txt	5	interval_delta	5	after_ff2	FF2	1.063784	565900790	607625085	4255133888	31026704	29421735	1604969	51995633	20552911	78792811	86361	17244201	15210692	44278419	1128515							
E14	Learner scaling	BERT-mini	64	512	256	4	1024	Codebook SIMD int8	2	8	512	transformer_BERT_mini_int8_noTiling_2D_CB_8_SVE_512.o	run_20260503_230527	/home/thu/gem5/output/run_20260503_230527/stats_20260503_230527.txt	6	interval_delta	6	final_total	non_GEMM_after_ff2	0.005707	11786503	12202421	22829384	3616249	2399291	1216958	3605208	82705	3355202	37493	104730	37664	1237286	39889							
E14	Learner scaling	BERT-mini	64	512	256	4	1024	Codebook SIMD int8	2	8	512	transformer_BERT_mini_int8_noTiling_2D_CB_8_SVE_512.o	run_20260503_230527	/home/thu/gem5/output/run_20260503_230527/stats_20260503_230527.txt	7	final_total	6	final_total	total_program	2.548325	1922921792	2101279942	10193300552	157070848	136718150	20352698	252508775	89350473	301938997	388262	70896295	31372744	154925720	3672118	0.188646	5.300944	0.353850962209	0.001285895508	0.442515987613	0.023702442693	0.410145
E15	Learner scaling	BERT-mini	64	512	256	4	1024	Codebook SIMD int8	4	8	512	transformer_BERT_mini_int8_noTiling_4D_CB_8_SVE_512.o	run_20260503_230536	/home/thu/gem5/output/run_20260503_230536/stats_20260503_230536.txt	1	interval_delta	1	after_mha	MHA	1.521633	683023718	893239755	6086530908	156569795	136764376	19805419	233346629	104176793	133970748	160349	62537231	19239180	54255574	1082551							
E15	Learner scaling	BERT-mini	64	512	256	4	1024	Codebook SIMD int8	4	8	512	transformer_BERT_mini_int8_noTiling_4D_CB_8_SVE_512.o	run_20260503_230536	/home/thu/gem5/output/run_20260503_230536/stats_20260503_230536.txt	2	interval_delta	2	after_projection	Projection	0.458902	162346268	187005320	1835609984	16750578	15083476	1667102	30561837	13907084	26210419	59470	8779940	6780851	12553073	322531							
E15	Learner scaling	BERT-mini	64	512	256	4	1024	Codebook SIMD int8	4	8	512	transformer_BERT_mini_int8_noTiling_4D_CB_8_SVE_512.o	run_20260503_230536	/home/thu/gem5/output/run_20260503_230536/stats_20260503_230536.txt	3	interval_delta	3	after_attn_addnorm	non_GEMM_after_projection	0.007009	13876896	14873184	28036932	5036649	3261081	1775568	5009812	66823	3895019	38842	102192	45338	1601125	39927							
E15	Learner scaling	BERT-mini	64	512	256	4	1024	Codebook SIMD int8	4	8	512	transformer_BERT_mini_int8_noTiling_4D_CB_8_SVE_512.o	run_20260503_230536	/home/thu/gem5/output/run_20260503_230536/stats_20260503_230536.txt	4	interval_delta	4	after_ff1	FF1	1.855557	641861658	739980578	7422225356	64792344	58826540	5965804	120161698	55155384	102092085	128003	35293417	27502066	48574081	1176335							
E15	Learner scaling	BERT-mini	64	512	256	4	1024	Codebook SIMD int8	4	8	512	transformer_BERT_mini_int8_noTiling_4D_CB_8_SVE_512.o	run_20260503_230536	/home/thu/gem5/output/run_20260503_230536/stats_20260503_230536.txt	5	interval_delta	5	after_ff2	FF2	2.091824	613354726	709987930	8367295220	60390214	57452750	2937464	115295990	54258917	95944529	128675	34837332	32150597	45478432	1169935							
E15	Learner scaling	BERT-mini	64	512	256	4	1024	Codebook SIMD int8	4	8	512	transformer_BERT_mini_int8_noTiling_4D_CB_8_SVE_512.o	run_20260503_230536	/home/thu/gem5/output/run_20260503_230536/stats_20260503_230536.txt	6	interval_delta	6	final_total	non_GEMM_after_ff2	0.009822	20531887	21607626	39288792	6947682	4490267	2457415	6919372	162642	6313277	40901	173912	61809	2284833	44906							
E15	Learner scaling	BERT-mini	64	512	256	4	1024	Codebook SIMD int8	4	8	512	transformer_BERT_mini_int8_noTiling_4D_CB_8_SVE_512.o	run_20260503_230536	/home/thu/gem5/output/run_20260503_230536/stats_20260503_230536.txt	7	final_total	6	final_total	total_program	5.944747	2134995153	2566694393	23778987192	310487262	275878490	34608772	511295338	227727643	368426077	556240	141724024	85779841	164747118	3836185	0.089785	11.137724	0.445393544738	0.001509773696	0.605259705299	0.023285293525	0.431156
E16	Learner scaling	BERT-base	64	512	768	12	3072	Codebook SIMD int8	1	8	128	transformer_BERT_base_int8_noTiling_1D_CB_8_SVE_128.o	run_20260513_204819	/home/thu/gem5/output/run_20260513_204819/stats_20260513_204819.txt	1	interval_delta	1	after_mha	MHA	3.771038	8277617032	9432020211	15084151552	1549340112	1462348803	86991309	1366534939	19301522	1556393699	513968	19215641	521647	553873915	3457977							
E16	Learner scaling	BERT-base	64	512	768	12	3072	Codebook SIMD int8	1	8	128	transformer_BERT_base_int8_noTiling_1D_CB_8_SVE_128.o	run_20260513_204819	/home/thu/gem5/output/run_20260513_204819/stats_20260513_204819.txt	2	interval_delta	2	after_projection	Projection	1.481493	2617865118	2981207576	5925971072	465652468	462613170	3039298	409267263	5390657	470279675	228700	5553688	4847750	170149644	563590							
E16	Learner scaling	BERT-base	64	512	768	12	3072	Codebook SIMD int8	1	8	128	transformer_BERT_base_int8_noTiling_1D_CB_8_SVE_128.o	run_20260513_204819	/home/thu/gem5/output/run_20260513_204819/stats_20260513_204819.txt	3	interval_delta	3	after_attn_addnorm	non_GEMM_after_projection	0.005197	10588513	10967463	20789980	3670961	2532836	1138125	3663774	48512	3623099	38135	83559	34728	1381640	39166							
E16	Learner scaling	BERT-base	64	512	768	12	3072	Codebook SIMD int8	1	8	128	transformer_BERT_base_int8_noTiling_1D_CB_8_SVE_128.o	run_20260513_204819	/home/thu/gem5/output/run_20260513_204819/stats_20260513_204819.txt	4	interval_delta	4	after_ff1	FF1	5.919624	10453863670	11906022765	23678494936	1857486713	1847778082	9708631	1631966771	21353294	1874439880	776778	21918911	20860897	677835350	2115913							
E16	Learner scaling	BERT-base	64	512	768	12	3072	Codebook SIMD int8	1	8	128	transformer_BERT_base_int8_noTiling_1D_CB_8_SVE_128.o	run_20260513_204819	/home/thu/gem5/output/run_20260513_204819/stats_20260513_204819.txt	5	interval_delta	5	after_ff2	FF2	5.910257	10414576788	11868745176	23641026688	1855326077	1849008209	6317868	1620679629	19981636	1862863472	749688	20618983	19199215	672268494	898806							
E16	Learner scaling	BERT-base	64	512	768	12	3072	Codebook SIMD int8	1	8	128	transformer_BERT_base_int8_noTiling_1D_CB_8_SVE_128.o	run_20260513_204819	/home/thu/gem5/output/run_20260513_204819/stats_20260513_204819.txt	6	interval_delta	6	final_total	non_GEMM_after_ff2	0.005141	10755863	11149896	20566628	3717573	2562018	1155555	3706531	54542	3670172	37134	88521	38541	1412556	38131							
E16	Learner scaling	BERT-base	64	512	768	12	3072	Codebook SIMD int8	1	8	128	transformer_BERT_base_int8_noTiling_1D_CB_8_SVE_128.o	run_20260513_204819	/home/thu/gem5/output/run_20260513_204819/stats_20260513_204819.txt	7	final_total	6	final_total	total_program	17.092750	31785266984	36210113087	68371000856	5735193904	5626843118	108350786	5035818907	66130163	5771269997	2344403	67479303	45502778	2076921599	7113583	0.464894	2.151028	0.013131958123	0.000406219602	0.674321991737	0.003425060919	0.774049
E17	Learner scaling	BERT-base	64	512	768	12	3072	Codebook SIMD int8	2	8	128	transformer_BERT_base_int8_noTiling_2D_CB_8_SVE_128.o	run_20260513_215448	/home/thu/gem5/output/run_20260513_215448/stats_20260513_215448.txt	1	interval_delta	1	after_mha	MHA	9.641144	11982334325	13404942388	38564577728	1061843236	1015004677	46838559	1066073357	245433405	1934738125	332677	171981253	87720295	637150179	5044302							
E17	Learner scaling	BERT-base	64	512	768	12	3072	Codebook SIMD int8	2	8	128	transformer_BERT_base_int8_noTiling_2D_CB_8_SVE_128.o	run_20260513_215448	/home/thu/gem5/output/run_20260513_215448/stats_20260513_215448.txt	2	interval_delta	2	after_projection	Projection	3.343069	3525312735	3799016864	13372275140	195700117	192014125	3685992	197065661	53548405	479262808	144187	38879590	36311806	171012856	524319							
E17	Learner scaling	BERT-base	64	512	768	12	3072	Codebook SIMD int8	2	8	128	transformer_BERT_base_int8_noTiling_2D_CB_8_SVE_128.o	run_20260513_215448	/home/thu/gem5/output/run_20260513_215448/stats_20260513_215448.txt	3	interval_delta	3	after_attn_addnorm	non_GEMM_after_projection	0.009640	21689173	22212303	38559012	6744881	4655603	2089278	6709724	82123	6141799	40464	118766	56934	1955686	40504							
E17	Learner scaling	BERT-base	64	512	768	12	3072	Codebook SIMD int8	2	8	128	transformer_BERT_base_int8_noTiling_2D_CB_8_SVE_128.o	run_20260513_215448	/home/thu/gem5/output/run_20260513_215448/stats_20260513_215448.txt	4	interval_delta	4	after_ff1	FF1	13.523652	14083520119	15176258930	54094609384	776493620	764248170	12245450	782089142	213364434	1910299468	445874	156886069	148618239	680731091	1953810							
E17	Learner scaling	BERT-base	64	512	768	12	3072	Codebook SIMD int8	2	8	128	transformer_BERT_base_int8_noTiling_2D_CB_8_SVE_128.o	run_20260513_215448	/home/thu/gem5/output/run_20260513_215448/stats_20260513_215448.txt	5	interval_delta	5	after_ff2	FF2	13.892173	14043432246	15137444336	55568689968	770775254	763284570	7490684	770771060	215750810	1894376362	432985	159243730	153505283	673591341	757408							
E17	Learner scaling	BERT-base	64	512	768	12	3072	Codebook SIMD int8	2	8	128	transformer_BERT_base_int8_noTiling_2D_CB_8_SVE_128.o	run_20260513_215448	/home/thu/gem5/output/run_20260513_215448/stats_20260513_215448.txt	6	interval_delta	6	final_total	non_GEMM_after_ff2	0.016135	32441188	33142406	64541648	9828275	6610242	3218033	9766937	205125	9266769	45026	220775	111878	3136906	46717							
E17	Learner scaling	BERT-base	64	512	768	12	3072	Codebook SIMD int8	2	8	128	transformer_BERT_base_int8_noTiling_2D_CB_8_SVE_128.o	run_20260513_215448	/home/thu/gem5/output/run_20260513_215448/stats_20260513_215448.txt	7	final_total	6	final_total	total_program	40.425813	43688729786	47573017227	161703252880	2821385383	2745817387	75567996	2832475881	728384302	6234085331	1441213	527330183	426324435	2167578059	8367060	0.270178	3.701258	0.257154635238	0.000231182752	0.808458246358	0.003860096279	0.781009
E18	Learner scaling	BERT-base	64	512	768	12	3072	Codebook SIMD int8	4	8	128	transformer_BERT_base_int8_noTiling_4D_CB_8_SVE_128.o	run_20260513_215450	/home/thu/gem5/output/run_20260513_215450/stats_20260513_215450.txt	1	interval_delta	1	after_mha	MHA	18.615935	14513442493	17846990057	74463741456	2069959796	1992323028	77636768	2074152947	664334464	1985144235	707254	346414747	212795821	659768473	5280326							
E18	Learner scaling	BERT-base	64	512	768	12	3072	Codebook SIMD int8	4	8	128	transformer_BERT_base_int8_noTiling_4D_CB_8_SVE_128.o	run_20260513_215450	/home/thu/gem5/output/run_20260513_215450/stats_20260513_215450.txt	2	interval_delta	2	after_projection	Projection	5.976851	4265817611	4903277128	23907403716	382593295	375495931	7097364	383890136	151557380	516295550	274194	78448627	74555410	173882388	611756							
E18	Learner scaling	BERT-base	64	512	768	12	3072	Codebook SIMD int8	4	8	128	transformer_BERT_base_int8_noTiling_4D_CB_8_SVE_128.o	run_20260513_215450	/home/thu/gem5/output/run_20260513_215450/stats_20260513_215450.txt	3	interval_delta	3	after_attn_addnorm	non_GEMM_after_projection	0.019181	38696385	41149164	76722468	14080207	9219513	4860694	13979303	160572	10823019	43599	198250	126177	4220344	45819							
E18	Learner scaling	BERT-base	64	512	768	12	3072	Codebook SIMD int8	4	8	128	transformer_BERT_base_int8_noTiling_4D_CB_8_SVE_128.o	run_20260513_215450	/home/thu/gem5/output/run_20260513_215450/stats_20260513_215450.txt	4	interval_delta	4	after_ff1	FF1	23.910255	17028450551	19574550844	95641018988	1518219173	1494554834	23664339	1523758444	605079549	2051156030	937794	312839614	298608443	689067312	2261178							
E18	Learner scaling	BERT-base	64	512	768	12	3072	Codebook SIMD int8	4	8	128	transformer_BERT_base_int8_noTiling_4D_CB_8_SVE_128.o	run_20260513_215450	/home/thu/gem5/output/run_20260513_215450/stats_20260513_215450.txt	5	interval_delta	5	after_ff2	FF2	24.531765	16979319057	19528730574	98127061880	1509105471	1494963147	14142324	1509042541	610491385	2031816986	858116	318209766	309370820	679878697	1041206							
E18	Learner scaling	BERT-base	64	512	768	12	3072	Codebook SIMD int8	4	8	128	transformer_BERT_base_int8_noTiling_4D_CB_8_SVE_128.o	run_20260513_215450	/home/thu/gem5/output/run_20260513_215450/stats_20260513_215450.txt	6	interval_delta	6	final_total	non_GEMM_after_ff2	0.033802	60000843	62775725	135205872	20181177	13093605	7087572	20027713	452034	17083349	48484	442780	267574	6539784	54218							
E18	Learner scaling	BERT-base	64	512	768	12	3072	Codebook SIMD int8	4	8	128	transformer_BERT_base_int8_noTiling_4D_CB_8_SVE_128.o	run_20260513_215450	/home/thu/gem5/output/run_20260513_215450/stats_20260513_215450.txt	7	final_total	6	final_total	total_program	73.087789	52885726940	61957473492	292351154380	5514139119	5379650058	134489061	5524851084	2032075384	6612319169	2869441	1056553784	895724245	2213356998	9294503	0.180898	5.527978	0.367806363123	0.000433953795	0.847779127352	0.004199278746	0.780603
E19	Learner scaling	BERT-base	64	512	768	12	3072	Codebook SIMD int8	1	8	256	transformer_BERT_base_int8_noTiling_1D_CB_8_SVE_256.o	run_20260513_215908	/home/thu/gem5/output/run_20260513_215908/stats_20260513_215908.txt	1	interval_delta	1	after_mha	MHA	3.023640	6002139180	7514972069	12094561956	1803012107	1717116743	85895364	1264699360	19278432	1120451529	502211	19176402	511477	438256053	4624583							
E19	Learner scaling	BERT-base	64	512	768	12	3072	Codebook SIMD int8	1	8	256	transformer_BERT_base_int8_noTiling_1D_CB_8_SVE_256.o	run_20260513_215908	/home/thu/gem5/output/run_20260513_215908/stats_20260513_215908.txt	2	interval_delta	2	after_projection	Projection	1.235809	1861833810	2344616194	4943232664	550719267	547804192	2915075	375849794	5372724	316630966	218210	5529420	4841082	131879552	947178							
E19	Learner scaling	BERT-base	64	512	768	12	3072	Codebook SIMD int8	1	8	256	transformer_BERT_base_int8_noTiling_1D_CB_8_SVE_256.o	run_20260513_215908	/home/thu/gem5/output/run_20260513_215908/stats_20260513_215908.txt	3	interval_delta	3	after_attn_addnorm	non_GEMM_after_projection	0.004999	10280030	10655855	19996316	3616558	2481005	1135553	3608916	48365	3467534	37129	82352	33759	1329602	38098							
E19	Learner scaling	BERT-base	64	512	768	12	3072	Codebook SIMD int8	1	8	256	transformer_BERT_base_int8_noTiling_1D_CB_8_SVE_256.o	run_20260513_215908	/home/thu/gem5/output/run_20260513_215908/stats_20260513_215908.txt	4	interval_delta	4	after_ff1	FF1	4.937395	7430461299	9360519777	19747234763	2198022115	2188689854	9332261	1498573090	21291068	1260135965	771026	21868616	20844209	524895798	3676821							
E19	Learner scaling	BERT-base	64	512	768	12	3072	Codebook SIMD int8	1	8	256	transformer_BERT_base_int8_noTiling_1D_CB_8_SVE_256.o	run_20260513_215908	/home/thu/gem5/output/run_20260513_215908/stats_20260513_215908.txt	5	interval_delta	5	after_ff2	FF2	4.928601	7412675670	9351014313	19714402552	2203585300	2197514198	6071102	1492158293	19942431	1244973141	734933	20558461	19178634	521431683	1280032							
E19	Learner scaling	BERT-base	64	512	768	12	3072	Codebook SIMD int8	1	8	256	transformer_BERT_base_int8_noTiling_1D_CB_8_SVE_256.o	run_20260513_215908	/home/thu/gem5/output/run_20260513_215908/stats_20260513_215908.txt	6	interval_delta	6	final_total	non_GEMM_after_ff2	0.005051	10479900	10877680	20203840	3675189	2516607	1158582	3664435	55103	3531178	38356	90317	39113	1367303	39017							
E19	Learner scaling	BERT-base	64	512	768	12	3072	Codebook SIMD int8	1	8	256	transformer_BERT_base_int8_noTiling_1D_CB_8_SVE_256.o	run_20260513_215908	/home/thu/gem5/output/run_20260513_215908/stats_20260513_215908.txt	7	final_total	6	final_total	total_program	14.135495	22727869889	28592655888	56539632091	6762630536	6656122599	106507937	4638553888	65988123	3949190313	2301865	67305568	45448274	1619159991	10605729	0.401981	2.487678	0.014226011941	0.000582870112	0.675252811179	0.006550142703	0.737738
E20	Learner scaling	BERT-base	64	512	768	12	3072	Codebook SIMD int8	2	8	256	transformer_BERT_base_int8_noTiling_2D_CB_8_SVE_256.o	run_20260513_215911	/home/thu/gem5/output/run_20260513_215911/stats_20260513_215911.txt	1	interval_delta	1	after_mha	MHA	7.756827	7085089879	7932670294	31027306168	651038192	610408774	40629418	799768472	221671502	1076624897	290658	171883432	87713753	466205095	3056599							
E20	Learner scaling	BERT-base	64	512	768	12	3072	Codebook SIMD int8	2	8	256	transformer_BERT_base_int8_noTiling_2D_CB_8_SVE_256.o	run_20260513_215911	/home/thu/gem5/output/run_20260513_215911/stats_20260513_215911.txt	2	interval_delta	2	after_projection	Projection	2.801913	2104117394	2286832354	11207652060	130481613	127103399	3378214	162417461	53523508	290534617	126018	38829271	36298300	132566393	911441							
E20	Learner scaling	BERT-base	64	512	768	12	3072	Codebook SIMD int8	2	8	256	transformer_BERT_base_int8_noTiling_2D_CB_8_SVE_256.o	run_20260513_215911	/home/thu/gem5/output/run_20260513_215911/stats_20260513_215911.txt	3	interval_delta	3	after_attn_addnorm	non_GEMM_after_projection	0.009744	21738581	22271737	38975916	6762693	4665311	2097382	6728065	82932	6165917	40961	120203	57990	1965962	42370							
E20	Learner scaling	BERT-base	64	512	768	12	3072	Codebook SIMD int8	2	8	256	transformer_BERT_base_int8_noTiling_2D_CB_8_SVE_256.o	run_20260513_215911	/home/thu/gem5/output/run_20260513_215911/stats_20260513_215911.txt	4	interval_delta	4	after_ff1	FF1	11.370337	8400543601	9129331933	45481349944	516512414	505199350	11313064	644437389	213224149	1156303570	381513	156727250	148789724	527256402	3508117							
E20	Learner scaling	BERT-base	64	512	768	12	3072	Codebook SIMD int8	2	8	256	transformer_BERT_base_int8_noTiling_2D_CB_8_SVE_256.o	run_20260513_215911	/home/thu/gem5/output/run_20260513_215911/stats_20260513_215911.txt	5	interval_delta	5	after_ff2	FF2	11.697132	8378968557	9110200314	46788528740	512048237	505502558	6545679	637075259	216061177	1138915420	383578	159149181	153474273	522054046	1124416							
E20	Learner scaling	BERT-base	64	512	768	12	3072	Codebook SIMD int8	2	8	256	transformer_BERT_base_int8_noTiling_2D_CB_8_SVE_256.o	run_20260513_215911	/home/thu/gem5/output/run_20260513_215911/stats_20260513_215911.txt	6	interval_delta	6	final_total	non_GEMM_after_ff2	0.015738	32348835	33050876	62952688	9805580	6611350	3194230	9744267	204720	9183836	42951	205937	104247	3113550	46949							
E20	Learner scaling	BERT-base	64	512	768	12	3072	Codebook SIMD int8	2	8	256	transformer_BERT_base_int8_noTiling_2D_CB_8_SVE_256.o	run_20260513_215911	/home/thu/gem5/output/run_20260513_215911/stats_20260513_215911.txt	7	final_total	6	final_total	total_program	33.651691	26022806847	28514357508	134606765516	1826648729	1759490742	67157987	2260170913	704767988	3677728257	1265679	526915274	426438287	1653161448	8689892	0.193325	5.172646	0.311820660971	0.000344146960	0.809310923486	0.005256529549	0.739481
E21	Learner scaling	BERT-base	64	512	768	12	3072	Codebook SIMD int8	4	8	256	transformer_BERT_base_int8_noTiling_4D_CB_8_SVE_256.o	run_20260513_215913	/home/thu/gem5/output/run_20260513_215913/stats_20260513_215913.txt	1	interval_delta	1	after_mha	MHA	15.761880	7853824271	9858653610	63047520580	1273113788	1207715435	65398353	1397218367	533604590	1251491450	601047	346219522	212641549	482792439	3252367							
E21	Learner scaling	BERT-base	64	512	768	12	3072	Codebook SIMD int8	4	8	256	transformer_BERT_base_int8_noTiling_4D_CB_8_SVE_256.o	run_20260513_215913	/home/thu/gem5/output/run_20260513_215913/stats_20260513_215913.txt	2	interval_delta	2	after_projection	Projection	5.140176	2300598464	2725876005	20560704408	256202575	249667443	6535132	257836325	122002411	322966322	231122	78397417	74507349	135185497	985435							
E21	Learner scaling	BERT-base	64	512	768	12	3072	Codebook SIMD int8	4	8	256	transformer_BERT_base_int8_noTiling_4D_CB_8_SVE_256.o	run_20260513_215913	/home/thu/gem5/output/run_20260513_215913/stats_20260513_215913.txt	3	interval_delta	3	after_attn_addnorm	non_GEMM_after_projection	0.019184	38703206	41156759	76734684	14082111	9220678	4861433	13981108	160404	10824204	43460	198008	126343	4221643	45740							
E21	Learner scaling	BERT-base	64	512	768	12	3072	Codebook SIMD int8	4	8	256	transformer_BERT_base_int8_noTiling_4D_CB_8_SVE_256.o	run_20260513_215913	/home/thu/gem5/output/run_20260513_215913/stats_20260513_215913.txt	4	interval_delta	4	after_ff1	FF1	20.726157	9171173031	10868573852	82904627244	1014462963	992439609	22023354	1021355298	486870153	1280197205	779566	312551631	301412886	534872942	3762192							
E21	Learner scaling	BERT-base	64	512	768	12	3072	Codebook SIMD int8	4	8	256	transformer_BERT_base_int8_noTiling_4D_CB_8_SVE_256.o	run_20260513_215913	/home/thu/gem5/output/run_20260513_215913/stats_20260513_215913.txt	5	interval_delta	5	after_ff2	FF2	21.211873	9136312575	10839759736	84847491804	1007084417	994603521	12480896	1010830779	491223378	1258437438	734655	317993247	309328366	527627644	1358435							
E21	Learner scaling	BERT-base	64	512	768	12	3072	Codebook SIMD int8	4	8	256	transformer_BERT_base_int8_noTiling_4D_CB_8_SVE_256.o	run_20260513_215913	/home/thu/gem5/output/run_20260513_215913/stats_20260513_215913.txt	6	interval_delta	6	final_total	non_GEMM_after_ff2	0.033754	59804798	62579443	135016664	20131719	13093603	7038116	20002625	451986	16912293	47617	441799	267437	6490006	54032							
E21	Learner scaling	BERT-base	64	512	768	12	3072	Codebook SIMD int8	4	8	256	transformer_BERT_base_int8_noTiling_4D_CB_8_SVE_256.o	run_20260513_215913	/home/thu/gem5/output/run_20260513_215913/stats_20260513_215913.txt	7	final_total	6	final_total	total_program	62.893024	28560416345	34396599405	251572095384	3585077573	3466740289	118337284	3721224502	1634312922	4140828912	2437467	1055801624	898283930	1691190171	9458201	0.113528	8.808418	0.439186864733	0.000588642287	0.850807490328	0.005592630067	0.739815
E22	Learner scaling	BERT-base	64	512	768	12	3072	Codebook SIMD int8	1	8	512	transformer_BERT_base_int8_noTiling_1D_CB_8_SVE_512.o	run_20260513_221740	/home/thu/gem5/output/run_20260513_221740/stats_20260513_221740.txt	1	interval_delta	1	after_mha	MHA	2.161524	3847151774	5369277866	8646097824	1715676404	1630329842	85346562	1170581335	19225953	685233704	472609	19112252	506424	336165891	8139489							
E22	Learner scaling	BERT-base	64	512	768	12	3072	Codebook SIMD int8	1	8	512	transformer_BERT_base_int8_noTiling_1D_CB_8_SVE_512.o	run_20260513_221740	/home/thu/gem5/output/run_20260513_221740/stats_20260513_221740.txt	2	interval_delta	2	after_projection	Projection	0.989265	1145085237	1631090895	3722569230	522024171	519096393	2927778	344920877	5360611	172365590	212093	5512375	4839080	98093283	2124399							
E22	Learner scaling	BERT-base	64	512	768	12	3072	Codebook SIMD int8	1	8	512	transformer_BERT_base_int8_noTiling_1D_CB_8_SVE_512.o	run_20260513_221740	/home/thu/gem5/output/run_20260513_221740/stats_20260513_221740.txt	3	interval_delta	3	after_attn_addnorm	non_GEMM_after_projection	0.004949	10135885	10512383	19796556	3593099	2457045	1136054	3585481	48811	3395900	37395	83133	33933	1305843	38272							
E22	Learner scaling	BERT-base	64	512	768	12	3072	Codebook SIMD int8	1	8	512	transformer_BERT_base_int8_noTiling_1D_CB_8_SVE_512.o	run_20260513_221740	/home/thu/gem5/output/run_20260513_221740/stats_20260513_221740.txt	4	interval_delta	4	after_ff1	FF1	3.742205	4561259324	6503550642	14964002646	2082459636	2073479642	8979994	1374056392	21235244	681947483	728772	21775317	20823213	389277498	8359852							
E22	Learner scaling	BERT-base	64	512	768	12	3072	Codebook SIMD int8	1	8	512	transformer_BERT_base_int8_noTiling_1D_CB_8_SVE_512.o	run_20260513_221740	/home/thu/gem5/output/run_20260513_221740/stats_20260513_221740.txt	5	interval_delta	5	after_ff2	FF2	3.707055	4522642365	6463778072	14817782189	2077950486	2072157234	5793252	1368774387	19880649	675661381	695851	20466125	19161139	385501977	8321050							
E22	Learner scaling	BERT-base	64	512	768	12	3072	Codebook SIMD int8	1	8	512	transformer_BERT_base_int8_noTiling_1D_CB_8_SVE_512.o	run_20260513_221740	/home/thu/gem5/output/run_20260513_221740/stats_20260513_221740.txt	6	interval_delta	6	final_total	non_GEMM_after_ff2	0.004964	10322939	10718556	19856084	3646722	2489809	1156913	3635603	55024	3451905	37371	89038	38957	1340540	38187							
E22	Learner scaling	BERT-base	64	512	768	12	3072	Codebook SIMD int8	1	8	512	transformer_BERT_base_int8_noTiling_1D_CB_8_SVE_512.o	run_20260513_221740	/home/thu/gem5/output/run_20260513_221740/stats_20260513_221740.txt	7	final_total	6	final_total	total_program	10.609962	14096597524	19988928414	42190104529	6405350518	6300009965	105340553	4265554075	65806292	2222055963	2184091	67038240	45402746	1211685032	27021249	0.334121	2.992928	0.015427372586	0.000982914488	0.677266378115	0.022300555249	0.365923
E23	Learner scaling	BERT-base	64	512	768	12	3072	Codebook SIMD int8	2	8	512	transformer_BERT_base_int8_noTiling_2D_CB_8_SVE_512.o	run_20260513_221742	/home/thu/gem5/output/run_20260513_221742/stats_20260513_221742.txt	1	interval_delta	1	after_mha	MHA	6.729862	4256473614	4683803045	26919447104	357112538	319611539	37500999	577595609	221098411	645000311	268232	171772523	87719163	336464134	6563744							
E23	Learner scaling	BERT-base	64	512	768	12	3072	Codebook SIMD int8	2	8	512	transformer_BERT_base_int8_noTiling_2D_CB_8_SVE_512.o	run_20260513_221742	/home/thu/gem5/output/run_20260513_221742/stats_20260513_221742.txt	2	interval_delta	2	after_projection	Projection	2.498634	1266865353	1359838856	9994535896	68363116	65147472	3215644	115754910	46036871	174469007	118705	38793078	36287079	98591549	2082015							
E23	Learner scaling	BERT-base	64	512	768	12	3072	Codebook SIMD int8	2	8	512	transformer_BERT_base_int8_noTiling_2D_CB_8_SVE_512.o	run_20260513_221742	/home/thu/gem5/output/run_20260513_221742/stats_20260513_221742.txt	3	interval_delta	3	after_attn_addnorm	non_GEMM_after_projection	0.009624	21684471	22206137	38498708	6743028	4655005	2088023	6707701	81823	6138662	40376	118401	56620	1955010	40250							
E23	Learner scaling	BERT-base	64	512	768	12	3072	Codebook SIMD int8	2	8	512	transformer_BERT_base_int8_noTiling_2D_CB_8_SVE_512.o	run_20260513_221742	/home/thu/gem5/output/run_20260513_221742/stats_20260513_221742.txt	4	interval_delta	4	after_ff1	FF1	10.145982	5052457671	5422292639	40583924628	268503779	257682436	10821343	458259629	183305793	692471568	357674	156663670	148455028	391498116	8188214							
E23	Learner scaling	BERT-base	64	512	768	12	3072	Codebook SIMD int8	2	8	512	transformer_BERT_base_int8_noTiling_2D_CB_8_SVE_512.o	run_20260513_221742	/home/thu/gem5/output/run_20260513_221742/stats_20260513_221742.txt	5	interval_delta	5	after_ff2	FF2	10.492759	5004816280	5373556144	41971036720	261928231	255874169	6054062	449415564	185736362	682970550	361991	159119983	153462854	385918400	8164845							
E23	Learner scaling	BERT-base	64	512	768	12	3072	Codebook SIMD int8	2	8	512	transformer_BERT_base_int8_noTiling_2D_CB_8_SVE_512.o	run_20260513_221742	/home/thu/gem5/output/run_20260513_221742/stats_20260513_221742.txt	6	interval_delta	6	final_total	non_GEMM_after_ff2	0.015742	32307242	33010646	62970604	9795600	6612434	3183166	9746770	204851	9149061	45487	208740	103998	3102564	47287							
E23	Learner scaling	BERT-base	64	512	768	12	3072	Codebook SIMD int8	2	8	512	transformer_BERT_base_int8_noTiling_2D_CB_8_SVE_512.o	run_20260513_221742	/home/thu/gem5/output/run_20260513_221742/stats_20260513_221742.txt	7	final_total	6	final_total	total_program	29.892603	15634604631	16894707467	119570413660	972446292	909583055	62863237	1617480183	636464111	2210199159	1192465	526676395	426084742	1217529773	25086355	0.130756	7.647805	0.393491133733	0.000539528302	0.809006718442	0.020604305173	0.363555
E24	Learner scaling	BERT-base	64	512	768	12	3072	Codebook SIMD int8	4	8	512	transformer_BERT_base_int8_noTiling_4D_CB_8_SVE_512.o	run_20260513_221743	/home/thu/gem5/output/run_20260513_221743/stats_20260513_221743.txt	1	interval_delta	1	after_mha	MHA	12.490745	4687167236	5736344427	49962979864	715824497	656918081	58906416	1076977262	513772948	696378860	523280	342864950	209409549	349705723	6715660							
E24	Learner scaling	BERT-base	64	512	768	12	3072	Codebook SIMD int8	4	8	512	transformer_BERT_base_int8_noTiling_4D_CB_8_SVE_512.o	run_20260513_221743	/home/thu/gem5/output/run_20260513_221743/stats_20260513_221743.txt	2	interval_delta	2	after_projection	Projection	4.050937	1372223243	1587987919	16203749680	133702153	127597856	6104297	196893385	106619354	178081785	201209	78335814	74524371	100943761	2140133							
E24	Learner scaling	BERT-base	64	512	768	12	3072	Codebook SIMD int8	4	8	512	transformer_BERT_base_int8_noTiling_4D_CB_8_SVE_512.o	run_20260513_221743	/home/thu/gem5/output/run_20260513_221743/stats_20260513_221743.txt	3	interval_delta	3	after_attn_addnorm	non_GEMM_after_projection	0.019188	38702165	41155781	76749596	14082031	9220649	4861382	13981011	160637	10824490	43541	198324	126436	4221452	45728							
E24	Learner scaling	BERT-base	64	512	768	12	3072	Codebook SIMD int8	4	8	512	transformer_BERT_base_int8_noTiling_4D_CB_8_SVE_512.o	run_20260513_221743	/home/thu/gem5/output/run_20260513_221743/stats_20260513_221743.txt	4	interval_delta	4	after_ff1	FF1	16.321118	5459683571	6319074802	65284473980	525433574	504803800	20629774	778269423	425348751	701907933	671833	312363206	301385932	398247412	8383456							
E24	Learner scaling	BERT-base	64	512	768	12	3072	Codebook SIMD int8	4	8	512	transformer_BERT_base_int8_noTiling_4D_CB_8_SVE_512.o	run_20260513_221743	/home/thu/gem5/output/run_20260513_221743/stats_20260513_221743.txt	5	interval_delta	5	after_ff2	FF2	16.789444	5395042119	6252222850	67157773372	513441474	502350928	11090546	761241041	432409091	686519524	620854	317802978	309250036	390624623	8349274							
E24	Learner scaling	BERT-base	64	512	768	12	3072	Codebook SIMD int8	4	8	512	transformer_BERT_base_int8_noTiling_4D_CB_8_SVE_512.o	run_20260513_221743	/home/thu/gem5/output/run_20260513_221743/stats_20260513_221743.txt	6	interval_delta	6	final_total	non_GEMM_after_ff2	0.032886	59712579	62488237	131546612	20109048	13094520	7014528	19980224	447090	16840310	47871	413619	258093	6467047	54374							
E24	Learner scaling	BERT-base	64	512	768	12	3072	Codebook SIMD int8	4	8	512	transformer_BERT_base_int8_noTiling_4D_CB_8_SVE_512.o	run_20260513_221743	/home/thu/gem5/output/run_20260513_221743/stats_20260513_221743.txt	7	final_total	6	final_total	total_program	49.704318	17012530913	19999274016	198817273104	1922592777	1813985834	108606943	2847342346	1478757871	2290552902	2108588	1051978891	894954417	1250210018	25688625	0.085569	11.686519	0.519346706966	0.000920558525	0.850734196909	0.020547447733	0.373836
E25	Codebook-size scaling	BERT-mini	64	512	256	4	1024	Codebook SIMD int8	4	4	128	transformer_BERT_mini_int8_noTiling_4D_CB_4_SVE_128.o	run_20260503_231231	/home/thu/gem5/output/run_20260503_231231/stats_20260503_231231.txt	1	interval_delta	1	after_mha	MHA	1.881954	1463059333	2117696536	7527816004	414091205	390763485	23327720	414246265	109153134	315569708	163406	62701240	19266524	91577392	1347739							
E25	Codebook-size scaling	BERT-mini	64	512	256	4	1024	Codebook SIMD int8	4	4	128	transformer_BERT_mini_int8_noTiling_4D_CB_4_SVE_128.o	run_20260503_231231	/home/thu/gem5/output/run_20260503_231231/stats_20260503_231231.txt	2	interval_delta	2	after_projection	Projection	0.513496	299694025	359225682	2053984340	37422031	35557859	1864172	37390569	17314464	48158404	60957	8778948	6824787	15623657	61994							
E25	Codebook-size scaling	BERT-mini	64	512	256	4	1024	Codebook SIMD int8	4	4	128	transformer_BERT_mini_int8_noTiling_4D_CB_4_SVE_128.o	run_20260503_231231	/home/thu/gem5/output/run_20260503_231231/stats_20260503_231231.txt	3	interval_delta	3	after_attn_addnorm	non_GEMM_after_projection	0.006870	13731692	14712413	27480952	4994265	3235459	1758806	4969365	64750	3846773	37432	98755	43764	1573111	38724							
E25	Codebook-size scaling	BERT-mini	64	512	256	4	1024	Codebook SIMD int8	4	4	128	transformer_BERT_mini_int8_noTiling_4D_CB_4_SVE_128.o	run_20260503_231231	/home/thu/gem5/output/run_20260503_231231/stats_20260503_231231.txt	4	interval_delta	4	after_ff1	FF1	2.059795	1189730944	1427349423	8239178256	146653058	140173796	6479262	147131918	68683566	189055697	127732	35283606	27571630	60602164	127675							
E25	Codebook-size scaling	BERT-mini	64	512	256	4	1024	Codebook SIMD int8	4	4	128	transformer_BERT_mini_int8_noTiling_4D_CB_4_SVE_128.o	run_20260503_231231	/home/thu/gem5/output/run_20260503_231231/stats_20260503_231231.txt	5	interval_delta	5	after_ff2	FF2	2.290646	1169249285	1406322573	9162584788	143249689	139777964	3471725	143206614	67373201	185180550	133622	34826977	32157261	58188770	253862							
E25	Codebook-size scaling	BERT-mini	64	512	256	4	1024	Codebook SIMD int8	4	4	128	transformer_BERT_mini_int8_noTiling_4D_CB_4_SVE_128.o	run_20260503_231231	/home/thu/gem5/output/run_20260503_231231/stats_20260503_231231.txt	6	interval_delta	6	final_total	non_GEMM_after_ff2	0.009760	20498990	21562084	39037984	6935026	4467590	2467436	6900910	160118	6338186	40649	179362	62171	2284482	44758							
E25	Codebook-size scaling	BERT-mini	64	512	256	4	1024	Codebook SIMD int8	4	4	128	transformer_BERT_mini_int8_noTiling_4D_CB_4_SVE_128.o	run_20260503_231231	/home/thu/gem5/output/run_20260503_231231/stats_20260503_231231.txt	7	final_total	6	final_total	total_program	6.762521	4155964269	5346868711	27050082324	753345274	713976153	39369121	753845641	262749233	748149318	563798	141868888	85926137	229849576	1874752	0.153640	6.508738	0.348545138036	0.000753590208	0.605672873111	0.008156430099	0.825475
E26	Codebook-size scaling	BERT-mini	64	512	256	4	1024	Codebook SIMD int8	4	16	128	transformer_BERT_mini_int8_noTiling_4D_CB_16_SVE_128.o	run_20260503_231253	/home/thu/gem5/output/run_20260503_231253/stats_20260503_231253.txt	1	interval_delta	1	after_mha	MHA	2.302908	2558544431	3213352773	9211632820	507567168	480967788	26599380	508192135	104830232	376041523	177745	62664400	19325353	107442960	1361923							
E26	Codebook-size scaling	BERT-mini	64	512	256	4	1024	Codebook SIMD int8	4	16	128	transformer_BERT_mini_int8_noTiling_4D_CB_16_SVE_128.o	run_20260503_231253	/home/thu/gem5/output/run_20260503_231253/stats_20260503_231253.txt	2	interval_delta	2	after_projection	Projection	0.649752	664964183	724560563	2599005924	68609533	65644130	2965403	68705750	8937171	68344511	63696	8792738	6805775	20931412	64753							
E26	Codebook-size scaling	BERT-mini	64	512	256	4	1024	Codebook SIMD int8	4	16	128	transformer_BERT_mini_int8_noTiling_4D_CB_16_SVE_128.o	run_20260503_231253	/home/thu/gem5/output/run_20260503_231253/stats_20260503_231253.txt	3	interval_delta	3	after_attn_addnorm	non_GEMM_after_projection	0.007081	13957269	14961028	28326212	5059473	3274988	1784485	5031066	68074	3919885	38566	103024	46309	1616319	39827							
E26	Codebook-size scaling	BERT-mini	64	512	256	4	1024	Codebook SIMD int8	4	16	128	transformer_BERT_mini_int8_noTiling_4D_CB_16_SVE_128.o	run_20260503_231253	/home/thu/gem5/output/run_20260503_231253/stats_20260503_231253.txt	4	interval_delta	4	after_ff1	FF1	2.589127	2650340715	2888192393	10348734935	271286619	260442585	10844034	271770348	35295626	269687905	148689	35343840	27015143	81749426	146398							
E26	Codebook-size scaling	BERT-mini	64	512	256	4	1024	Codebook SIMD int8	4	16	128	transformer_BERT_mini_int8_noTiling_4D_CB_16_SVE_128.o	run_20260503_231253	/home/thu/gem5/output/run_20260503_231253/stats_20260503_231253.txt	5	interval_delta	5	after_ff2	FF2	2.841479	2628017229	2865255457	11365919836	267382062	259594134	7787928	268231902	67417111	265175815	150163	34868731	32133533	79291586	265905							
E26	Codebook-size scaling	BERT-mini	64	512	256	4	1024	Codebook SIMD int8	4	16	128	transformer_BERT_mini_int8_noTiling_4D_CB_16_SVE_128.o	run_20260503_231253	/home/thu/gem5/output/run_20260503_231253/stats_20260503_231253.txt	6	interval_delta	6	final_total	non_GEMM_after_ff2	0.009915	20671572	21746693	39657896	6981135	4497001	2484134	6942647	162955	6384196	39515	180998	63596	2316756	43489							
E26	Codebook-size scaling	BERT-mini	64	512	256	4	1024	Codebook SIMD int8	4	16	128	transformer_BERT_mini_int8_noTiling_4D_CB_16_SVE_128.o	run_20260503_231253	/home/thu/gem5/output/run_20260503_231253/stats_20260503_231253.txt	7	final_total	6	final_total	total_program	8.400262	8536495399	9728068907	33593277623	1126885990	1074420626	52465364	1128873848	216711169	989553835	618374	141953731	85389709	293348459	1922295	0.254113	3.935254	0.191971112967	0.000624901828	0.601531980868	0.006552940508	0.755201
E27	Codebook-size scaling	BERT-mini	64	512	256	4	1024	Codebook SIMD int8	4	4	256	transformer_BERT_mini_int8_noTiling_4D_CB_4_SVE_256.o	run_20260503_231444	/home/thu/gem5/output/run_20260503_231444/stats_20260503_231444.txt	1	interval_delta	1	after_mha	MHA	1.601712	826231744	1162022071	6406849452	227418888	206459228	20959660	263732190	102671341	167414674	155640	62626252	19208774	58276142	297587							
E27	Codebook-size scaling	BERT-mini	64	512	256	4	1024	Codebook SIMD int8	4	4	256	transformer_BERT_mini_int8_noTiling_4D_CB_4_SVE_256.o	run_20260503_231444	/home/thu/gem5/output/run_20260503_231444/stats_20260503_231444.txt	2	interval_delta	2	after_projection	Projection	0.465361	169167911	199327066	1861441956	20036680	18312247	1724433	20169291	17318353	25075208	59483	8775802	6841720	10766385	62090							
E27	Codebook-size scaling	BERT-mini	64	512	256	4	1024	Codebook SIMD int8	4	4	256	transformer_BERT_mini_int8_noTiling_4D_CB_4_SVE_256.o	run_20260503_231444	/home/thu/gem5/output/run_20260503_231444/stats_20260503_231444.txt	3	interval_delta	3	after_attn_addnorm	non_GEMM_after_projection	0.006884	13730802	14711406	27536136	4993995	3235327	1758668	4969091	64801	3846038	37439	98787	43993	1573012	38697							
E27	Codebook-size scaling	BERT-mini	64	512	256	4	1024	Codebook SIMD int8	4	4	256	transformer_BERT_mini_int8_noTiling_4D_CB_4_SVE_256.o	run_20260503_231444	/home/thu/gem5/output/run_20260503_231444/stats_20260503_231444.txt	4	interval_delta	4	after_ff1	FF1	1.863092	668782180	788906716	7452369084	77692899	71579610	6113289	78302280	68512454	97305128	121103	35269961	27531515	41365820	128037							
E27	Codebook-size scaling	BERT-mini	64	512	256	4	1024	Codebook SIMD int8	4	4	256	transformer_BERT_mini_int8_noTiling_4D_CB_4_SVE_256.o	run_20260503_231444	/home/thu/gem5/output/run_20260503_231444/stats_20260503_231444.txt	5	interval_delta	5	after_ff2	FF2	2.091175	648060394	767630560	8364697776	74075908	70978071	3097837	74064524	51093656	92234175	124599	34813709	32084138	38944047	124648							
E27	Codebook-size scaling	BERT-mini	64	512	256	4	1024	Codebook SIMD int8	4	4	256	transformer_BERT_mini_int8_noTiling_4D_CB_4_SVE_256.o	run_20260503_231444	/home/thu/gem5/output/run_20260503_231444/stats_20260503_231444.txt	6	interval_delta	6	final_total	non_GEMM_after_ff2	0.009748	20432296	21495195	38993652	6918255	4467376	2450879	6892308	159979	6296551	40974	179594	62192	2267895	44770							
E27	Codebook-size scaling	BERT-mini	64	512	256	4	1024	Codebook SIMD int8	4	4	256	transformer_BERT_mini_int8_noTiling_4D_CB_4_SVE_256.o	run_20260503_231444	/home/thu/gem5/output/run_20260503_231444/stats_20260503_231444.txt	7	final_total	6	final_total	total_program	6.037972	2346405327	2954093014	24151888056	411136625	375031859	36104766	448129684	239820584	392171774	539238	141764105	85772332	153193301	695829	0.097152	10.293144	0.535158889408	0.001375004617	0.605035611800	0.004542163368	0.761249
E28	Codebook-size scaling	BERT-mini	64	512	256	4	1024	Codebook SIMD int8	4	16	256	transformer_BERT_mini_int8_noTiling_4D_CB_16_SVE_256.o	run_20260503_231527	/home/thu/gem5/output/run_20260503_231527/stats_20260503_231527.txt	1	interval_delta	1	after_mha	MHA	1.710332	1058604522	1394454343	6841327456	228327337	207318276	21009061	280277178	96462647	179464686	164959	62624271	19310787	72505133	302045							
E28	Codebook-size scaling	BERT-mini	64	512	256	4	1024	Codebook SIMD int8	4	16	256	transformer_BERT_mini_int8_noTiling_4D_CB_16_SVE_256.o	run_20260503_231527	/home/thu/gem5/output/run_20260503_231527/stats_20260503_231527.txt	2	interval_delta	2	after_projection	Projection	0.490092	246730498	276916632	1960369244	20367547	18616253	1751294	29015980	13124872	29468820	61849	8784441	6790329	15528215	62580							
E28	Codebook-size scaling	BERT-mini	64	512	256	4	1024	Codebook SIMD int8	4	16	256	transformer_BERT_mini_int8_noTiling_4D_CB_16_SVE_256.o	run_20260503_231527	/home/thu/gem5/output/run_20260503_231527/stats_20260503_231527.txt	3	interval_delta	3	after_attn_addnorm	non_GEMM_after_projection	0.007030	13938762	14938670	28119364	5052787	3271541	1781246	5024014	67851	3909959	37478	101642	45541	1612592	38836							
E28	Codebook-size scaling	BERT-mini	64	512	256	4	1024	Codebook SIMD int8	4	16	256	transformer_BERT_mini_int8_noTiling_4D_CB_16_SVE_256.o	run_20260503_231527	/home/thu/gem5/output/run_20260503_231527/stats_20260503_231527.txt	4	interval_delta	4	after_ff1	FF1	1.979240	978441896	1098624954	7916958440	78853791	72693933	6159858	113571782	52010495	114709408	133158	35300520	27507460	60298023	130802							
E28	Codebook-size scaling	BERT-mini	64	512	256	4	1024	Codebook SIMD int8	4	16	256	transformer_BERT_mini_int8_noTiling_4D_CB_16_SVE_256.o	run_20260503_231527	/home/thu/gem5/output/run_20260503_231527/stats_20260503_231527.txt	5	interval_delta	5	after_ff2	FF2	2.228292	957759030	1077390671	8913167972	75247591	72097628	3149963	109936187	51125477	110837391	139046	34848814	32166590	57885997	259306							
E28	Codebook-size scaling	BERT-mini	64	512	256	4	1024	Codebook SIMD int8	4	16	256	transformer_BERT_mini_int8_noTiling_4D_CB_16_SVE_256.o	run_20260503_231527	/home/thu/gem5/output/run_20260503_231527/stats_20260503_231527.txt	6	interval_delta	6	final_total	non_GEMM_after_ff2	0.009808	20605410	21680196	39233120	6964497	4496909	2467588	6926093	163088	6334132	39603	172924	61686	2300536	43609							
E28	Codebook-size scaling	BERT-mini	64	512	256	4	1024	Codebook SIMD int8	4	16	256	transformer_BERT_mini_int8_noTiling_4D_CB_16_SVE_256.o	run_20260503_231527	/home/thu/gem5/output/run_20260503_231527/stats_20260503_231527.txt	7	final_total	6	final_total	total_program	6.424794	3276080118	3884005466	25699175596	414813550	378494540	36319010	544751234	212954430	444724396	576093	141832612	85882393	210130496	837178	0.127478	7.844489	0.390920509599	0.001295393293	0.605519363910	0.003984086156	0.452587
E29	Codebook-size scaling	BERT-mini	64	512	256	4	1024	Codebook SIMD int8	4	4	512	transformer_BERT_mini_int8_noTiling_4D_CB_4_SVE_512.o	run_20260503_231613	/home/thu/gem5/output/run_20260503_231613/stats_20260503_231613.txt	1	interval_delta	1	after_mha	MHA	1.446505	507816886	690474306	5786018668	140374146	120598408	19775738	191954441	96130760	107153290	155583	62364516	18990065	41629413	687145							
E29	Codebook-size scaling	BERT-mini	64	512	256	4	1024	Codebook SIMD int8	4	4	512	transformer_BERT_mini_int8_noTiling_4D_CB_4_SVE_512.o	run_20260503_231613	/home/thu/gem5/output/run_20260503_231613/stats_20260503_231613.txt	2	interval_delta	2	after_projection	Projection	0.261117	103679692	119096644	1044469664	11255211	9641914	1613297	11387154	8884466	17163082	53842	8729105	6793229	8295508	187604							
E29	Codebook-size scaling	BERT-mini	64	512	256	4	1024	Codebook SIMD int8	4	4	512	transformer_BERT_mini_int8_noTiling_4D_CB_4_SVE_512.o	run_20260503_231613	/home/thu/gem5/output/run_20260503_231613/stats_20260503_231613.txt	3	interval_delta	3	after_attn_addnorm	non_GEMM_after_projection	0.006950	13756715	14743199	27798704	5003512	3240225	1763287	4979119	65482	3859072	38917	101058	44872	1578199	40001							
E29	Codebook-size scaling	BERT-mini	64	512	256	4	1024	Codebook SIMD int8	4	4	512	transformer_BERT_mini_int8_noTiling_4D_CB_4_SVE_512.o	run_20260503_231613	/home/thu/gem5/output/run_20260503_231613/stats_20260503_231613.txt	4	interval_delta	4	after_ff1	FF1	1.046001	407499891	468670117	4184006276	42891710	37111556	5780154	43502829	35161853	65982398	104331	35192622	27641146	31602416	634245							
E29	Codebook-size scaling	BERT-mini	64	512	256	4	1024	Codebook SIMD int8	4	4	512	transformer_BERT_mini_int8_noTiling_4D_CB_4_SVE_512.o	run_20260503_231613	/home/thu/gem5/output/run_20260503_231613/stats_20260503_231613.txt	5	interval_delta	5	after_ff2	FF2	2.014328	387415000	448227424	8057310232	39471802	36567603	2904199	73146244	59489513	61242882	124390	34821152	32131850	29311950	642636							
E29	Codebook-size scaling	BERT-mini	64	512	256	4	1024	Codebook SIMD int8	4	4	512	transformer_BERT_mini_int8_noTiling_4D_CB_4_SVE_512.o	run_20260503_231613	/home/thu/gem5/output/run_20260503_231613/stats_20260503_231613.txt	6	interval_delta	6	final_total	non_GEMM_after_ff2	0.009665	20403816	21467375	38661032	6911134	4467875	2443259	6885219	160348	6274460	40496	171336	60492	2260407	44783							
E29	Codebook-size scaling	BERT-mini	64	512	256	4	1024	Codebook SIMD int8	4	4	512	transformer_BERT_mini_int8_noTiling_4D_CB_4_SVE_512.o	run_20260503_231613	/home/thu/gem5/output/run_20260503_231613/stats_20260503_231613.txt	7	final_total	6	final_total	total_program	4.784566	1440572000	1762679065	19138264576	245907515	211627581	34279934	331855006	199892422	261675184	517559	141379789	85661654	114677893	2236414	0.075272	13.285184	0.602348671516	0.001977868104	0.605897452570	0.019501701169	0.465154
E30	Codebook-size scaling	BERT-mini	64	512	256	4	1024	Codebook SIMD int8	4	16	512	transformer_BERT_mini_int8_noTiling_4D_CB_16_SVE_512.o	run_20260503_231638	/home/thu/gem5/output/run_20260503_231638/stats_20260503_231638.txt	1	interval_delta	1	after_mha	MHA	1.512452	784533136	1011266383	6049808808	166019325	146209489	19809836	247492734	100511168	148128728	153391	62541789	19235108	61345159	1080445							
E30	Codebook-size scaling	BERT-mini	64	512	256	4	1024	Codebook SIMD int8	4	16	512	transformer_BERT_mini_int8_noTiling_4D_CB_16_SVE_512.o	run_20260503_231638	/home/thu/gem5/output/run_20260503_231638/stats_20260503_231638.txt	2	interval_delta	2	after_projection	Projection	0.472564	196265088	226441664	1890253300	19926817	18247323	1679494	36963185	13117506	30961041	58405	8779221	6806284	14931752	322757							
E30	Codebook-size scaling	BERT-mini	64	512	256	4	1024	Codebook SIMD int8	4	16	512	transformer_BERT_mini_int8_noTiling_4D_CB_16_SVE_512.o	run_20260503_231638	/home/thu/gem5/output/run_20260503_231638/stats_20260503_231638.txt	3	interval_delta	3	after_attn_addnorm	non_GEMM_after_projection	0.007068	13953644	14957030	28275300	5058358	3274474	1783884	5029895	68207	3918422	38640	103340	45972	1615585	39603							
E30	Codebook-size scaling	BERT-mini	64	512	256	4	1024	Codebook SIMD int8	4	16	512	transformer_BERT_mini_int8_noTiling_4D_CB_16_SVE_512.o	run_20260503_231638	/home/thu/gem5/output/run_20260503_231638/stats_20260503_231638.txt	4	interval_delta	4	after_ff1	FF1	1.908425	777230137	897387700	7633699448	77410110	71428211	5981899	145683292	52014718	121010391	121345	35290752	27563607	58025768	1175683							
E30	Codebook-size scaling	BERT-mini	64	512	256	4	1024	Codebook SIMD int8	4	16	512	transformer_BERT_mini_int8_noTiling_4D_CB_16_SVE_512.o	run_20260503_231638	/home/thu/gem5/output/run_20260503_231638/stats_20260503_231638.txt	5	interval_delta	5	after_ff2	FF2	2.142841	756427390	876031188	8571362560	73698044	70731106	2966938	141971840	51123242	116714917	126221	34838855	32124590	55609667	1302753							
E30	Codebook-size scaling	BERT-mini	64	512	256	4	1024	Codebook SIMD int8	4	16	512	transformer_BERT_mini_int8_noTiling_4D_CB_16_SVE_512.o	run_20260503_231638	/home/thu/gem5/output/run_20260503_231638/stats_20260503_231638.txt	6	interval_delta	6	final_total	non_GEMM_after_ff2	0.009845	20607275	21689879	39379420	6968879	4503363	2465516	6939090	163920	6335737	40812	174906	61851	2299298	44895							
E30	Codebook-size scaling	BERT-mini	64	512	256	4	1024	Codebook SIMD int8	4	16	512	transformer_BERT_mini_int8_noTiling_4D_CB_16_SVE_512.o	run_20260503_231638	/home/thu/gem5/output/run_20260503_231638/stats_20260503_231638.txt	7	final_total	6	final_total	total_program	6.053195	2549016670	3047773844	24212778836	349081533	314393966	34687567	584080036	216998761	427069236	538814	141728863	85837412	193827229	3966136	0.105276	9.498870	0.371522304522	0.001261654913	0.605645245316	0.020462223086	0.416930
E31	Codebook-size scaling	BERT-base	64	512	768	12	3072	Codebook SIMD int8	4	4	128	transformer_BERT_base_int8_noTiling_4D_CB_4_SVE_128.o	run_20260513_222915	/home/thu/gem5/output/run_20260513_222915/stats_20260513_222915.txt	1	interval_delta	1	after_mha	MHA	16.218973	9594084589	12613046803	64875890072	1879833212	1802810690	77022522	1881602586	459741232	1637974786	580986	346089000	211865516	526961735	5228702							
E31	Codebook-size scaling	BERT-base	64	512	768	12	3072	Codebook SIMD int8	4	4	128	transformer_BERT_base_int8_noTiling_4D_CB_4_SVE_128.o	run_20260513_222915	/home/thu/gem5/output/run_20260513_222915/stats_20260513_222915.txt	2	interval_delta	2	after_projection	Projection	5.272182	2625470159	3158032914	21088729824	319072100	312232725	6839375	318984981	151496161	404769000	225430	78364429	74539422	129508360	597178							
E31	Codebook-size scaling	BERT-base	64	512	768	12	3072	Codebook SIMD int8	4	4	128	transformer_BERT_base_int8_noTiling_4D_CB_4_SVE_128.o	run_20260513_222915	/home/thu/gem5/output/run_20260513_222915/stats_20260513_222915.txt	3	interval_delta	3	after_attn_addnorm	non_GEMM_after_projection	0.016997	37623051	39975606	67988720	13775295	9031627	4743668	13695124	143614	10501114	42593	181524	116375	4017613	45365							
E31	Codebook-size scaling	BERT-base	64	512	768	12	3072	Codebook SIMD int8	4	4	128	transformer_BERT_base_int8_noTiling_4D_CB_4_SVE_128.o	run_20260513_222915	/home/thu/gem5/output/run_20260513_222915/stats_20260513_222915.txt	4	interval_delta	4	after_ff1	FF1	21.241738	10470357298	12597198017	84966950592	1265076074	1242080246	22995828	1269739723	604895006	1607199291	760852	312502120	301439982	512191610	2209036							
E31	Codebook-size scaling	BERT-base	64	512	768	12	3072	Codebook SIMD int8	4	4	128	transformer_BERT_base_int8_noTiling_4D_CB_4_SVE_128.o	run_20260513_222915	/home/thu/gem5/output/run_20260513_222915/stats_20260513_222915.txt	5	interval_delta	5	after_ff2	FF2	21.234699	10405912547	12530399646	84938798104	1253728162	1240377756	13350406	1253669378	310327906	1582376546	713782	315206307	306519449	504417739	972537							
E31	Codebook-size scaling	BERT-base	64	512	768	12	3072	Codebook SIMD int8	4	4	128	transformer_BERT_base_int8_noTiling_4D_CB_4_SVE_128.o	run_20260513_222915	/home/thu/gem5/output/run_20260513_222915/stats_20260513_222915.txt	6	interval_delta	6	final_total	non_GEMM_after_ff2	0.032631	58935659	61611292	130522528	19878493	12907495	6970998	19745786	432975	16764691	48103	426253	256729	6339145	54094							
E31	Codebook-size scaling	BERT-base	64	512	768	12	3072	Codebook SIMD int8	4	4	128	transformer_BERT_base_int8_noTiling_4D_CB_4_SVE_128.o	run_20260513_222915	/home/thu/gem5/output/run_20260513_222915/stats_20260513_222915.txt	7	final_total	6	final_total	total_program	64.017220	33192383303	41000264278	256068879840	4751363336	4619440539	131922797	4757437578	1527036894	5259585428	2371746	1052769633	894737473	1683436202	9106912	0.129623	7.714688	0.320978860776	0.000450937822	0.849889135243	0.005409716144	0.812176
E32	Codebook-size scaling	BERT-base	64	512	768	12	3072	Codebook SIMD int8	4	16	128	transformer_BERT_base_int8_noTiling_4D_CB_16_SVE_128.o	run_20260513_222916	/home/thu/gem5/output/run_20260513_222916/stats_20260513_222916.txt	1	interval_delta	1	after_mha	MHA	20.427100	19443653404	22464050988	81708398120	2718636302	2612211138	106425164	2725312914	619468748	2324002687	695763	346874655	212805898	669694144	5287270							
E32	Codebook-size scaling	BERT-base	64	512	768	12	3072	Codebook SIMD int8	4	16	128	transformer_BERT_base_int8_noTiling_4D_CB_16_SVE_128.o	run_20260513_222916	/home/thu/gem5/output/run_20260513_222916/stats_20260513_222916.txt	2	interval_delta	2	after_projection	Projection	6.521390	5909671182	6442778113	26085561484	598942536	582205949	16736587	600793813	151576657	594648663	269679	78473162	74598493	177284799	614318							
E32	Codebook-size scaling	BERT-base	64	512	768	12	3072	Codebook SIMD int8	4	16	128	transformer_BERT_base_int8_noTiling_4D_CB_16_SVE_128.o	run_20260513_222916	/home/thu/gem5/output/run_20260513_222916/stats_20260513_222916.txt	3	interval_delta	3	after_attn_addnorm	non_GEMM_after_projection	0.019834	39411131	41929062	79337524	14281245	9344024	4937221	14166662	171162	11040702	43289	208333	133385	4355944	45882							
E32	Codebook-size scaling	BERT-base	64	512	768	12	3072	Codebook SIMD int8	4	16	128	transformer_BERT_base_int8_noTiling_4D_CB_16_SVE_128.o	run_20260513_222916	/home/thu/gem5/output/run_20260513_222916/stats_20260513_222916.txt	4	interval_delta	4	after_ff1	FF1	26.224747	23601876698	25730426093	104833159807	2383056866	2321040211	62016655	2390871563	605230263	2363983004	961894	312987642	301051216	702289307	2270508							
E32	Codebook-size scaling	BERT-base	64	512	768	12	3072	Codebook SIMD int8	4	16	128	transformer_BERT_base_int8_noTiling_4D_CB_16_SVE_128.o	run_20260513_222916	/home/thu/gem5/output/run_20260513_222916/stats_20260513_222916.txt	5	interval_delta	5	after_ff2	FF2	27.114263	23533506494	25659851201	108449122936	2370827741	2318319452	52508289	2379761152	612226491	2341908662	894102	319918775	311396908	694689274	1055676							
E32	Codebook-size scaling	BERT-base	64	512	768	12	3072	Codebook SIMD int8	4	16	128	transformer_BERT_base_int8_noTiling_4D_CB_16_SVE_128.o	run_20260513_222916	/home/thu/gem5/output/run_20260513_222916/stats_20260513_222916.txt	6	interval_delta	6	final_total	non_GEMM_after_ff2	0.033583	60740105	63583370	134332496	20389550	13222762	7166788	20222687	456584	17308986	48803	448347	273005	6681126	55209							
E32	Codebook-size scaling	BERT-base	64	512	768	12	3072	Codebook SIMD int8	4	16	128	transformer_BERT_base_int8_noTiling_4D_CB_16_SVE_128.o	run_20260513_222916	/home/thu/gem5/output/run_20260513_222916/stats_20260513_222916.txt	7	final_total	6	final_total	total_program	80.340917	72588859014	80402618827	321289912367	8106134240	7856343536	249790704	8131128791	1989129905	7652892704	2913530	1058910914	900258905	2254994594	9328863	0.225929	4.426160	0.244631459681	0.000380709637	0.850174356594	0.004136977989	0.733333
E33	Codebook-size scaling	BERT-base	64	512	768	12	3072	Codebook SIMD int8	4	4	256	transformer_BERT_base_int8_noTiling_4D_CB_4_SVE_256.o	run_20260513_223200	/home/thu/gem5/output/run_20260513_223200/stats_20260513_223200.txt	1	interval_delta	1	after_mha	MHA	14.737189	5318906122	6852666502	58948756980	998677488	933605991	65071497	1308227037	539167374	903847670	532512	346056729	211852485	337291181	2051060							
E33	Codebook-size scaling	BERT-base	64	512	768	12	3072	Codebook SIMD int8	4	4	256	transformer_BERT_base_int8_noTiling_4D_CB_4_SVE_256.o	run_20260513_223200	/home/thu/gem5/output/run_20260513_223200/stats_20260513_223200.txt	2	interval_delta	2	after_projection	Projection	4.872221	1454917550	1723109144	19488883852	164522746	158174401	6348345	241206198	113703761	206882818	205301	78341226	74528993	86549433	584548							
E33	Codebook-size scaling	BERT-base	64	512	768	12	3072	Codebook SIMD int8	4	4	256	transformer_BERT_base_int8_noTiling_4D_CB_4_SVE_256.o	run_20260513_223200	/home/thu/gem5/output/run_20260513_223200/stats_20260513_223200.txt	3	interval_delta	3	after_attn_addnorm	non_GEMM_after_projection	0.016963	37615702	39966790	67850980	13772596	9030162	4742434	13692318	143075	10496349	42489	180774	115704	4016264	45008							
E33	Codebook-size scaling	BERT-base	64	512	768	12	3072	Codebook SIMD int8	4	4	256	transformer_BERT_base_int8_noTiling_4D_CB_4_SVE_256.o	run_20260513_223200	/home/thu/gem5/output/run_20260513_223200/stats_20260513_223200.txt	4	interval_delta	4	after_ff1	FF1	19.651125	5792041152	6861464372	78604499384	648791933	627107257	21684676	955922328	453736956	816948298	692551	312375534	301439034	341013601	2166721							
E33	Codebook-size scaling	BERT-base	64	512	768	12	3072	Codebook SIMD int8	4	4	256	transformer_BERT_base_int8_noTiling_4D_CB_4_SVE_256.o	run_20260513_223200	/home/thu/gem5/output/run_20260513_223200/stats_20260513_223200.txt	5	interval_delta	5	after_ff2	FF2	19.772715	5727252427	6794367325	79090859512	636930284	624856263	12074021	939233155	460872209	795381996	666416	314737287	306125603	333287917	938759							
E33	Codebook-size scaling	BERT-base	64	512	768	12	3072	Codebook SIMD int8	4	4	256	transformer_BERT_base_int8_noTiling_4D_CB_4_SVE_256.o	run_20260513_223200	/home/thu/gem5/output/run_20260513_223200/stats_20260513_223200.txt	6	interval_delta	6	final_total	non_GEMM_after_ff2	0.031737	58735019	61410000	126948864	19827903	12906715	6921188	19695322	427509	16589901	47590	396615	247299	6289342	53903							
E33	Codebook-size scaling	BERT-base	64	512	768	12	3072	Codebook SIMD int8	4	4	256	transformer_BERT_base_int8_noTiling_4D_CB_4_SVE_256.o	run_20260513_223200	/home/thu/gem5/output/run_20260513_223200/stats_20260513_223200.txt	7	final_total	6	final_total	total_program	59.081950	18389467972	22332984133	236327799572	2482522950	2365680789	116842161	3477976358	1568050884	2750147032	2186859	1052088165	894309118	1108447738	5839999	0.077813	12.851258	0.450851507485	0.000795178939	0.850032485633	0.005268628190	0.741735
E34	Codebook-size scaling	BERT-base	64	512	768	12	3072	Codebook SIMD int8	4	16	256	transformer_BERT_base_int8_noTiling_4D_CB_16_SVE_256.o	run_20260513_223201	/home/thu/gem5/output/run_20260513_223201/stats_20260513_223201.txt	1	interval_delta	1	after_mha	MHA	15.527003	7409538420	8943698473	62108012020	1006613460	941188024	65425436	1121630145	537460148	990270068	541786	346397029	212388626	465182773	2072862							
E34	Codebook-size scaling	BERT-base	64	512	768	12	3072	Codebook SIMD int8	4	16	256	transformer_BERT_base_int8_noTiling_4D_CB_16_SVE_256.o	run_20260513_223201	/home/thu/gem5/output/run_20260513_223201/stats_20260513_223201.txt	2	interval_delta	2	after_projection	Projection	5.102405	2153049858	2421496245	20409618244	167535533	160928131	6607402	169870291	150351246	252673101	221553	78405142	74560038	129419658	596420							
E34	Codebook-size scaling	BERT-base	64	512	768	12	3072	Codebook SIMD int8	4	16	256	transformer_BERT_base_int8_noTiling_4D_CB_16_SVE_256.o	run_20260513_223201	/home/thu/gem5/output/run_20260513_223201/stats_20260513_223201.txt	3	interval_delta	3	after_attn_addnorm	non_GEMM_after_projection	0.019797	39415097	41933607	79191292	14282534	9344694	4937840	14168187	171216	11043133	43646	208744	132733	4356864	46301							
E34	Codebook-size scaling	BERT-base	64	512	768	12	3072	Codebook SIMD int8	4	16	256	transformer_BERT_base_int8_noTiling_4D_CB_16_SVE_256.o	run_20260513_223201	/home/thu/gem5/output/run_20260513_223201/stats_20260513_223201.txt	4	interval_delta	4	after_ff1	FF1	20.560196	8578852803	9648718333	82240782196	659155704	637089561	22066143	668892488	600132346	998342868	725549	312524847	301473353	511409203	2197194							
E34	Codebook-size scaling	BERT-base	64	512	768	12	3072	Codebook SIMD int8	4	16	256	transformer_BERT_base_int8_noTiling_4D_CB_16_SVE_256.o	run_20260513_223201	/home/thu/gem5/output/run_20260513_223201/stats_20260513_223201.txt	5	interval_delta	5	after_ff2	FF2	21.118991	8514457889	9582117784	84475963280	647462442	634924353	12538089	656900122	466036785	976217691	691453	319933356	311274525	503757726	974979							
E34	Codebook-size scaling	BERT-base	64	512	768	12	3072	Codebook SIMD int8	4	16	256	transformer_BERT_base_int8_noTiling_4D_CB_16_SVE_256.o	run_20260513_223201	/home/thu/gem5/output/run_20260513_223201/stats_20260513_223201.txt	6	interval_delta	6	final_total	non_GEMM_after_ff2	0.034248	60531949	63373051	136991288	20336513	13220734	7115779	20194496	462775	17157294	48174	453045	274087	6629046	54937							
E34	Codebook-size scaling	BERT-base	64	512	768	12	3072	Codebook SIMD int8	4	16	256	transformer_BERT_base_int8_noTiling_4D_CB_16_SVE_256.o	run_20260513_223201	/home/thu/gem5/output/run_20260513_223201/stats_20260513_223201.txt	7	final_total	6	final_total	total_program	62.362640	26755846016	30701337493	249450558320	2515386186	2396695497	118690689	2651655729	1754614516	3245704155	2272161	1057922163	900103362	1620755270	5942693	0.107259	9.323217	0.661705249596	0.000700051789	0.850821916281	0.003666619575	0.388451
E35	Codebook-size scaling	BERT-base	64	512	768	12	3072	Codebook SIMD int8	4	4	512	transformer_BERT_base_int8_noTiling_4D_CB_4_SVE_512.o	run_20260513_223251	/home/thu/gem5/output/run_20260513_223251/stats_20260513_223251.txt	1	interval_delta	1	after_mha	MHA	13.908570	3181162855	3991166713	55634278912	576926252	517852168	59074084	920974601	558614174	509220856	490969	345860722	211692718	242427096	4384944							
E35	Codebook-size scaling	BERT-base	64	512	768	12	3072	Codebook SIMD int8	4	4	512	transformer_BERT_base_int8_noTiling_4D_CB_4_SVE_512.o	run_20260513_223251	/home/thu/gem5/output/run_20260513_223251/stats_20260513_223251.txt	2	interval_delta	2	after_projection	Projection	4.655880	869671728	1005684549	18623522856	87264156	81154095	6110061	164046624	133751573	115549283	193164	78333096	74525216	65080438	1364804							
E35	Codebook-size scaling	BERT-base	64	512	768	12	3072	Codebook SIMD int8	4	4	512	transformer_BERT_base_int8_noTiling_4D_CB_4_SVE_512.o	run_20260513_223251	/home/thu/gem5/output/run_20260513_223251/stats_20260513_223251.txt	3	interval_delta	3	after_attn_addnorm	non_GEMM_after_projection	0.016951	37615296	39966427	67802500	13772610	9030212	4742398	13692386	142557	10496043	42456	180475	115913	4016493	44951							
E35	Codebook-size scaling	BERT-base	64	512	768	12	3072	Codebook SIMD int8	4	4	512	transformer_BERT_base_int8_noTiling_4D_CB_4_SVE_512.o	run_20260513_223251	/home/thu/gem5/output/run_20260513_223251/stats_20260513_223251.txt	4	interval_delta	4	after_ff1	FF1	18.789241	3452908172	3993611487	75156964372	340639085	319615553	21023532	647782280	533929189	452782680	640809	312315272	301452918	255435817	5283422							
E35	Codebook-size scaling	BERT-base	64	512	768	12	3072	Codebook SIMD int8	4	4	512	transformer_BERT_base_int8_noTiling_4D_CB_4_SVE_512.o	run_20260513_223251	/home/thu/gem5/output/run_20260513_223251/stats_20260513_223251.txt	5	interval_delta	5	after_ff2	FF2	19.048399	3387836429	3926257271	76193595428	328512684	317085453	11427231	630816911	536308311	438738975	605075	314664097	306080137	247712121	5631217							
E35	Codebook-size scaling	BERT-base	64	512	768	12	3072	Codebook SIMD int8	4	4	512	transformer_BERT_base_int8_noTiling_4D_CB_4_SVE_512.o	run_20260513_223251	/home/thu/gem5/output/run_20260513_223251/stats_20260513_223251.txt	6	interval_delta	6	final_total	non_GEMM_after_ff2	0.031655	58643471	61319553	126620940	19805319	12907659	6897660	19672793	404268	16521825	47664	397575	247315	6266037	54083							
E35	Codebook-size scaling	BERT-base	64	512	768	12	3072	Codebook SIMD int8	4	4	512	transformer_BERT_base_int8_noTiling_4D_CB_4_SVE_512.o	run_20260513_223251	/home/thu/gem5/output/run_20260513_223251/stats_20260513_223251.txt	7	final_total	6	final_total	total_program	56.450696	10987837951	13018006000	225802785008	1366920106	1257645140	109274966	2396985595	1763150072	1543309662	2020137	1051751237	894114217	820938002	16763421	0.048661	20.550247	0.735569740460	0.001308964137	0.850119482198	0.020419837989	0.394705
E36	Codebook-size scaling	BERT-base	64	512	768	12	3072	Codebook SIMD int8	4	16	512	transformer_BERT_base_int8_noTiling_4D_CB_16_SVE_512.o	run_20260513_223253	/home/thu/gem5/output/run_20260513_223253/stats_20260513_223253.txt	1	interval_delta	1	after_mha	MHA	14.779732	5671801869	6878582647	59118928340	807850756	748402358	59448398	1339992986	504157614	822797011	514752	345438330	211662353	419875478	9121274							
E36	Codebook-size scaling	BERT-base	64	512	768	12	3072	Codebook SIMD int8	4	16	512	transformer_BERT_base_int8_noTiling_4D_CB_16_SVE_512.o	run_20260513_223253	/home/thu/gem5/output/run_20260513_223253/stats_20260513_223253.txt	2	interval_delta	2	after_projection	Projection	3.041818	1698996018	1966838989	12167270564	163745937	157770601	5975336	166064273	77101652	219500324	156933	78252357	74548175	124078777	2907916							
E36	Codebook-size scaling	BERT-base	64	512	768	12	3072	Codebook SIMD int8	4	16	512	transformer_BERT_base_int8_noTiling_4D_CB_16_SVE_512.o	run_20260513_223253	/home/thu/gem5/output/run_20260513_223253/stats_20260513_223253.txt	3	interval_delta	3	after_attn_addnorm	non_GEMM_after_projection	0.019857	39424584	41944944	79430920	14285977	9346779	4939198	14171514	172280	11047945	44402	210439	133687	4358845	46399							
E36	Codebook-size scaling	BERT-base	64	512	768	12	3072	Codebook SIMD int8	4	16	512	transformer_BERT_base_int8_noTiling_4D_CB_16_SVE_512.o	run_20260513_223253	/home/thu/gem5/output/run_20260513_223253/stats_20260513_223253.txt	4	interval_delta	4	after_ff1	FF1	12.196636	6764588217	7832066262	48786541048	644952293	625091485	19860808	654628966	307228706	866884768	492846	312053490	301323647	490374964	11452626							
E36	Codebook-size scaling	BERT-base	64	512	768	12	3072	Codebook SIMD int8	4	16	512	transformer_BERT_base_int8_noTiling_4D_CB_16_SVE_512.o	run_20260513_223253	/home/thu/gem5/output/run_20260513_223253/stats_20260513_223253.txt	5	interval_delta	5	after_ff2	FF2	20.447089	6708429728	7775906912	81788356100	636374427	624454978	11919449	1250173397	466024943	850610799	640738	319873843	311288193	484286810	10391011							
E36	Codebook-size scaling	BERT-base	64	512	768	12	3072	Codebook SIMD int8	4	16	512	transformer_BERT_base_int8_noTiling_4D_CB_16_SVE_512.o	run_20260513_223253	/home/thu/gem5/output/run_20260513_223253/stats_20260513_223253.txt	6	interval_delta	6	final_total	non_GEMM_after_ff2	0.033423	60436119	63277226	133692888	20312382	13221046	7091336	20169730	456568	17056063	47851	422890	265624	6605671	54477							
E36	Codebook-size scaling	BERT-base	64	512	768	12	3072	Codebook SIMD int8	4	16	512	transformer_BERT_base_int8_noTiling_4D_CB_16_SVE_512.o	run_20260513_223253	/home/thu/gem5/output/run_20260513_223253/stats_20260513_223253.txt	7	final_total	6	final_total	total_program	50.518555	20943676535	24558616980	202074219860	2287521772	2178287247	109234525	3445200866	1355141763	2787896910	1897522	1056251349	899221679	1529580545	33973703	0.103643	9.648460	0.393341873437	0.000680628467	0.851333046676	0.022211123900	0.365752
E37	Tiling baseline	BERT-mini	64	512	256	4	1024	Codebook SIMD int8	4	8	128	transformer_base_profiling.o	run_20260922_022540	/home/hlin/i2ce/runs/e09_base_minor_20260922_022540/stats.txt	1	interval_delta	1	after_mha	MHA	2.095068	2020344101	2711066790	8380271392	434976337	411106443	23869894	435219761	108263624	318958010	166815	62517295	18959760	107262768	1727655							
E37	Tiling baseline	BERT-mini	64	512	256	4	1024	Codebook SIMD int8	4	8	128	transformer_base_profiling.o	run_20260922_022540	/home/hlin/i2ce/runs/e09_base_minor_20260922_022540/stats.txt	2	interval_delta	2	after_projection	Projection	0.588906	485016334	556502065	2355625632	44572252	42682707	1889545	44633118	12210106	60592787	57998	8783877	6816037	20780660	190908							
E37	Tiling baseline	BERT-mini	64	512	256	4	1024	Codebook SIMD int8	4	8	128	transformer_base_profiling.o	run_20260922_022540	/home/hlin/i2ce/runs/e09_base_minor_20260922_022540/stats.txt	3	interval_delta	3	after_attn_addnorm	non_GEMM_after_projection	0.006624	13927549	14918472	26493228	5044275	3269993	1774282	5013679	67701	4286405	34592	98916	45692	1610594	36718							
E37	Tiling baseline	BERT-mini	64	512	256	4	1024	Codebook SIMD int8	4	8	128	transformer_base_profiling.o	run_20260922_022540	/home/hlin/i2ce/runs/e09_base_minor_20260922_022540/stats.txt	4	interval_delta	4	after_ff1	FF1	2.338574	1931243189	2216792555	9354295976	175793537	169131600	6661937	176136500	48268975	238968933	136522	35332137	26917704	81283324	656543							
E37	Tiling baseline	BERT-mini	64	512	256	4	1024	Codebook SIMD int8	4	8	128	transformer_base_profiling.o	run_20260922_022540	/home/hlin/i2ce/runs/e09_base_minor_20260922_022540/stats.txt	5	interval_delta	5	after_ff2	FF2	2.635461	1901927722	2186118475	10541843852	172683336	167898604	4784732	173270251	47878561	231545849	152564	35035100	32723837	78171858	265106							
E37	Tiling baseline	BERT-mini	64	512	256	4	1024	Codebook SIMD int8	4	8	128	transformer_base_profiling.o	run_20260922_022540	/home/hlin/i2ce/runs/e09_base_minor_20260922_022540/stats.txt	6	interval_delta	6	final_total	non_GEMM_after_ff2	0.009658	20549248	21607072	38635204	6942121	4476138	2465983	6904472	157072	6238756	37074	173621	60695	2294700	41964							
E37	Tiling baseline	BERT-mini	64	512	256	4	1024	Codebook SIMD int8	4	8	128	transformer_base_profiling.o	run_20260922_022540	/home/hlin/i2ce/runs/e09_base_minor_20260922_022540/stats.txt	7	final_total	6	final_total	total_program	7.674291	6373008143	7707005429	30697165284	840011858	798565485	41446373	841177781	216846039	860590740	585565	141940946	85523725	291403904	2918894	0.207609	4.816747	0.257788595821	0.000680422148	0.602530329761	0.010016660587	0.792661
E38	Tiling	BERT-mini	64	512	256	4	1024	Codebook SIMD int8 tiled	4	8	128	transformer_tiling_profiling.o	run_20260922_022540	/home/hlin/i2ce/runs/e09_tiling_minor_20260922_022540/stats.txt	1	interval_delta	1	after_mha	MHA	0.950453	1525846085	2227450538	3801813924	513348512	453135929	60212583	513259754	72294000	422112971	160596	36880738	2334529	146211417	1520259							
E38	Tiling	BERT-mini	64	512	256	4	1024	Codebook SIMD int8 tiled	4	8	128	transformer_tiling_profiling.o	run_20260922_022540	/home/hlin/i2ce/runs/e09_tiling_minor_20260922_022540/stats.txt	2	interval_delta	2	after_projection	Projection	0.148751	319421869	394419390	595003236	70461202	56566918	13894284	70425585	363521	83076225	44665	318368	224542	33608077	112247							
E38	Tiling	BERT-mini	64	512	256	4	1024	Codebook SIMD int8 tiled	4	8	128	transformer_tiling_profiling.o	run_20260922_022540	/home/hlin/i2ce/runs/e09_tiling_minor_20260922_022540/stats.txt	3	interval_delta	3	after_attn_addnorm	non_GEMM_after_projection	0.006562	13914074	14902043	26246956	5039231	3267304	1771927	5008240	67495	4278796	33591	97629	44653	1607849	35724							
E38	Tiling	BERT-mini	64	512	256	4	1024	Codebook SIMD int8 tiled	4	8	128	transformer_tiling_profiling.o	run_20260922_022540	/home/hlin/i2ce/runs/e09_tiling_minor_20260922_022540/stats.txt	4	interval_delta	4	after_ff1	FF1	0.589938	1269924315	1569666529	2359753268	279650960	224809933	54841027	279591709	1813938	329331723	93695	1362480	829887	132824943	343592							
E38	Tiling	BERT-mini	64	512	256	4	1024	Codebook SIMD int8 tiled	4	8	128	transformer_tiling_profiling.o	run_20260922_022540	/home/hlin/i2ce/runs/e09_tiling_minor_20260922_022540/stats.txt	5	interval_delta	5	after_ff2	FF2	0.593644	1251732940	1546402232	2374575092	273567688	221760755	51806933	273506024	2059300	322008043	90220	1734382	1006382	130026557	211765							
E38	Tiling	BERT-mini	64	512	256	4	1024	Codebook SIMD int8 tiled	4	8	128	transformer_tiling_profiling.o	run_20260922_022540	/home/hlin/i2ce/runs/e09_tiling_minor_20260922_022540/stats.txt	6	interval_delta	6	final_total	non_GEMM_after_ff2	0.009617	20520345	21572855	38467744	6932307	4470756	2461551	6894310	157510	6223765	36006	172917	60365	2288325	40577							
E38	Tiling	BERT-mini	64	512	256	4	1024	Codebook SIMD int8 tiled	4	8	128	transformer_tiling_profiling.o	run_20260922_022540	/home/hlin/i2ce/runs/e09_tiling_minor_20260922_022540/stats.txt	7	final_total	6	final_total	total_program	2.298965	4401359628	5774413587	9195860220	1148999900	964011595	184988305	1148685622	76755764	1167031523	458773	40566514	4500358	446567168	2264164	0.478624	2.089323	0.066820514273	0.000393111061	0.110937755214	0.005070153299	0.797421
