exp_id	study	model	d_q	d_seq	d_model	num_head	d_ff	implementation	n_learners	codebook_size	sve_bits	executable	gem5_timestamp	stats_file	row_index	row_kind	dump_index	checkpoint	interval	sim_seconds	instructions	ops	cpu_cycles	memory_references	load_instructions	store_instructions	dcache_demand_accesses	dcache_demand_misses	icache_demand_accesses	icache_demand_misses	l2_demand_accesses	l2_demand_misses	committed_branches	branch_mispredictions	ipc	cpi	dcache_demand_miss_rate	icache_demand_miss_rate	l2_demand_miss_rate	branch_misprediction_rate	btb_hit_ratio	runner_id	repo_commit	commit_subject	binary_sha256	compile_flags	overrides	cores	l1i	l1d	l2
E01	Runner	BERT-mini	64	512	256	4	1024	Codebook SIMD int8	2	4	128	transformer_BERT_mini_int8_noTiling_2D_CB_4_SVE_128.o	run_20260929_094955	/home/hlin/i2ce/exp/38/out_20260929_094955/stats.txt	1	interval_delta	1	after_qkv_h	MHA_QKV	0.452479	809762831	885759990	1809919133	57446474	54235947	3210527	57644472	13639241	139667247	35890	13416101	2371905	44125759	30416								38	eb4a8e4fa591	test(profiling): split-MHA markers on the pre-int8 baseline	bb6a2ce2eae79f9c8ee58278f439e716aebd0b3a48fccfd1fd81f40e8216c7b3	USE_FP32_TRANSFORMER_FLAG=0 FULL_INTERLEAVED_PIPELINE_FLAG=1 SIMD_FLAG=1 RELOAD_WEIGHT_FLAG=1 USE_NOTEBOOK_GENERATED_WEIGHTS_FLAG=1 USE_CODEBOOK_GEMM_FLAG=1 ENABLE_CODEBOOK_REFERENCE_FLAG=0 ENABLE_DEBUG_PRINT_FLAG=0 PROFILE_GEMM_ONLY_FLAG=1 GEM5_PROFILE_REGIONS_FLAG=1 DENSE_NO_SIMD_BASELINE_FLAG=0 I2CE_USE_LIBM5_FLAG=1	-	1	48KiB	32KiB	1MiB
E01	Runner	BERT-mini	64	512	256	4	1024	Codebook SIMD int8	2	4	128	transformer_BERT_mini_int8_noTiling_2D_CB_4_SVE_128.o	run_20260929_094955	/home/hlin/i2ce/exp/38/out_20260929_094955/stats.txt	2	interval_delta	2	after_qk_h	MHA_QK	0.141872	227606524	328870954	567483772	72090753	68267120	3823633	72083702	9177614	81985841	20318	8928737	445959	20269631	1071126								38	eb4a8e4fa591	test(profiling): split-MHA markers on the pre-int8 baseline	bb6a2ce2eae79f9c8ee58278f439e716aebd0b3a48fccfd1fd81f40e8216c7b3	USE_FP32_TRANSFORMER_FLAG=0 FULL_INTERLEAVED_PIPELINE_FLAG=1 SIMD_FLAG=1 RELOAD_WEIGHT_FLAG=1 USE_NOTEBOOK_GENERATED_WEIGHTS_FLAG=1 USE_CODEBOOK_GEMM_FLAG=1 ENABLE_CODEBOOK_REFERENCE_FLAG=0 ENABLE_DEBUG_PRINT_FLAG=0 PROFILE_GEMM_ONLY_FLAG=1 GEM5_PROFILE_REGIONS_FLAG=1 DENSE_NO_SIMD_BASELINE_FLAG=0 I2CE_USE_LIBM5_FLAG=1	-	1	48KiB	32KiB	1MiB
E01	Runner	BERT-mini	64	512	256	4	1024	Codebook SIMD int8	2	4	128	transformer_BERT_mini_int8_noTiling_2D_CB_4_SVE_128.o	run_20260929_094955	/home/hlin/i2ce/exp/38/out_20260929_094955/stats.txt	3	interval_delta	3	after_softmax_h	MHA_softmax	0.010207	23128563	23135242	40827006	10496634	6297085	4199549	10501041	33627	6341123	1347	34923	1370	2104669	5080								38	eb4a8e4fa591	test(profiling): split-MHA markers on the pre-int8 baseline	bb6a2ce2eae79f9c8ee58278f439e716aebd0b3a48fccfd1fd81f40e8216c7b3	USE_FP32_TRANSFORMER_FLAG=0 FULL_INTERLEAVED_PIPELINE_FLAG=1 SIMD_FLAG=1 RELOAD_WEIGHT_FLAG=1 USE_NOTEBOOK_GENERATED_WEIGHTS_FLAG=1 USE_CODEBOOK_GEMM_FLAG=1 ENABLE_CODEBOOK_REFERENCE_FLAG=0 ENABLE_DEBUG_PRINT_FLAG=0 PROFILE_GEMM_ONLY_FLAG=1 GEM5_PROFILE_REGIONS_FLAG=1 DENSE_NO_SIMD_BASELINE_FLAG=0 I2CE_USE_LIBM5_FLAG=1	-	1	48KiB	32KiB	1MiB
E01	Runner	BERT-mini	64	512	256	4	1024	Codebook SIMD int8	2	4	128	transformer_BERT_mini_int8_noTiling_2D_CB_4_SVE_128.o	run_20260929_094955	/home/hlin/i2ce/exp/38/out_20260929_094955/stats.txt	4	interval_delta	4	after_sv_h	MHA_SV	0.141423	212951239	314015267	565695564	71678411	68639378	3039033	71676709	15735083	73062671	16194	9069790	464828	18531360	152823								38	eb4a8e4fa591	test(profiling): split-MHA markers on the pre-int8 baseline	bb6a2ce2eae79f9c8ee58278f439e716aebd0b3a48fccfd1fd81f40e8216c7b3	USE_FP32_TRANSFORMER_FLAG=0 FULL_INTERLEAVED_PIPELINE_FLAG=1 SIMD_FLAG=1 RELOAD_WEIGHT_FLAG=1 USE_NOTEBOOK_GENERATED_WEIGHTS_FLAG=1 USE_CODEBOOK_GEMM_FLAG=1 ENABLE_CODEBOOK_REFERENCE_FLAG=0 ENABLE_DEBUG_PRINT_FLAG=0 PROFILE_GEMM_ONLY_FLAG=1 GEM5_PROFILE_REGIONS_FLAG=1 DENSE_NO_SIMD_BASELINE_FLAG=0 I2CE_USE_LIBM5_FLAG=1	-	1	48KiB	32KiB	1MiB
E01	Runner	BERT-mini	64	512	256	4	1024	Codebook SIMD int8	2	4	128	transformer_BERT_mini_int8_noTiling_2D_CB_4_SVE_128.o	run_20260929_094955	/home/hlin/i2ce/exp/38/out_20260929_094955/stats.txt	5	interval_delta	5	after_mha	MHA_out	0.000002	867	1057	7379	365	170	195	372	31	470	21	47	28	193	38								38	eb4a8e4fa591	test(profiling): split-MHA markers on the pre-int8 baseline	bb6a2ce2eae79f9c8ee58278f439e716aebd0b3a48fccfd1fd81f40e8216c7b3	USE_FP32_TRANSFORMER_FLAG=0 FULL_INTERLEAVED_PIPELINE_FLAG=1 SIMD_FLAG=1 RELOAD_WEIGHT_FLAG=1 USE_NOTEBOOK_GENERATED_WEIGHTS_FLAG=1 USE_CODEBOOK_GEMM_FLAG=1 ENABLE_CODEBOOK_REFERENCE_FLAG=0 ENABLE_DEBUG_PRINT_FLAG=0 PROFILE_GEMM_ONLY_FLAG=1 GEM5_PROFILE_REGIONS_FLAG=1 DENSE_NO_SIMD_BASELINE_FLAG=0 I2CE_USE_LIBM5_FLAG=1	-	1	48KiB	32KiB	1MiB
E01	Runner	BERT-mini	64	512	256	4	1024	Codebook SIMD int8	2	4	128	transformer_BERT_mini_int8_noTiling_2D_CB_4_SVE_128.o	run_20260929_094955	/home/hlin/i2ce/exp/38/out_20260929_094955/stats.txt	6	interval_delta	6	after_projection	Projection	0.237057	267450437	292691142	948227506	18238893	17626450	612443	18371849	4437466	45540051	7469	4406822	2406552	14359016	5910								38	eb4a8e4fa591	test(profiling): split-MHA markers on the pre-int8 baseline	bb6a2ce2eae79f9c8ee58278f439e716aebd0b3a48fccfd1fd81f40e8216c7b3	USE_FP32_TRANSFORMER_FLAG=0 FULL_INTERLEAVED_PIPELINE_FLAG=1 SIMD_FLAG=1 RELOAD_WEIGHT_FLAG=1 USE_NOTEBOOK_GENERATED_WEIGHTS_FLAG=1 USE_CODEBOOK_GEMM_FLAG=1 ENABLE_CODEBOOK_REFERENCE_FLAG=0 ENABLE_DEBUG_PRINT_FLAG=0 PROFILE_GEMM_ONLY_FLAG=1 GEM5_PROFILE_REGIONS_FLAG=1 DENSE_NO_SIMD_BASELINE_FLAG=0 I2CE_USE_LIBM5_FLAG=1	-	1	48KiB	32KiB	1MiB
E01	Runner	BERT-mini	64	512	256	4	1024	Codebook SIMD int8	2	4	128	transformer_BERT_mini_int8_noTiling_2D_CB_4_SVE_128.o	run_20260929_094955	/home/hlin/i2ce/exp/38/out_20260929_094955/stats.txt	7	interval_delta	7	after_attn_addnorm	non_GEMM_after_projection	0.001905	5926442	5927898	7621196	1839029	1313350	525679	1839567	8392	1460041	442	8834	4683	398138	1836								38	eb4a8e4fa591	test(profiling): split-MHA markers on the pre-int8 baseline	bb6a2ce2eae79f9c8ee58278f439e716aebd0b3a48fccfd1fd81f40e8216c7b3	USE_FP32_TRANSFORMER_FLAG=0 FULL_INTERLEAVED_PIPELINE_FLAG=1 SIMD_FLAG=1 RELOAD_WEIGHT_FLAG=1 USE_NOTEBOOK_GENERATED_WEIGHTS_FLAG=1 USE_CODEBOOK_GEMM_FLAG=1 ENABLE_CODEBOOK_REFERENCE_FLAG=0 ENABLE_DEBUG_PRINT_FLAG=0 PROFILE_GEMM_ONLY_FLAG=1 GEM5_PROFILE_REGIONS_FLAG=1 DENSE_NO_SIMD_BASELINE_FLAG=0 I2CE_USE_LIBM5_FLAG=1	-	1	48KiB	32KiB	1MiB
E01	Runner	BERT-mini	64	512	256	4	1024	Codebook SIMD int8	2	4	128	transformer_BERT_mini_int8_noTiling_2D_CB_4_SVE_128.o	run_20260929_094955	/home/hlin/i2ce/exp/38/out_20260929_094955/stats.txt	8	interval_delta	8	after_ff1	FF1	0.922721	1072311645	1174009042	3690881328	73848306	70923323	2924983	73843041	17596367	183039890	41633	17571315	9483492	57892134	40022								38	eb4a8e4fa591	test(profiling): split-MHA markers on the pre-int8 baseline	bb6a2ce2eae79f9c8ee58278f439e716aebd0b3a48fccfd1fd81f40e8216c7b3	USE_FP32_TRANSFORMER_FLAG=0 FULL_INTERLEAVED_PIPELINE_FLAG=1 SIMD_FLAG=1 RELOAD_WEIGHT_FLAG=1 USE_NOTEBOOK_GENERATED_WEIGHTS_FLAG=1 USE_CODEBOOK_GEMM_FLAG=1 ENABLE_CODEBOOK_REFERENCE_FLAG=0 ENABLE_DEBUG_PRINT_FLAG=0 PROFILE_GEMM_ONLY_FLAG=1 GEM5_PROFILE_REGIONS_FLAG=1 DENSE_NO_SIMD_BASELINE_FLAG=0 I2CE_USE_LIBM5_FLAG=1	-	1	48KiB	32KiB	1MiB
E01	Runner	BERT-mini	64	512	256	4	1024	Codebook SIMD int8	2	4	128	transformer_BERT_mini_int8_noTiling_2D_CB_4_SVE_128.o	run_20260929_094955	/home/hlin/i2ce/exp/38/out_20260929_094955/stats.txt	9	interval_delta	9	after_ff2	FF2	1.242803	1057946718	1159450681	4971214676	72482192	70494038	1988154	73009117	17273378	180667824	48804	17252859	15076101	56191737	172672								38	eb4a8e4fa591	test(profiling): split-MHA markers on the pre-int8 baseline	bb6a2ce2eae79f9c8ee58278f439e716aebd0b3a48fccfd1fd81f40e8216c7b3	USE_FP32_TRANSFORMER_FLAG=0 FULL_INTERLEAVED_PIPELINE_FLAG=1 SIMD_FLAG=1 RELOAD_WEIGHT_FLAG=1 USE_NOTEBOOK_GENERATED_WEIGHTS_FLAG=1 USE_CODEBOOK_GEMM_FLAG=1 ENABLE_CODEBOOK_REFERENCE_FLAG=0 ENABLE_DEBUG_PRINT_FLAG=0 PROFILE_GEMM_ONLY_FLAG=1 GEM5_PROFILE_REGIONS_FLAG=1 DENSE_NO_SIMD_BASELINE_FLAG=0 I2CE_USE_LIBM5_FLAG=1	-	1	48KiB	32KiB	1MiB
E01	Runner	BERT-mini	64	512	256	4	1024	Codebook SIMD int8	2	4	128	transformer_BERT_mini_int8_noTiling_2D_CB_4_SVE_128.o	run_20260929_094955	/home/hlin/i2ce/exp/38/out_20260929_094955/stats.txt	10	interval_delta	10	final_total	non_GEMM_after_ff2	0.003046	8973853	8976600	12182328	2709376	1871454	837922	2710012	41430	2587854	894	34301	10626	687863	3111								38	eb4a8e4fa591	test(profiling): split-MHA markers on the pre-int8 baseline	bb6a2ce2eae79f9c8ee58278f439e716aebd0b3a48fccfd1fd81f40e8216c7b3	USE_FP32_TRANSFORMER_FLAG=0 FULL_INTERLEAVED_PIPELINE_FLAG=1 SIMD_FLAG=1 RELOAD_WEIGHT_FLAG=1 USE_NOTEBOOK_GENERATED_WEIGHTS_FLAG=1 USE_CODEBOOK_GEMM_FLAG=1 ENABLE_CODEBOOK_REFERENCE_FLAG=0 ENABLE_DEBUG_PRINT_FLAG=0 PROFILE_GEMM_ONLY_FLAG=1 GEM5_PROFILE_REGIONS_FLAG=1 DENSE_NO_SIMD_BASELINE_FLAG=0 I2CE_USE_LIBM5_FLAG=1	-	1	48KiB	32KiB	1MiB
E01	Runner	BERT-mini	64	512	256	4	1024	Codebook SIMD int8	2	4	128	transformer_BERT_mini_int8_noTiling_2D_CB_4_SVE_128.o	run_20260929_094955	/home/hlin/i2ce/exp/38/out_20260929_094955/stats.txt	11	final_total	10	final_total	total_program	3.153515	3686059119	4192837873	12614059888	380830433	359668315	21162118	381679882	77942629	714353012	173012	70723729	30265544	214560500	1483034	0.292218	3.422099	0.204209424378	0.000242193981	0.427940444147	0.006911961894	0.834325	38	eb4a8e4fa591	test(profiling): split-MHA markers on the pre-int8 baseline	bb6a2ce2eae79f9c8ee58278f439e716aebd0b3a48fccfd1fd81f40e8216c7b3	USE_FP32_TRANSFORMER_FLAG=0 FULL_INTERLEAVED_PIPELINE_FLAG=1 SIMD_FLAG=1 RELOAD_WEIGHT_FLAG=1 USE_NOTEBOOK_GENERATED_WEIGHTS_FLAG=1 USE_CODEBOOK_GEMM_FLAG=1 ENABLE_CODEBOOK_REFERENCE_FLAG=0 ENABLE_DEBUG_PRINT_FLAG=0 PROFILE_GEMM_ONLY_FLAG=1 GEM5_PROFILE_REGIONS_FLAG=1 DENSE_NO_SIMD_BASELINE_FLAG=0 I2CE_USE_LIBM5_FLAG=1	-	1	48KiB	32KiB	1MiB
E02	Runner	BERT-mini	64	512	256	4	1024	Codebook SIMD int8	2	4	128	transformer_BERT_mini_int8_noTiling_2D_CB_4_SVE_128.o	run_20260929_095047	/home/hlin/i2ce/exp/38/out_20260929_095047/stats.txt	1	interval_delta	1	after_qkv_h	MHA_QKV	0.529362	904254359	904783682	2117448596	30752672	28305778	2446894	30950736	3810707	138824599	38538	3933782	3192065	43361733	31904								38	f126e2b61266	test(profiling): split-MHA markers on the int8-in-place kernels	524b3e75899ee8b13f2d272d92dedad1a966f84f3d9989e92e70d7090e9760df	USE_FP32_TRANSFORMER_FLAG=0 FULL_INTERLEAVED_PIPELINE_FLAG=1 SIMD_FLAG=1 RELOAD_WEIGHT_FLAG=1 USE_NOTEBOOK_GENERATED_WEIGHTS_FLAG=1 USE_CODEBOOK_GEMM_FLAG=1 ENABLE_CODEBOOK_REFERENCE_FLAG=0 ENABLE_DEBUG_PRINT_FLAG=0 PROFILE_GEMM_ONLY_FLAG=1 GEM5_PROFILE_REGIONS_FLAG=1 DENSE_NO_SIMD_BASELINE_FLAG=0 I2CE_USE_LIBM5_FLAG=1	-	1	48KiB	32KiB	1MiB
E02	Runner	BERT-mini	64	512	256	4	1024	Codebook SIMD int8	2	4	128	transformer_BERT_mini_int8_noTiling_2D_CB_4_SVE_128.o	run_20260929_095047	/home/hlin/i2ce/exp/38/out_20260929_095047/stats.txt	2	interval_delta	2	after_qk_h	MHA_QK	0.261654	395449241	396260996	1046614670	38387598	34759731	3627867	38379094	2710002	81549329	30547	2541806	2453307	20314551	1079464								38	f126e2b61266	test(profiling): split-MHA markers on the int8-in-place kernels	524b3e75899ee8b13f2d272d92dedad1a966f84f3d9989e92e70d7090e9760df	USE_FP32_TRANSFORMER_FLAG=0 FULL_INTERLEAVED_PIPELINE_FLAG=1 SIMD_FLAG=1 RELOAD_WEIGHT_FLAG=1 USE_NOTEBOOK_GENERATED_WEIGHTS_FLAG=1 USE_CODEBOOK_GEMM_FLAG=1 ENABLE_CODEBOOK_REFERENCE_FLAG=0 ENABLE_DEBUG_PRINT_FLAG=0 PROFILE_GEMM_ONLY_FLAG=1 GEM5_PROFILE_REGIONS_FLAG=1 DENSE_NO_SIMD_BASELINE_FLAG=0 I2CE_USE_LIBM5_FLAG=1	-	1	48KiB	32KiB	1MiB
E02	Runner	BERT-mini	64	512	256	4	1024	Codebook SIMD int8	2	4	128	transformer_BERT_mini_int8_noTiling_2D_CB_4_SVE_128.o	run_20260929_095047	/home/hlin/i2ce/exp/38/out_20260929_095047/stats.txt	3	interval_delta	3	after_softmax_h	MHA_softmax	0.010645	23114537	23118155	42583172	10491372	6294284	4197088	10495592	33326	8435607	518	33778	9223	2101776	4511								38	f126e2b61266	test(profiling): split-MHA markers on the int8-in-place kernels	524b3e75899ee8b13f2d272d92dedad1a966f84f3d9989e92e70d7090e9760df	USE_FP32_TRANSFORMER_FLAG=0 FULL_INTERLEAVED_PIPELINE_FLAG=1 SIMD_FLAG=1 RELOAD_WEIGHT_FLAG=1 USE_NOTEBOOK_GENERATED_WEIGHTS_FLAG=1 USE_CODEBOOK_GEMM_FLAG=1 ENABLE_CODEBOOK_REFERENCE_FLAG=0 ENABLE_DEBUG_PRINT_FLAG=0 PROFILE_GEMM_ONLY_FLAG=1 GEM5_PROFILE_REGIONS_FLAG=1 DENSE_NO_SIMD_BASELINE_FLAG=0 I2CE_USE_LIBM5_FLAG=1	-	1	48KiB	32KiB	1MiB
E02	Runner	BERT-mini	64	512	256	4	1024	Codebook SIMD int8	2	4	128	transformer_BERT_mini_int8_noTiling_2D_CB_4_SVE_128.o	run_20260929_095047	/home/hlin/i2ce/exp/38/out_20260929_095047/stats.txt	4	interval_delta	4	after_sv_h	MHA_SV	0.124558	374465428	374545779	498230071	35188579	34225614	962965	35191493	2505621	69736254	7020	2352491	38593	17474241	142819								38	f126e2b61266	test(profiling): split-MHA markers on the int8-in-place kernels	524b3e75899ee8b13f2d272d92dedad1a966f84f3d9989e92e70d7090e9760df	USE_FP32_TRANSFORMER_FLAG=0 FULL_INTERLEAVED_PIPELINE_FLAG=1 SIMD_FLAG=1 RELOAD_WEIGHT_FLAG=1 USE_NOTEBOOK_GENERATED_WEIGHTS_FLAG=1 USE_CODEBOOK_GEMM_FLAG=1 ENABLE_CODEBOOK_REFERENCE_FLAG=0 ENABLE_DEBUG_PRINT_FLAG=0 PROFILE_GEMM_ONLY_FLAG=1 GEM5_PROFILE_REGIONS_FLAG=1 DENSE_NO_SIMD_BASELINE_FLAG=0 I2CE_USE_LIBM5_FLAG=1	-	1	48KiB	32KiB	1MiB
E02	Runner	BERT-mini	64	512	256	4	1024	Codebook SIMD int8	2	4	128	transformer_BERT_mini_int8_noTiling_2D_CB_4_SVE_128.o	run_20260929_095047	/home/hlin/i2ce/exp/38/out_20260929_095047/stats.txt	5	interval_delta	5	after_mha	MHA_out	0.000002	868	1058	6956	365	170	195	371	33	453	16	43	26	194	31								38	f126e2b61266	test(profiling): split-MHA markers on the int8-in-place kernels	524b3e75899ee8b13f2d272d92dedad1a966f84f3d9989e92e70d7090e9760df	USE_FP32_TRANSFORMER_FLAG=0 FULL_INTERLEAVED_PIPELINE_FLAG=1 SIMD_FLAG=1 RELOAD_WEIGHT_FLAG=1 USE_NOTEBOOK_GENERATED_WEIGHTS_FLAG=1 USE_CODEBOOK_GEMM_FLAG=1 ENABLE_CODEBOOK_REFERENCE_FLAG=0 ENABLE_DEBUG_PRINT_FLAG=0 PROFILE_GEMM_ONLY_FLAG=1 GEM5_PROFILE_REGIONS_FLAG=1 DENSE_NO_SIMD_BASELINE_FLAG=0 I2CE_USE_LIBM5_FLAG=1	-	1	48KiB	32KiB	1MiB
E02	Runner	BERT-mini	64	512	256	4	1024	Codebook SIMD int8	2	4	128	transformer_BERT_mini_int8_noTiling_2D_CB_4_SVE_128.o	run_20260929_095047	/home/hlin/i2ce/exp/38/out_20260929_095047/stats.txt	6	interval_delta	6	after_projection	Projection	0.176392	300013270	300070621	705567331	9690324	9156233	534091	9822542	1255455	45853454	5022	1234799	1107784	14279608	3903								38	f126e2b61266	test(profiling): split-MHA markers on the int8-in-place kernels	524b3e75899ee8b13f2d272d92dedad1a966f84f3d9989e92e70d7090e9760df	USE_FP32_TRANSFORMER_FLAG=0 FULL_INTERLEAVED_PIPELINE_FLAG=1 SIMD_FLAG=1 RELOAD_WEIGHT_FLAG=1 USE_NOTEBOOK_GENERATED_WEIGHTS_FLAG=1 USE_CODEBOOK_GEMM_FLAG=1 ENABLE_CODEBOOK_REFERENCE_FLAG=0 ENABLE_DEBUG_PRINT_FLAG=0 PROFILE_GEMM_ONLY_FLAG=1 GEM5_PROFILE_REGIONS_FLAG=1 DENSE_NO_SIMD_BASELINE_FLAG=0 I2CE_USE_LIBM5_FLAG=1	-	1	48KiB	32KiB	1MiB
E02	Runner	BERT-mini	64	512	256	4	1024	Codebook SIMD int8	2	4	128	transformer_BERT_mini_int8_noTiling_2D_CB_4_SVE_128.o	run_20260929_095047	/home/hlin/i2ce/exp/38/out_20260929_095047/stats.txt	7	interval_delta	7	after_attn_addnorm	non_GEMM_after_projection	0.001901	5926442	5927898	7605907	1839029	1313350	525679	1839556	8387	1460016	406	8766	4640	398134	1809								38	f126e2b61266	test(profiling): split-MHA markers on the int8-in-place kernels	524b3e75899ee8b13f2d272d92dedad1a966f84f3d9989e92e70d7090e9760df	USE_FP32_TRANSFORMER_FLAG=0 FULL_INTERLEAVED_PIPELINE_FLAG=1 SIMD_FLAG=1 RELOAD_WEIGHT_FLAG=1 USE_NOTEBOOK_GENERATED_WEIGHTS_FLAG=1 USE_CODEBOOK_GEMM_FLAG=1 ENABLE_CODEBOOK_REFERENCE_FLAG=0 ENABLE_DEBUG_PRINT_FLAG=0 PROFILE_GEMM_ONLY_FLAG=1 GEM5_PROFILE_REGIONS_FLAG=1 DENSE_NO_SIMD_BASELINE_FLAG=0 I2CE_USE_LIBM5_FLAG=1	-	1	48KiB	32KiB	1MiB
E02	Runner	BERT-mini	64	512	256	4	1024	Codebook SIMD int8	2	4	128	transformer_BERT_mini_int8_noTiling_2D_CB_4_SVE_128.o	run_20260929_095047	/home/hlin/i2ce/exp/38/out_20260929_095047/stats.txt	8	interval_delta	8	after_ff1	FF1	0.713585	1203780213	1204758672	2854339349	40064146	37246592	2817554	40056666	4968150	184908281	34519	4913996	4813750	57779282	34439								38	f126e2b61266	test(profiling): split-MHA markers on the int8-in-place kernels	524b3e75899ee8b13f2d272d92dedad1a966f84f3d9989e92e70d7090e9760df	USE_FP32_TRANSFORMER_FLAG=0 FULL_INTERLEAVED_PIPELINE_FLAG=1 SIMD_FLAG=1 RELOAD_WEIGHT_FLAG=1 USE_NOTEBOOK_GENERATED_WEIGHTS_FLAG=1 USE_CODEBOOK_GEMM_FLAG=1 ENABLE_CODEBOOK_REFERENCE_FLAG=0 ENABLE_DEBUG_PRINT_FLAG=0 PROFILE_GEMM_ONLY_FLAG=1 GEM5_PROFILE_REGIONS_FLAG=1 DENSE_NO_SIMD_BASELINE_FLAG=0 I2CE_USE_LIBM5_FLAG=1	-	1	48KiB	32KiB	1MiB
E02	Runner	BERT-mini	64	512	256	4	1024	Codebook SIMD int8	2	4	128	transformer_BERT_mini_int8_noTiling_2D_CB_4_SVE_128.o	run_20260929_095047	/home/hlin/i2ce/exp/38/out_20260929_095047/stats.txt	9	interval_delta	9	after_ff2	FF2	0.701745	1188278740	1189039010	2806981128	38295366	36610580	1684786	38816524	4530517	182208262	34325	4469050	4291480	55894331	162239								38	f126e2b61266	test(profiling): split-MHA markers on the int8-in-place kernels	524b3e75899ee8b13f2d272d92dedad1a966f84f3d9989e92e70d7090e9760df	USE_FP32_TRANSFORMER_FLAG=0 FULL_INTERLEAVED_PIPELINE_FLAG=1 SIMD_FLAG=1 RELOAD_WEIGHT_FLAG=1 USE_NOTEBOOK_GENERATED_WEIGHTS_FLAG=1 USE_CODEBOOK_GEMM_FLAG=1 ENABLE_CODEBOOK_REFERENCE_FLAG=0 ENABLE_DEBUG_PRINT_FLAG=0 PROFILE_GEMM_ONLY_FLAG=1 GEM5_PROFILE_REGIONS_FLAG=1 DENSE_NO_SIMD_BASELINE_FLAG=0 I2CE_USE_LIBM5_FLAG=1	-	1	48KiB	32KiB	1MiB
E02	Runner	BERT-mini	64	512	256	4	1024	Codebook SIMD int8	2	4	128	transformer_BERT_mini_int8_noTiling_2D_CB_4_SVE_128.o	run_20260929_095047	/home/hlin/i2ce/exp/38/out_20260929_095047/stats.txt	10	interval_delta	10	final_total	non_GEMM_after_ff2	0.003131	8992298	8997948	12524124	2715492	1874834	840658	2716233	41679	2341248	1900	35573	11887	691460	3847								38	f126e2b61266	test(profiling): split-MHA markers on the int8-in-place kernels	524b3e75899ee8b13f2d272d92dedad1a966f84f3d9989e92e70d7090e9760df	USE_FP32_TRANSFORMER_FLAG=0 FULL_INTERLEAVED_PIPELINE_FLAG=1 SIMD_FLAG=1 RELOAD_WEIGHT_FLAG=1 USE_NOTEBOOK_GENERATED_WEIGHTS_FLAG=1 USE_CODEBOOK_GEMM_FLAG=1 ENABLE_CODEBOOK_REFERENCE_FLAG=0 ENABLE_DEBUG_PRINT_FLAG=0 PROFILE_GEMM_ONLY_FLAG=1 GEM5_PROFILE_REGIONS_FLAG=1 DENSE_NO_SIMD_BASELINE_FLAG=0 I2CE_USE_LIBM5_FLAG=1	-	1	48KiB	32KiB	1MiB
E02	Runner	BERT-mini	64	512	256	4	1024	Codebook SIMD int8	2	4	128	transformer_BERT_mini_int8_noTiling_2D_CB_4_SVE_128.o	run_20260929_095047	/home/hlin/i2ce/exp/38/out_20260929_095047/stats.txt	11	final_total	10	final_total	total_program	2.522975	4404275396	4407503819	10091901304	207424943	189787166	17637777	208268807	19863877	715317503	152811	19524084	15922755	212295310	1464966	0.436417	2.291387	0.095376150112	0.000213626815	0.815544278543	0.006900604634	0.833159	38	f126e2b61266	test(profiling): split-MHA markers on the int8-in-place kernels	524b3e75899ee8b13f2d272d92dedad1a966f84f3d9989e92e70d7090e9760df	USE_FP32_TRANSFORMER_FLAG=0 FULL_INTERLEAVED_PIPELINE_FLAG=1 SIMD_FLAG=1 RELOAD_WEIGHT_FLAG=1 USE_NOTEBOOK_GENERATED_WEIGHTS_FLAG=1 USE_CODEBOOK_GEMM_FLAG=1 ENABLE_CODEBOOK_REFERENCE_FLAG=0 ENABLE_DEBUG_PRINT_FLAG=0 PROFILE_GEMM_ONLY_FLAG=1 GEM5_PROFILE_REGIONS_FLAG=1 DENSE_NO_SIMD_BASELINE_FLAG=0 I2CE_USE_LIBM5_FLAG=1	-	1	48KiB	32KiB	1MiB
E03	Runner	BERT-mini	64	512	256	4	1024	Codebook SIMD int8	2	4	128	transformer_BERT_mini_int8_noTiling_2D_CB_4_SVE_128.o	run_20260929_095137	/home/hlin/i2ce/exp/38/out_20260929_095137/stats.txt	1	interval_delta	1	after_qkv_h	MHA_QKV	0.526576	904233604	904758625	2106302340	30745363	28301884	2443479	30943328	3810000	132633740	38229	3736195	3191533	43357338	32195								38	bd41e343b5a0	feat(profiling): split the MHA region into its codebook and dense sub...	a1304966b8ce727e3c0a71d87852855ca6c0f6abf72bec3098f92c5ad349b611	USE_FP32_TRANSFORMER_FLAG=0 FULL_INTERLEAVED_PIPELINE_FLAG=1 SIMD_FLAG=1 RELOAD_WEIGHT_FLAG=1 USE_NOTEBOOK_GENERATED_WEIGHTS_FLAG=1 USE_CODEBOOK_GEMM_FLAG=1 ENABLE_CODEBOOK_REFERENCE_FLAG=0 ENABLE_DEBUG_PRINT_FLAG=0 PROFILE_GEMM_ONLY_FLAG=1 GEM5_PROFILE_REGIONS_FLAG=1 DENSE_NO_SIMD_BASELINE_FLAG=0 I2CE_USE_LIBM5_FLAG=1	-	1	48KiB	32KiB	1MiB
E03	Runner	BERT-mini	64	512	256	4	1024	Codebook SIMD int8	2	4	128	transformer_BERT_mini_int8_noTiling_2D_CB_4_SVE_128.o	run_20260929_095137	/home/hlin/i2ce/exp/38/out_20260929_095137/stats.txt	2	interval_delta	2	after_qk_h	MHA_QK	0.163479	68157185	94102050	653923620	21557524	17954261	3603263	21548010	4803671	21036214	25501	2532397	2450653	7706286	27827								38	bd41e343b5a0	feat(profiling): split the MHA region into its codebook and dense sub...	a1304966b8ce727e3c0a71d87852855ca6c0f6abf72bec3098f92c5ad349b611	USE_FP32_TRANSFORMER_FLAG=0 FULL_INTERLEAVED_PIPELINE_FLAG=1 SIMD_FLAG=1 RELOAD_WEIGHT_FLAG=1 USE_NOTEBOOK_GENERATED_WEIGHTS_FLAG=1 USE_CODEBOOK_GEMM_FLAG=1 ENABLE_CODEBOOK_REFERENCE_FLAG=0 ENABLE_DEBUG_PRINT_FLAG=0 PROFILE_GEMM_ONLY_FLAG=1 GEM5_PROFILE_REGIONS_FLAG=1 DENSE_NO_SIMD_BASELINE_FLAG=0 I2CE_USE_LIBM5_FLAG=1	-	1	48KiB	32KiB	1MiB
E03	Runner	BERT-mini	64	512	256	4	1024	Codebook SIMD int8	2	4	128	transformer_BERT_mini_int8_noTiling_2D_CB_4_SVE_128.o	run_20260929_095137	/home/hlin/i2ce/exp/38/out_20260929_095137/stats.txt	3	interval_delta	3	after_softmax_h	MHA_softmax	0.010656	23130635	23137683	42617507	10497192	6297357	4199835	10501551	33667	6341860	1429	35039	9189	2105081	5117								38	bd41e343b5a0	feat(profiling): split the MHA region into its codebook and dense sub...	a1304966b8ce727e3c0a71d87852855ca6c0f6abf72bec3098f92c5ad349b611	USE_FP32_TRANSFORMER_FLAG=0 FULL_INTERLEAVED_PIPELINE_FLAG=1 SIMD_FLAG=1 RELOAD_WEIGHT_FLAG=1 USE_NOTEBOOK_GENERATED_WEIGHTS_FLAG=1 USE_CODEBOOK_GEMM_FLAG=1 ENABLE_CODEBOOK_REFERENCE_FLAG=0 ENABLE_DEBUG_PRINT_FLAG=0 PROFILE_GEMM_ONLY_FLAG=1 GEM5_PROFILE_REGIONS_FLAG=1 DENSE_NO_SIMD_BASELINE_FLAG=0 I2CE_USE_LIBM5_FLAG=1	-	1	48KiB	32KiB	1MiB
E03	Runner	BERT-mini	64	512	256	4	1024	Codebook SIMD int8	2	4	128	transformer_BERT_mini_int8_noTiling_2D_CB_4_SVE_128.o	run_20260929_095137	/home/hlin/i2ce/exp/38/out_20260929_095137/stats.txt	4	interval_delta	4	after_sv_h	MHA_SV	0.031143	47199405	72417505	124570741	18367540	17425101	942439	18369598	3027446	19733771	3750	2345582	36092	4871086	140541								38	bd41e343b5a0	feat(profiling): split the MHA region into its codebook and dense sub...	a1304966b8ce727e3c0a71d87852855ca6c0f6abf72bec3098f92c5ad349b611	USE_FP32_TRANSFORMER_FLAG=0 FULL_INTERLEAVED_PIPELINE_FLAG=1 SIMD_FLAG=1 RELOAD_WEIGHT_FLAG=1 USE_NOTEBOOK_GENERATED_WEIGHTS_FLAG=1 USE_CODEBOOK_GEMM_FLAG=1 ENABLE_CODEBOOK_REFERENCE_FLAG=0 ENABLE_DEBUG_PRINT_FLAG=0 PROFILE_GEMM_ONLY_FLAG=1 GEM5_PROFILE_REGIONS_FLAG=1 DENSE_NO_SIMD_BASELINE_FLAG=0 I2CE_USE_LIBM5_FLAG=1	-	1	48KiB	32KiB	1MiB
E03	Runner	BERT-mini	64	512	256	4	1024	Codebook SIMD int8	2	4	128	transformer_BERT_mini_int8_noTiling_2D_CB_4_SVE_128.o	run_20260929_095137	/home/hlin/i2ce/exp/38/out_20260929_095137/stats.txt	5	interval_delta	5	after_mha	MHA_out	0.000001	867	1057	7305	365	170	195	373	31	482	16	42	25	193	36								38	bd41e343b5a0	feat(profiling): split the MHA region into its codebook and dense sub...	a1304966b8ce727e3c0a71d87852855ca6c0f6abf72bec3098f92c5ad349b611	USE_FP32_TRANSFORMER_FLAG=0 FULL_INTERLEAVED_PIPELINE_FLAG=1 SIMD_FLAG=1 RELOAD_WEIGHT_FLAG=1 USE_NOTEBOOK_GENERATED_WEIGHTS_FLAG=1 USE_CODEBOOK_GEMM_FLAG=1 ENABLE_CODEBOOK_REFERENCE_FLAG=0 ENABLE_DEBUG_PRINT_FLAG=0 PROFILE_GEMM_ONLY_FLAG=1 GEM5_PROFILE_REGIONS_FLAG=1 DENSE_NO_SIMD_BASELINE_FLAG=0 I2CE_USE_LIBM5_FLAG=1	-	1	48KiB	32KiB	1MiB
E03	Runner	BERT-mini	64	512	256	4	1024	Codebook SIMD int8	2	4	128	transformer_BERT_mini_int8_noTiling_2D_CB_4_SVE_128.o	run_20260929_095137	/home/hlin/i2ce/exp/38/out_20260929_095137/stats.txt	6	interval_delta	6	after_projection	Projection	0.176444	300023123	300082232	705773219	9693550	9157987	535563	9825947	1255661	43741796	5692	1235754	1111217	14281692	4687								38	bd41e343b5a0	feat(profiling): split the MHA region into its codebook and dense sub...	a1304966b8ce727e3c0a71d87852855ca6c0f6abf72bec3098f92c5ad349b611	USE_FP32_TRANSFORMER_FLAG=0 FULL_INTERLEAVED_PIPELINE_FLAG=1 SIMD_FLAG=1 RELOAD_WEIGHT_FLAG=1 USE_NOTEBOOK_GENERATED_WEIGHTS_FLAG=1 USE_CODEBOOK_GEMM_FLAG=1 ENABLE_CODEBOOK_REFERENCE_FLAG=0 ENABLE_DEBUG_PRINT_FLAG=0 PROFILE_GEMM_ONLY_FLAG=1 GEM5_PROFILE_REGIONS_FLAG=1 DENSE_NO_SIMD_BASELINE_FLAG=0 I2CE_USE_LIBM5_FLAG=1	-	1	48KiB	32KiB	1MiB
E03	Runner	BERT-mini	64	512	256	4	1024	Codebook SIMD int8	2	4	128	transformer_BERT_mini_int8_noTiling_2D_CB_4_SVE_128.o	run_20260929_095137	/home/hlin/i2ce/exp/38/out_20260929_095137/stats.txt	7	interval_delta	7	after_attn_addnorm	non_GEMM_after_projection	0.001916	5930636	5933187	7665888	1840719	1314252	526467	1841286	8569	1461843	708	9233	4874	398889	1931								38	bd41e343b5a0	feat(profiling): split the MHA region into its codebook and dense sub...	a1304966b8ce727e3c0a71d87852855ca6c0f6abf72bec3098f92c5ad349b611	USE_FP32_TRANSFORMER_FLAG=0 FULL_INTERLEAVED_PIPELINE_FLAG=1 SIMD_FLAG=1 RELOAD_WEIGHT_FLAG=1 USE_NOTEBOOK_GENERATED_WEIGHTS_FLAG=1 USE_CODEBOOK_GEMM_FLAG=1 ENABLE_CODEBOOK_REFERENCE_FLAG=0 ENABLE_DEBUG_PRINT_FLAG=0 PROFILE_GEMM_ONLY_FLAG=1 GEM5_PROFILE_REGIONS_FLAG=1 DENSE_NO_SIMD_BASELINE_FLAG=0 I2CE_USE_LIBM5_FLAG=1	-	1	48KiB	32KiB	1MiB
E03	Runner	BERT-mini	64	512	256	4	1024	Codebook SIMD int8	2	4	128	transformer_BERT_mini_int8_noTiling_2D_CB_4_SVE_128.o	run_20260929_095137	/home/hlin/i2ce/exp/38/out_20260929_095137/stats.txt	8	interval_delta	8	after_ff1	FF1	0.713611	1203770148	1204746766	2854445116	40060821	37244795	2816026	40053294	4967912	176435412	35806	4915395	4813248	57776443	35476								38	bd41e343b5a0	feat(profiling): split the MHA region into its codebook and dense sub...	a1304966b8ce727e3c0a71d87852855ca6c0f6abf72bec3098f92c5ad349b611	USE_FP32_TRANSFORMER_FLAG=0 FULL_INTERLEAVED_PIPELINE_FLAG=1 SIMD_FLAG=1 RELOAD_WEIGHT_FLAG=1 USE_NOTEBOOK_GENERATED_WEIGHTS_FLAG=1 USE_CODEBOOK_GEMM_FLAG=1 ENABLE_CODEBOOK_REFERENCE_FLAG=0 ENABLE_DEBUG_PRINT_FLAG=0 PROFILE_GEMM_ONLY_FLAG=1 GEM5_PROFILE_REGIONS_FLAG=1 DENSE_NO_SIMD_BASELINE_FLAG=0 I2CE_USE_LIBM5_FLAG=1	-	1	48KiB	32KiB	1MiB
E03	Runner	BERT-mini	64	512	256	4	1024	Codebook SIMD int8	2	4	128	transformer_BERT_mini_int8_noTiling_2D_CB_4_SVE_128.o	run_20260929_095137	/home/hlin/i2ce/exp/38/out_20260929_095137/stats.txt	9	interval_delta	9	after_ff2	FF2	0.701936	1188288861	1189050947	2807742472	38298707	36612385	1686322	38820286	4531659	173490573	36579	4472473	4293621	55895087	163609								38	bd41e343b5a0	feat(profiling): split the MHA region into its codebook and dense sub...	a1304966b8ce727e3c0a71d87852855ca6c0f6abf72bec3098f92c5ad349b611	USE_FP32_TRANSFORMER_FLAG=0 FULL_INTERLEAVED_PIPELINE_FLAG=1 SIMD_FLAG=1 RELOAD_WEIGHT_FLAG=1 USE_NOTEBOOK_GENERATED_WEIGHTS_FLAG=1 USE_CODEBOOK_GEMM_FLAG=1 ENABLE_CODEBOOK_REFERENCE_FLAG=0 ENABLE_DEBUG_PRINT_FLAG=0 PROFILE_GEMM_ONLY_FLAG=1 GEM5_PROFILE_REGIONS_FLAG=1 DENSE_NO_SIMD_BASELINE_FLAG=0 I2CE_USE_LIBM5_FLAG=1	-	1	48KiB	32KiB	1MiB
E03	Runner	BERT-mini	64	512	256	4	1024	Codebook SIMD int8	2	4	128	transformer_BERT_mini_int8_noTiling_2D_CB_4_SVE_128.o	run_20260929_095137	/home/hlin/i2ce/exp/38/out_20260929_095137/stats.txt	10	interval_delta	10	final_total	non_GEMM_after_ff2	0.003068	8973852	8976599	12270728	2709376	1871454	837922	2709996	41826	2587809	873	34637	10988	687851	3105								38	bd41e343b5a0	feat(profiling): split the MHA region into its codebook and dense sub...	a1304966b8ce727e3c0a71d87852855ca6c0f6abf72bec3098f92c5ad349b611	USE_FP32_TRANSFORMER_FLAG=0 FULL_INTERLEAVED_PIPELINE_FLAG=1 SIMD_FLAG=1 RELOAD_WEIGHT_FLAG=1 USE_NOTEBOOK_GENERATED_WEIGHTS_FLAG=1 USE_CODEBOOK_GEMM_FLAG=1 ENABLE_CODEBOOK_REFERENCE_FLAG=0 ENABLE_DEBUG_PRINT_FLAG=0 PROFILE_GEMM_ONLY_FLAG=1 GEM5_PROFILE_REGIONS_FLAG=1 DENSE_NO_SIMD_BASELINE_FLAG=0 I2CE_USE_LIBM5_FLAG=1	-	1	48KiB	32KiB	1MiB
E03	Runner	BERT-mini	64	512	256	4	1024	Codebook SIMD int8	2	4	128	transformer_BERT_mini_int8_noTiling_2D_CB_4_SVE_128.o	run_20260929_095137	/home/hlin/i2ce/exp/38/out_20260929_095137/stats.txt	11	final_total	10	final_total	total_program	2.328830	3749708316	3803206651	9315318936	173771157	156179646	17591511	174613669	22480442	577463500	148583	19316747	15921440	187079946	414524	0.402531	2.484278	0.128743884306	0.000257302843	0.824229876801	0.002215758604	0.810131	38	bd41e343b5a0	feat(profiling): split the MHA region into its codebook and dense sub...	a1304966b8ce727e3c0a71d87852855ca6c0f6abf72bec3098f92c5ad349b611	USE_FP32_TRANSFORMER_FLAG=0 FULL_INTERLEAVED_PIPELINE_FLAG=1 SIMD_FLAG=1 RELOAD_WEIGHT_FLAG=1 USE_NOTEBOOK_GENERATED_WEIGHTS_FLAG=1 USE_CODEBOOK_GEMM_FLAG=1 ENABLE_CODEBOOK_REFERENCE_FLAG=0 ENABLE_DEBUG_PRINT_FLAG=0 PROFILE_GEMM_ONLY_FLAG=1 GEM5_PROFILE_REGIONS_FLAG=1 DENSE_NO_SIMD_BASELINE_FLAG=0 I2CE_USE_LIBM5_FLAG=1	-	1	48KiB	32KiB	1MiB
E04	Runner	BERT-mini	64	512	256	4	1024	Codebook SIMD int8	4	8	128	transformer_BERT_mini_int8_noTiling_4D_CB_8_SVE_128.o	run_20260929_230622	/home/hlin/i2ce/exp/37/out_20260929_230622/stats.txt	1	interval_delta	1	after_qkv_h	MHA_QKV	1.576441	1456427447	1669516536	6305764740	134756740	128244903	6511837	135054834	37127969	188788644	75779	26463047	17042393	61995236	459593								37	eb4a8e4fa591	test(profiling): split-MHA markers on the pre-int8 baseline	06a42a1079cea3a5bc861962d0f9caffda0163614fb6eda3eb9a25bf7c777be0	USE_FP32_TRANSFORMER_FLAG=0 FULL_INTERLEAVED_PIPELINE_FLAG=1 SIMD_FLAG=1 RELOAD_WEIGHT_FLAG=1 USE_NOTEBOOK_GENERATED_WEIGHTS_FLAG=1 USE_CODEBOOK_GEMM_FLAG=1 ENABLE_CODEBOOK_REFERENCE_FLAG=0 ENABLE_DEBUG_PRINT_FLAG=0 PROFILE_GEMM_ONLY_FLAG=1 GEM5_PROFILE_REGIONS_FLAG=1 DENSE_NO_SIMD_BASELINE_FLAG=0 I2CE_USE_LIBM5_FLAG=1	-	1	48KiB	32KiB	1MiB
E04	Runner	BERT-mini	64	512	256	4	1024	Codebook SIMD int8	4	8	128	transformer_BERT_mini_int8_noTiling_4D_CB_8_SVE_128.o	run_20260929_230622	/home/hlin/i2ce/exp/37/out_20260929_230622/stats.txt	2	interval_delta	2	after_qk_h	MHA_QK	0.252884	275015593	512179629	1011534800	144239965	136560859	7679106	144223773	35370350	82492248	35490	17846995	943878	21692015	1088367								37	eb4a8e4fa591	test(profiling): split-MHA markers on the pre-int8 baseline	06a42a1079cea3a5bc861962d0f9caffda0163614fb6eda3eb9a25bf7c777be0	USE_FP32_TRANSFORMER_FLAG=0 FULL_INTERLEAVED_PIPELINE_FLAG=1 SIMD_FLAG=1 RELOAD_WEIGHT_FLAG=1 USE_NOTEBOOK_GENERATED_WEIGHTS_FLAG=1 USE_CODEBOOK_GEMM_FLAG=1 ENABLE_CODEBOOK_REFERENCE_FLAG=0 ENABLE_DEBUG_PRINT_FLAG=0 PROFILE_GEMM_ONLY_FLAG=1 GEM5_PROFILE_REGIONS_FLAG=1 DENSE_NO_SIMD_BASELINE_FLAG=0 I2CE_USE_LIBM5_FLAG=1	-	1	48KiB	32KiB	1MiB
E04	Runner	BERT-mini	64	512	256	4	1024	Codebook SIMD int8	4	8	128	transformer_BERT_mini_int8_noTiling_4D_CB_8_SVE_128.o	run_20260929_230622	/home/hlin/i2ce/exp/37/out_20260929_230622/stats.txt	3	interval_delta	3	after_softmax_h	MHA_softmax	0.017365	26281358	30487628	69458785	11557372	8397307	3160065	11563883	66644	8439212	1612	68260	30979	2107627	5175								37	eb4a8e4fa591	test(profiling): split-MHA markers on the pre-int8 baseline	06a42a1079cea3a5bc861962d0f9caffda0163614fb6eda3eb9a25bf7c777be0	USE_FP32_TRANSFORMER_FLAG=0 FULL_INTERLEAVED_PIPELINE_FLAG=1 SIMD_FLAG=1 RELOAD_WEIGHT_FLAG=1 USE_NOTEBOOK_GENERATED_WEIGHTS_FLAG=1 USE_CODEBOOK_GEMM_FLAG=1 ENABLE_CODEBOOK_REFERENCE_FLAG=0 ENABLE_DEBUG_PRINT_FLAG=0 PROFILE_GEMM_ONLY_FLAG=1 GEM5_PROFILE_REGIONS_FLAG=1 DENSE_NO_SIMD_BASELINE_FLAG=0 I2CE_USE_LIBM5_FLAG=1	-	1	48KiB	32KiB	1MiB
E04	Runner	BERT-mini	64	512	256	4	1024	Codebook SIMD int8	4	8	128	transformer_BERT_mini_int8_noTiling_4D_CB_8_SVE_128.o	run_20260929_230622	/home/hlin/i2ce/exp/37/out_20260929_230622/stats.txt	4	interval_delta	4	after_sv_h	MHA_SV	0.260861	259236480	495073454	1043445594	143395074	137296592	6098482	143386429	18924814	78529845	29609	18132669	1109527	20814093	166264								37	eb4a8e4fa591	test(profiling): split-MHA markers on the pre-int8 baseline	06a42a1079cea3a5bc861962d0f9caffda0163614fb6eda3eb9a25bf7c777be0	USE_FP32_TRANSFORMER_FLAG=0 FULL_INTERLEAVED_PIPELINE_FLAG=1 SIMD_FLAG=1 RELOAD_WEIGHT_FLAG=1 USE_NOTEBOOK_GENERATED_WEIGHTS_FLAG=1 USE_CODEBOOK_GEMM_FLAG=1 ENABLE_CODEBOOK_REFERENCE_FLAG=0 ENABLE_DEBUG_PRINT_FLAG=0 PROFILE_GEMM_ONLY_FLAG=1 GEM5_PROFILE_REGIONS_FLAG=1 DENSE_NO_SIMD_BASELINE_FLAG=0 I2CE_USE_LIBM5_FLAG=1	-	1	48KiB	32KiB	1MiB
E04	Runner	BERT-mini	64	512	256	4	1024	Codebook SIMD int8	4	8	128	transformer_BERT_mini_int8_noTiling_4D_CB_8_SVE_128.o	run_20260929_230622	/home/hlin/i2ce/exp/37/out_20260929_230622/stats.txt	5	interval_delta	5	after_mha	MHA_out	0.000002	887	1077	8831	367	172	195	373	31	513	13	41	32	198	38								37	eb4a8e4fa591	test(profiling): split-MHA markers on the pre-int8 baseline	06a42a1079cea3a5bc861962d0f9caffda0163614fb6eda3eb9a25bf7c777be0	USE_FP32_TRANSFORMER_FLAG=0 FULL_INTERLEAVED_PIPELINE_FLAG=1 SIMD_FLAG=1 RELOAD_WEIGHT_FLAG=1 USE_NOTEBOOK_GENERATED_WEIGHTS_FLAG=1 USE_CODEBOOK_GEMM_FLAG=1 ENABLE_CODEBOOK_REFERENCE_FLAG=0 ENABLE_DEBUG_PRINT_FLAG=0 PROFILE_GEMM_ONLY_FLAG=1 GEM5_PROFILE_REGIONS_FLAG=1 DENSE_NO_SIMD_BASELINE_FLAG=0 I2CE_USE_LIBM5_FLAG=1	-	1	48KiB	32KiB	1MiB
E04	Runner	BERT-mini	64	512	256	4	1024	Codebook SIMD int8	4	8	128	transformer_BERT_mini_int8_noTiling_4D_CB_8_SVE_128.o	run_20260929_230622	/home/hlin/i2ce/exp/37/out_20260929_230622/stats.txt	6	interval_delta	6	after_projection	Projection	0.580735	480197507	551020542	2322940954	43066312	41825822	1240490	43168358	12148304	60626937	15645	8687369	6703038	19822313	144422								37	eb4a8e4fa591	test(profiling): split-MHA markers on the pre-int8 baseline	06a42a1079cea3a5bc861962d0f9caffda0163614fb6eda3eb9a25bf7c777be0	USE_FP32_TRANSFORMER_FLAG=0 FULL_INTERLEAVED_PIPELINE_FLAG=1 SIMD_FLAG=1 RELOAD_WEIGHT_FLAG=1 USE_NOTEBOOK_GENERATED_WEIGHTS_FLAG=1 USE_CODEBOOK_GEMM_FLAG=1 ENABLE_CODEBOOK_REFERENCE_FLAG=0 ENABLE_DEBUG_PRINT_FLAG=0 PROFILE_GEMM_ONLY_FLAG=1 GEM5_PROFILE_REGIONS_FLAG=1 DENSE_NO_SIMD_BASELINE_FLAG=0 I2CE_USE_LIBM5_FLAG=1	-	1	48KiB	32KiB	1MiB
E04	Runner	BERT-mini	64	512	256	4	1024	Codebook SIMD int8	4	8	128	transformer_BERT_mini_int8_noTiling_4D_CB_8_SVE_128.o	run_20260929_230622	/home/hlin/i2ce/exp/37/out_20260929_230622/stats.txt	7	interval_delta	7	after_attn_addnorm	non_GEMM_after_projection	0.003794	10414916	10942943	15173421	3947311	2627635	1319676	3947397	16771	2653256	785	17726	11314	926395	2015								37	eb4a8e4fa591	test(profiling): split-MHA markers on the pre-int8 baseline	06a42a1079cea3a5bc861962d0f9caffda0163614fb6eda3eb9a25bf7c777be0	USE_FP32_TRANSFORMER_FLAG=0 FULL_INTERLEAVED_PIPELINE_FLAG=1 SIMD_FLAG=1 RELOAD_WEIGHT_FLAG=1 USE_NOTEBOOK_GENERATED_WEIGHTS_FLAG=1 USE_CODEBOOK_GEMM_FLAG=1 ENABLE_CODEBOOK_REFERENCE_FLAG=0 ENABLE_DEBUG_PRINT_FLAG=0 PROFILE_GEMM_ONLY_FLAG=1 GEM5_PROFILE_REGIONS_FLAG=1 DENSE_NO_SIMD_BASELINE_FLAG=0 I2CE_USE_LIBM5_FLAG=1	-	1	48KiB	32KiB	1MiB
E04	Runner	BERT-mini	64	512	256	4	1024	Codebook SIMD int8	4	8	128	transformer_BERT_mini_int8_noTiling_4D_CB_8_SVE_128.o	run_20260929_230622	/home/hlin/i2ce/exp/37/out_20260929_230622/stats.txt	8	interval_delta	8	after_ff1	FF1	2.329301	1925960908	2210761315	9317204799	174110009	168168049	5941960	174494597	48185368	244349915	93589	35213812	26777066	80234775	617677								37	eb4a8e4fa591	test(profiling): split-MHA markers on the pre-int8 baseline	06a42a1079cea3a5bc861962d0f9caffda0163614fb6eda3eb9a25bf7c777be0	USE_FP32_TRANSFORMER_FLAG=0 FULL_INTERLEAVED_PIPELINE_FLAG=1 SIMD_FLAG=1 RELOAD_WEIGHT_FLAG=1 USE_NOTEBOOK_GENERATED_WEIGHTS_FLAG=1 USE_CODEBOOK_GEMM_FLAG=1 ENABLE_CODEBOOK_REFERENCE_FLAG=0 ENABLE_DEBUG_PRINT_FLAG=0 PROFILE_GEMM_ONLY_FLAG=1 GEM5_PROFILE_REGIONS_FLAG=1 DENSE_NO_SIMD_BASELINE_FLAG=0 I2CE_USE_LIBM5_FLAG=1	-	1	48KiB	32KiB	1MiB
E04	Runner	BERT-mini	64	512	256	4	1024	Codebook SIMD int8	4	8	128	transformer_BERT_mini_int8_noTiling_4D_CB_8_SVE_128.o	run_20260929_230622	/home/hlin/i2ce/exp/37/out_20260929_230622/stats.txt	9	interval_delta	9	after_ff2	FF2	2.615648	1896683691	2180180831	10462593128	171055184	166964040	4091144	171689179	67619979	236623817	101559	34911293	32384423	77140863	224367								37	eb4a8e4fa591	test(profiling): split-MHA markers on the pre-int8 baseline	06a42a1079cea3a5bc861962d0f9caffda0163614fb6eda3eb9a25bf7c777be0	USE_FP32_TRANSFORMER_FLAG=0 FULL_INTERLEAVED_PIPELINE_FLAG=1 SIMD_FLAG=1 RELOAD_WEIGHT_FLAG=1 USE_NOTEBOOK_GENERATED_WEIGHTS_FLAG=1 USE_CODEBOOK_GEMM_FLAG=1 ENABLE_CODEBOOK_REFERENCE_FLAG=0 ENABLE_DEBUG_PRINT_FLAG=0 PROFILE_GEMM_ONLY_FLAG=1 GEM5_PROFILE_REGIONS_FLAG=1 DENSE_NO_SIMD_BASELINE_FLAG=0 I2CE_USE_LIBM5_FLAG=1	-	1	48KiB	32KiB	1MiB
E04	Runner	BERT-mini	64	512	256	4	1024	Codebook SIMD int8	4	8	128	transformer_BERT_mini_int8_noTiling_4D_CB_8_SVE_128.o	run_20260929_230622	/home/hlin/i2ce/exp/37/out_20260929_230622/stats.txt	10	interval_delta	10	final_total	non_GEMM_after_ff2	0.005953	16505820	17035374	23809860	5686391	3742987	1943404	5686589	98974	4378817	1133	84043	21050	1505108	4411								37	eb4a8e4fa591	test(profiling): split-MHA markers on the pre-int8 baseline	06a42a1079cea3a5bc861962d0f9caffda0163614fb6eda3eb9a25bf7c777be0	USE_FP32_TRANSFORMER_FLAG=0 FULL_INTERLEAVED_PIPELINE_FLAG=1 SIMD_FLAG=1 RELOAD_WEIGHT_FLAG=1 USE_NOTEBOOK_GENERATED_WEIGHTS_FLAG=1 USE_CODEBOOK_GEMM_FLAG=1 ENABLE_CODEBOOK_REFERENCE_FLAG=0 ENABLE_DEBUG_PRINT_FLAG=0 PROFILE_GEMM_ONLY_FLAG=1 GEM5_PROFILE_REGIONS_FLAG=1 DENSE_NO_SIMD_BASELINE_FLAG=0 I2CE_USE_LIBM5_FLAG=1	-	1	48KiB	32KiB	1MiB
E04	Runner	BERT-mini	64	512	256	4	1024	Codebook SIMD int8	4	8	128	transformer_BERT_mini_int8_noTiling_4D_CB_8_SVE_128.o	run_20260929_230622	/home/hlin/i2ce/exp/37/out_20260929_230622/stats.txt	11	final_total	10	final_total	total_program	7.642984	6346724607	7677199329	30571934912	831814725	793828366	37986359	833215412	219559204	906883204	355214	141425255	85023700	286238623	2712329	0.207600	4.816963	0.263508332705	0.000391686601	0.601191774411	0.009475761767	0.799213	37	eb4a8e4fa591	test(profiling): split-MHA markers on the pre-int8 baseline	06a42a1079cea3a5bc861962d0f9caffda0163614fb6eda3eb9a25bf7c777be0	USE_FP32_TRANSFORMER_FLAG=0 FULL_INTERLEAVED_PIPELINE_FLAG=1 SIMD_FLAG=1 RELOAD_WEIGHT_FLAG=1 USE_NOTEBOOK_GENERATED_WEIGHTS_FLAG=1 USE_CODEBOOK_GEMM_FLAG=1 ENABLE_CODEBOOK_REFERENCE_FLAG=0 ENABLE_DEBUG_PRINT_FLAG=0 PROFILE_GEMM_ONLY_FLAG=1 GEM5_PROFILE_REGIONS_FLAG=1 DENSE_NO_SIMD_BASELINE_FLAG=0 I2CE_USE_LIBM5_FLAG=1	-	1	48KiB	32KiB	1MiB
E05	Runner	BERT-mini	64	512	256	4	1024	Codebook SIMD int8	4	8	128	transformer_BERT_mini_int8_noTiling_4D_CB_8_SVE_128.o	run_20260929_230704	/home/hlin/i2ce/exp/37/out_20260929_230704/stats.txt	1	interval_delta	1	after_qkv_h	MHA_QKV	0.990487	1689106994	1690119129	3961947492	40572685	35724156	4848529	43618851	7603266	198982620	63818	7052293	6378516	60332706	445297								37	f126e2b61266	test(profiling): split-MHA markers on the int8-in-place kernels	aa384d6b5e98022679bed79dfacbbb4af98d1c6f820acea1139755abb46aed04	USE_FP32_TRANSFORMER_FLAG=0 FULL_INTERLEAVED_PIPELINE_FLAG=1 SIMD_FLAG=1 RELOAD_WEIGHT_FLAG=1 USE_NOTEBOOK_GENERATED_WEIGHTS_FLAG=1 USE_CODEBOOK_GEMM_FLAG=1 ENABLE_CODEBOOK_REFERENCE_FLAG=0 ENABLE_DEBUG_PRINT_FLAG=0 PROFILE_GEMM_ONLY_FLAG=1 GEM5_PROFILE_REGIONS_FLAG=1 DENSE_NO_SIMD_BASELINE_FLAG=0 I2CE_USE_LIBM5_FLAG=1	-	1	48KiB	32KiB	1MiB
E05	Runner	BERT-mini	64	512	256	4	1024	Codebook SIMD int8	4	8	128	transformer_BERT_mini_int8_noTiling_4D_CB_8_SVE_128.o	run_20260929_230704	/home/hlin/i2ce/exp/37/out_20260929_230704/stats.txt	2	interval_delta	2	after_qk_h	MHA_QK	0.437405	509748620	512392387	1749619471	43175364	35940223	7235141	43156068	5673133	99788663	50239	5068859	4964290	21730045	1101666								37	f126e2b61266	test(profiling): split-MHA markers on the int8-in-place kernels	aa384d6b5e98022679bed79dfacbbb4af98d1c6f820acea1139755abb46aed04	USE_FP32_TRANSFORMER_FLAG=0 FULL_INTERLEAVED_PIPELINE_FLAG=1 SIMD_FLAG=1 RELOAD_WEIGHT_FLAG=1 USE_NOTEBOOK_GENERATED_WEIGHTS_FLAG=1 USE_CODEBOOK_GEMM_FLAG=1 ENABLE_CODEBOOK_REFERENCE_FLAG=0 ENABLE_DEBUG_PRINT_FLAG=0 PROFILE_GEMM_ONLY_FLAG=1 GEM5_PROFILE_REGIONS_FLAG=1 DENSE_NO_SIMD_BASELINE_FLAG=0 I2CE_USE_LIBM5_FLAG=1	-	1	48KiB	32KiB	1MiB
E05	Runner	BERT-mini	64	512	256	4	1024	Codebook SIMD int8	4	8	128	transformer_BERT_mini_int8_noTiling_4D_CB_8_SVE_128.o	run_20260929_230704	/home/hlin/i2ce/exp/37/out_20260929_230704/stats.txt	3	interval_delta	3	after_softmax_h	MHA_softmax	0.018183	26281354	30487624	72729980	11557372	8397307	3160065	11563865	66640	7388450	1553	68216	43107	2107624	5205								37	f126e2b61266	test(profiling): split-MHA markers on the int8-in-place kernels	aa384d6b5e98022679bed79dfacbbb4af98d1c6f820acea1139755abb46aed04	USE_FP32_TRANSFORMER_FLAG=0 FULL_INTERLEAVED_PIPELINE_FLAG=1 SIMD_FLAG=1 RELOAD_WEIGHT_FLAG=1 USE_NOTEBOOK_GENERATED_WEIGHTS_FLAG=1 USE_CODEBOOK_GEMM_FLAG=1 ENABLE_CODEBOOK_REFERENCE_FLAG=0 ENABLE_DEBUG_PRINT_FLAG=0 PROFILE_GEMM_ONLY_FLAG=1 GEM5_PROFILE_REGIONS_FLAG=1 DENSE_NO_SIMD_BASELINE_FLAG=0 I2CE_USE_LIBM5_FLAG=1	-	1	48KiB	32KiB	1MiB
E05	Runner	BERT-mini	64	512	256	4	1024	Codebook SIMD int8	4	8	128	transformer_BERT_mini_int8_noTiling_4D_CB_8_SVE_128.o	run_20260929_230704	/home/hlin/i2ce/exp/37/out_20260929_230704/stats.txt	4	interval_delta	4	after_sv_h	MHA_SV	0.155184	481447527	481728489	620740511	36803647	34886229	1917418	36803843	4778720	89074789	8252	4562775	120487	18671535	144906								37	f126e2b61266	test(profiling): split-MHA markers on the int8-in-place kernels	aa384d6b5e98022679bed79dfacbbb4af98d1c6f820acea1139755abb46aed04	USE_FP32_TRANSFORMER_FLAG=0 FULL_INTERLEAVED_PIPELINE_FLAG=1 SIMD_FLAG=1 RELOAD_WEIGHT_FLAG=1 USE_NOTEBOOK_GENERATED_WEIGHTS_FLAG=1 USE_CODEBOOK_GEMM_FLAG=1 ENABLE_CODEBOOK_REFERENCE_FLAG=0 ENABLE_DEBUG_PRINT_FLAG=0 PROFILE_GEMM_ONLY_FLAG=1 GEM5_PROFILE_REGIONS_FLAG=1 DENSE_NO_SIMD_BASELINE_FLAG=0 I2CE_USE_LIBM5_FLAG=1	-	1	48KiB	32KiB	1MiB
E05	Runner	BERT-mini	64	512	256	4	1024	Codebook SIMD int8	4	8	128	transformer_BERT_mini_int8_noTiling_4D_CB_8_SVE_128.o	run_20260929_230704	/home/hlin/i2ce/exp/37/out_20260929_230704/stats.txt	5	interval_delta	5	after_mha	MHA_out	0.000003	887	1077	10513	367	172	195	375	30	480	17	42	31	198	42								37	f126e2b61266	test(profiling): split-MHA markers on the int8-in-place kernels	aa384d6b5e98022679bed79dfacbbb4af98d1c6f820acea1139755abb46aed04	USE_FP32_TRANSFORMER_FLAG=0 FULL_INTERLEAVED_PIPELINE_FLAG=1 SIMD_FLAG=1 RELOAD_WEIGHT_FLAG=1 USE_NOTEBOOK_GENERATED_WEIGHTS_FLAG=1 USE_CODEBOOK_GEMM_FLAG=1 ENABLE_CODEBOOK_REFERENCE_FLAG=0 ENABLE_DEBUG_PRINT_FLAG=0 PROFILE_GEMM_ONLY_FLAG=1 GEM5_PROFILE_REGIONS_FLAG=1 DENSE_NO_SIMD_BASELINE_FLAG=0 I2CE_USE_LIBM5_FLAG=1	-	1	48KiB	32KiB	1MiB
E05	Runner	BERT-mini	64	512	256	4	1024	Codebook SIMD int8	4	8	128	transformer_BERT_mini_int8_noTiling_4D_CB_8_SVE_128.o	run_20260929_230704	/home/hlin/i2ce/exp/37/out_20260929_230704/stats.txt	6	interval_delta	6	after_projection	Projection	0.339333	560009389	560116283	1357330173	12418311	11358872	1059439	13436397	2502732	65176985	9883	2336822	2311931	19641255	138264								37	f126e2b61266	test(profiling): split-MHA markers on the int8-in-place kernels	aa384d6b5e98022679bed79dfacbbb4af98d1c6f820acea1139755abb46aed04	USE_FP32_TRANSFORMER_FLAG=0 FULL_INTERLEAVED_PIPELINE_FLAG=1 SIMD_FLAG=1 RELOAD_WEIGHT_FLAG=1 USE_NOTEBOOK_GENERATED_WEIGHTS_FLAG=1 USE_CODEBOOK_GEMM_FLAG=1 ENABLE_CODEBOOK_REFERENCE_FLAG=0 ENABLE_DEBUG_PRINT_FLAG=0 PROFILE_GEMM_ONLY_FLAG=1 GEM5_PROFILE_REGIONS_FLAG=1 DENSE_NO_SIMD_BASELINE_FLAG=0 I2CE_USE_LIBM5_FLAG=1	-	1	48KiB	32KiB	1MiB
E05	Runner	BERT-mini	64	512	256	4	1024	Codebook SIMD int8	4	8	128	transformer_BERT_mini_int8_noTiling_4D_CB_8_SVE_128.o	run_20260929_230704	/home/hlin/i2ce/exp/37/out_20260929_230704/stats.txt	7	interval_delta	7	after_attn_addnorm	non_GEMM_after_projection	0.003801	10414916	10942943	15207754	3947311	2627635	1319676	3947382	16777	2653195	771	17643	11472	926394	1990								37	f126e2b61266	test(profiling): split-MHA markers on the int8-in-place kernels	aa384d6b5e98022679bed79dfacbbb4af98d1c6f820acea1139755abb46aed04	USE_FP32_TRANSFORMER_FLAG=0 FULL_INTERLEAVED_PIPELINE_FLAG=1 SIMD_FLAG=1 RELOAD_WEIGHT_FLAG=1 USE_NOTEBOOK_GENERATED_WEIGHTS_FLAG=1 USE_CODEBOOK_GEMM_FLAG=1 ENABLE_CODEBOOK_REFERENCE_FLAG=0 ENABLE_DEBUG_PRINT_FLAG=0 PROFILE_GEMM_ONLY_FLAG=1 GEM5_PROFILE_REGIONS_FLAG=1 DENSE_NO_SIMD_BASELINE_FLAG=0 I2CE_USE_LIBM5_FLAG=1	-	1	48KiB	32KiB	1MiB
E05	Runner	BERT-mini	64	512	256	4	1024	Codebook SIMD int8	4	8	128	transformer_BERT_mini_int8_noTiling_4D_CB_8_SVE_128.o	run_20260929_230704	/home/hlin/i2ce/exp/37/out_20260929_230704/stats.txt	8	interval_delta	8	after_ff1	FF1	1.357687	2247467973	2249384462	5430748010	52268178	46674383	5593795	55791298	9929724	263678014	68974	9834541	9125109	79882701	588477								37	f126e2b61266	test(profiling): split-MHA markers on the int8-in-place kernels	aa384d6b5e98022679bed79dfacbbb4af98d1c6f820acea1139755abb46aed04	USE_FP32_TRANSFORMER_FLAG=0 FULL_INTERLEAVED_PIPELINE_FLAG=1 SIMD_FLAG=1 RELOAD_WEIGHT_FLAG=1 USE_NOTEBOOK_GENERATED_WEIGHTS_FLAG=1 USE_CODEBOOK_GEMM_FLAG=1 ENABLE_CODEBOOK_REFERENCE_FLAG=0 ENABLE_DEBUG_PRINT_FLAG=0 PROFILE_GEMM_ONLY_FLAG=1 GEM5_PROFILE_REGIONS_FLAG=1 DENSE_NO_SIMD_BASELINE_FLAG=0 I2CE_USE_LIBM5_FLAG=1	-	1	48KiB	32KiB	1MiB
E05	Runner	BERT-mini	64	512	256	4	1024	Codebook SIMD int8	4	8	128	transformer_BERT_mini_int8_noTiling_4D_CB_8_SVE_128.o	run_20260929_230704	/home/hlin/i2ce/exp/37/out_20260929_230704/stats.txt	9	interval_delta	9	after_ff2	FF2	1.314608	2214395668	2215904941	5258429224	48788452	45427679	3360773	52821140	9037829	254455372	73432	8800713	8676450	76397669	193536								37	f126e2b61266	test(profiling): split-MHA markers on the int8-in-place kernels	aa384d6b5e98022679bed79dfacbbb4af98d1c6f820acea1139755abb46aed04	USE_FP32_TRANSFORMER_FLAG=0 FULL_INTERLEAVED_PIPELINE_FLAG=1 SIMD_FLAG=1 RELOAD_WEIGHT_FLAG=1 USE_NOTEBOOK_GENERATED_WEIGHTS_FLAG=1 USE_CODEBOOK_GEMM_FLAG=1 ENABLE_CODEBOOK_REFERENCE_FLAG=0 ENABLE_DEBUG_PRINT_FLAG=0 PROFILE_GEMM_ONLY_FLAG=1 GEM5_PROFILE_REGIONS_FLAG=1 DENSE_NO_SIMD_BASELINE_FLAG=0 I2CE_USE_LIBM5_FLAG=1	-	1	48KiB	32KiB	1MiB
E05	Runner	BERT-mini	64	512	256	4	1024	Codebook SIMD int8	4	8	128	transformer_BERT_mini_int8_noTiling_4D_CB_8_SVE_128.o	run_20260929_230704	/home/hlin/i2ce/exp/37/out_20260929_230704/stats.txt	10	interval_delta	10	final_total	non_GEMM_after_ff2	0.006099	16506265	17035819	24395732	5686402	3742997	1943405	5686597	102693	4915473	1105	86748	22461	1505214	4395								37	f126e2b61266	test(profiling): split-MHA markers on the int8-in-place kernels	aa384d6b5e98022679bed79dfacbbb4af98d1c6f820acea1139755abb46aed04	USE_FP32_TRANSFORMER_FLAG=0 FULL_INTERLEAVED_PIPELINE_FLAG=1 SIMD_FLAG=1 RELOAD_WEIGHT_FLAG=1 USE_NOTEBOOK_GENERATED_WEIGHTS_FLAG=1 USE_CODEBOOK_GEMM_FLAG=1 ENABLE_CODEBOOK_REFERENCE_FLAG=0 ENABLE_DEBUG_PRINT_FLAG=0 PROFILE_GEMM_ONLY_FLAG=1 GEM5_PROFILE_REGIONS_FLAG=1 DENSE_NO_SIMD_BASELINE_FLAG=0 I2CE_USE_LIBM5_FLAG=1	-	1	48KiB	32KiB	1MiB
E05	Runner	BERT-mini	64	512	256	4	1024	Codebook SIMD int8	4	8	128	transformer_BERT_mini_int8_noTiling_4D_CB_8_SVE_128.o	run_20260929_230704	/home/hlin/i2ce/exp/37/out_20260929_230704/stats.txt	11	final_total	10	final_total	total_program	4.622790	7755379593	7768113154	18491158860	255218089	224779653	30438436	266825816	39711544	986114041	278044	37828652	31653854	281195341	2623778	0.419410	2.384301	0.148829467086	0.000281959275	0.836769282712	0.009330801821	0.797801	37	f126e2b61266	test(profiling): split-MHA markers on the int8-in-place kernels	aa384d6b5e98022679bed79dfacbbb4af98d1c6f820acea1139755abb46aed04	USE_FP32_TRANSFORMER_FLAG=0 FULL_INTERLEAVED_PIPELINE_FLAG=1 SIMD_FLAG=1 RELOAD_WEIGHT_FLAG=1 USE_NOTEBOOK_GENERATED_WEIGHTS_FLAG=1 USE_CODEBOOK_GEMM_FLAG=1 ENABLE_CODEBOOK_REFERENCE_FLAG=0 ENABLE_DEBUG_PRINT_FLAG=0 PROFILE_GEMM_ONLY_FLAG=1 GEM5_PROFILE_REGIONS_FLAG=1 DENSE_NO_SIMD_BASELINE_FLAG=0 I2CE_USE_LIBM5_FLAG=1	-	1	48KiB	32KiB	1MiB
E06	Runner	BERT-mini	64	512	256	4	1024	Codebook SIMD int8	4	8	128	transformer_BERT_mini_int8_noTiling_4D_CB_8_SVE_128.o	run_20260929_230746	/home/hlin/i2ce/exp/37/out_20260929_230746/stats.txt	1	interval_delta	1	after_qkv_h	MHA_QKV	0.990593	1689163737	1690186682	3962371869	40591718	35734682	4857036	43638215	7603987	204700949	65015	7054190	6379602	60343499	447619								37	cf45945d541a	Merge pull request #16 from hsylin/feat/split-mha-region	cc07c532c73b177ffcd57549fc74309e5d3fae4bd881031b2d5ad5df31e2156d	USE_FP32_TRANSFORMER_FLAG=0 FULL_INTERLEAVED_PIPELINE_FLAG=1 SIMD_FLAG=1 RELOAD_WEIGHT_FLAG=1 USE_NOTEBOOK_GENERATED_WEIGHTS_FLAG=1 USE_CODEBOOK_GEMM_FLAG=1 ENABLE_CODEBOOK_REFERENCE_FLAG=0 ENABLE_DEBUG_PRINT_FLAG=0 PROFILE_GEMM_ONLY_FLAG=1 GEM5_PROFILE_REGIONS_FLAG=1 DENSE_NO_SIMD_BASELINE_FLAG=0 I2CE_USE_LIBM5_FLAG=1	-	1	48KiB	32KiB	1MiB
E06	Runner	BERT-mini	64	512	256	4	1024	Codebook SIMD int8	4	8	128	transformer_BERT_mini_int8_noTiling_4D_CB_8_SVE_128.o	run_20260929_230746	/home/hlin/i2ce/exp/37/out_20260929_230746/stats.txt	2	interval_delta	2	after_qk_h	MHA_QK	0.331704	90174358	151503142	1326816898	43119431	35910369	7209062	43099023	8813830	25605784	45906	5059088	4961410	9119252	49927								37	cf45945d541a	Merge pull request #16 from hsylin/feat/split-mha-region	cc07c532c73b177ffcd57549fc74309e5d3fae4bd881031b2d5ad5df31e2156d	USE_FP32_TRANSFORMER_FLAG=0 FULL_INTERLEAVED_PIPELINE_FLAG=1 SIMD_FLAG=1 RELOAD_WEIGHT_FLAG=1 USE_NOTEBOOK_GENERATED_WEIGHTS_FLAG=1 USE_CODEBOOK_GEMM_FLAG=1 ENABLE_CODEBOOK_REFERENCE_FLAG=0 ENABLE_DEBUG_PRINT_FLAG=0 PROFILE_GEMM_ONLY_FLAG=1 GEM5_PROFILE_REGIONS_FLAG=1 DENSE_NO_SIMD_BASELINE_FLAG=0 I2CE_USE_LIBM5_FLAG=1	-	1	48KiB	32KiB	1MiB
E06	Runner	BERT-mini	64	512	256	4	1024	Codebook SIMD int8	4	8	128	transformer_BERT_mini_int8_noTiling_4D_CB_8_SVE_128.o	run_20260929_230746	/home/hlin/i2ce/exp/37/out_20260929_230746/stats.txt	3	interval_delta	3	after_softmax_h	MHA_softmax	0.017894	26281354	30487624	71569751	11557372	8397307	3160065	11563826	66642	8439041	1532	68211	40133	2107629	5130								37	cf45945d541a	Merge pull request #16 from hsylin/feat/split-mha-region	cc07c532c73b177ffcd57549fc74309e5d3fae4bd881031b2d5ad5df31e2156d	USE_FP32_TRANSFORMER_FLAG=0 FULL_INTERLEAVED_PIPELINE_FLAG=1 SIMD_FLAG=1 RELOAD_WEIGHT_FLAG=1 USE_NOTEBOOK_GENERATED_WEIGHTS_FLAG=1 USE_CODEBOOK_GEMM_FLAG=1 ENABLE_CODEBOOK_REFERENCE_FLAG=0 ENABLE_DEBUG_PRINT_FLAG=0 PROFILE_GEMM_ONLY_FLAG=1 GEM5_PROFILE_REGIONS_FLAG=1 DENSE_NO_SIMD_BASELINE_FLAG=0 I2CE_USE_LIBM5_FLAG=1	-	1	48KiB	32KiB	1MiB
E06	Runner	BERT-mini	64	512	256	4	1024	Codebook SIMD int8	4	8	128	transformer_BERT_mini_int8_noTiling_4D_CB_8_SVE_128.o	run_20260929_230746	/home/hlin/i2ce/exp/37/out_20260929_230746/stats.txt	4	interval_delta	4	after_sv_h	MHA_SV	0.057438	61900308	120871808	229759401	36757231	34861500	1895731	36756674	8970393	22019012	5058	4555392	117891	6067080	142694								37	cf45945d541a	Merge pull request #16 from hsylin/feat/split-mha-region	cc07c532c73b177ffcd57549fc74309e5d3fae4bd881031b2d5ad5df31e2156d	USE_FP32_TRANSFORMER_FLAG=0 FULL_INTERLEAVED_PIPELINE_FLAG=1 SIMD_FLAG=1 RELOAD_WEIGHT_FLAG=1 USE_NOTEBOOK_GENERATED_WEIGHTS_FLAG=1 USE_CODEBOOK_GEMM_FLAG=1 ENABLE_CODEBOOK_REFERENCE_FLAG=0 ENABLE_DEBUG_PRINT_FLAG=0 PROFILE_GEMM_ONLY_FLAG=1 GEM5_PROFILE_REGIONS_FLAG=1 DENSE_NO_SIMD_BASELINE_FLAG=0 I2CE_USE_LIBM5_FLAG=1	-	1	48KiB	32KiB	1MiB
E06	Runner	BERT-mini	64	512	256	4	1024	Codebook SIMD int8	4	8	128	transformer_BERT_mini_int8_noTiling_4D_CB_8_SVE_128.o	run_20260929_230746	/home/hlin/i2ce/exp/37/out_20260929_230746/stats.txt	5	interval_delta	5	after_mha	MHA_out	0.000003	887	1077	8683	367	172	195	371	31	516	17	43	30	198	39								37	cf45945d541a	Merge pull request #16 from hsylin/feat/split-mha-region	cc07c532c73b177ffcd57549fc74309e5d3fae4bd881031b2d5ad5df31e2156d	USE_FP32_TRANSFORMER_FLAG=0 FULL_INTERLEAVED_PIPELINE_FLAG=1 SIMD_FLAG=1 RELOAD_WEIGHT_FLAG=1 USE_NOTEBOOK_GENERATED_WEIGHTS_FLAG=1 USE_CODEBOOK_GEMM_FLAG=1 ENABLE_CODEBOOK_REFERENCE_FLAG=0 ENABLE_DEBUG_PRINT_FLAG=0 PROFILE_GEMM_ONLY_FLAG=1 GEM5_PROFILE_REGIONS_FLAG=1 DENSE_NO_SIMD_BASELINE_FLAG=0 I2CE_USE_LIBM5_FLAG=1	-	1	48KiB	32KiB	1MiB
E06	Runner	BERT-mini	64	512	256	4	1024	Codebook SIMD int8	4	8	128	transformer_BERT_mini_int8_noTiling_4D_CB_8_SVE_128.o	run_20260929_230746	/home/hlin/i2ce/exp/37/out_20260929_230746/stats.txt	6	interval_delta	6	after_projection	Projection	0.339355	560016081	560124391	1357419401	12420998	11360300	1060698	13439032	2502928	67058686	9620	2336895	2312033	19642823	138875								37	cf45945d541a	Merge pull request #16 from hsylin/feat/split-mha-region	cc07c532c73b177ffcd57549fc74309e5d3fae4bd881031b2d5ad5df31e2156d	USE_FP32_TRANSFORMER_FLAG=0 FULL_INTERLEAVED_PIPELINE_FLAG=1 SIMD_FLAG=1 RELOAD_WEIGHT_FLAG=1 USE_NOTEBOOK_GENERATED_WEIGHTS_FLAG=1 USE_CODEBOOK_GEMM_FLAG=1 ENABLE_CODEBOOK_REFERENCE_FLAG=0 ENABLE_DEBUG_PRINT_FLAG=0 PROFILE_GEMM_ONLY_FLAG=1 GEM5_PROFILE_REGIONS_FLAG=1 DENSE_NO_SIMD_BASELINE_FLAG=0 I2CE_USE_LIBM5_FLAG=1	-	1	48KiB	32KiB	1MiB
E06	Runner	BERT-mini	64	512	256	4	1024	Codebook SIMD int8	4	8	128	transformer_BERT_mini_int8_noTiling_4D_CB_8_SVE_128.o	run_20260929_230746	/home/hlin/i2ce/exp/37/out_20260929_230746/stats.txt	7	interval_delta	7	after_attn_addnorm	non_GEMM_after_projection	0.003806	10414915	10942942	15226225	3947311	2627635	1319676	3947407	16787	2653310	783	17665	11616	926394	2016								37	cf45945d541a	Merge pull request #16 from hsylin/feat/split-mha-region	cc07c532c73b177ffcd57549fc74309e5d3fae4bd881031b2d5ad5df31e2156d	USE_FP32_TRANSFORMER_FLAG=0 FULL_INTERLEAVED_PIPELINE_FLAG=1 SIMD_FLAG=1 RELOAD_WEIGHT_FLAG=1 USE_NOTEBOOK_GENERATED_WEIGHTS_FLAG=1 USE_CODEBOOK_GEMM_FLAG=1 ENABLE_CODEBOOK_REFERENCE_FLAG=0 ENABLE_DEBUG_PRINT_FLAG=0 PROFILE_GEMM_ONLY_FLAG=1 GEM5_PROFILE_REGIONS_FLAG=1 DENSE_NO_SIMD_BASELINE_FLAG=0 I2CE_USE_LIBM5_FLAG=1	-	1	48KiB	32KiB	1MiB
E06	Runner	BERT-mini	64	512	256	4	1024	Codebook SIMD int8	4	8	128	transformer_BERT_mini_int8_noTiling_4D_CB_8_SVE_128.o	run_20260929_230746	/home/hlin/i2ce/exp/37/out_20260929_230746/stats.txt	8	interval_delta	8	after_ff1	FF1	1.357714	2247487868	2249408150	5430855144	52275077	46678076	5597001	55798376	9930774	271200264	67940	9834647	9125280	79886317	590197								37	cf45945d541a	Merge pull request #16 from hsylin/feat/split-mha-region	cc07c532c73b177ffcd57549fc74309e5d3fae4bd881031b2d5ad5df31e2156d	USE_FP32_TRANSFORMER_FLAG=0 FULL_INTERLEAVED_PIPELINE_FLAG=1 SIMD_FLAG=1 RELOAD_WEIGHT_FLAG=1 USE_NOTEBOOK_GENERATED_WEIGHTS_FLAG=1 USE_CODEBOOK_GEMM_FLAG=1 ENABLE_CODEBOOK_REFERENCE_FLAG=0 ENABLE_DEBUG_PRINT_FLAG=0 PROFILE_GEMM_ONLY_FLAG=1 GEM5_PROFILE_REGIONS_FLAG=1 DENSE_NO_SIMD_BASELINE_FLAG=0 I2CE_USE_LIBM5_FLAG=1	-	1	48KiB	32KiB	1MiB
E06	Runner	BERT-mini	64	512	256	4	1024	Codebook SIMD int8	4	8	128	transformer_BERT_mini_int8_noTiling_4D_CB_8_SVE_128.o	run_20260929_230746	/home/hlin/i2ce/exp/37/out_20260929_230746/stats.txt	9	interval_delta	9	after_ff2	FF2	1.314728	2214379144	2215885553	5258913320	48782552	45424482	3358070	52815218	9040636	261499773	71429	8800961	8676551	76394752	194480								37	cf45945d541a	Merge pull request #16 from hsylin/feat/split-mha-region	cc07c532c73b177ffcd57549fc74309e5d3fae4bd881031b2d5ad5df31e2156d	USE_FP32_TRANSFORMER_FLAG=0 FULL_INTERLEAVED_PIPELINE_FLAG=1 SIMD_FLAG=1 RELOAD_WEIGHT_FLAG=1 USE_NOTEBOOK_GENERATED_WEIGHTS_FLAG=1 USE_CODEBOOK_GEMM_FLAG=1 ENABLE_CODEBOOK_REFERENCE_FLAG=0 ENABLE_DEBUG_PRINT_FLAG=0 PROFILE_GEMM_ONLY_FLAG=1 GEM5_PROFILE_REGIONS_FLAG=1 DENSE_NO_SIMD_BASELINE_FLAG=0 I2CE_USE_LIBM5_FLAG=1	-	1	48KiB	32KiB	1MiB
E06	Runner	BERT-mini	64	512	256	4	1024	Codebook SIMD int8	4	8	128	transformer_BERT_mini_int8_noTiling_4D_CB_8_SVE_128.o	run_20260929_230746	/home/hlin/i2ce/exp/37/out_20260929_230746/stats.txt	10	interval_delta	10	final_total	non_GEMM_after_ff2	0.005973	16524471	17056731	23889868	5692587	3746458	1946129	5692998	99239	4386616	2351	85628	21766	1509079	5282								37	cf45945d541a	Merge pull request #16 from hsylin/feat/split-mha-region	cc07c532c73b177ffcd57549fc74309e5d3fae4bd881031b2d5ad5df31e2156d	USE_FP32_TRANSFORMER_FLAG=0 FULL_INTERLEAVED_PIPELINE_FLAG=1 SIMD_FLAG=1 RELOAD_WEIGHT_FLAG=1 USE_NOTEBOOK_GENERATED_WEIGHTS_FLAG=1 USE_CODEBOOK_GEMM_FLAG=1 ENABLE_CODEBOOK_REFERENCE_FLAG=0 ENABLE_DEBUG_PRINT_FLAG=0 PROFILE_GEMM_ONLY_FLAG=1 GEM5_PROFILE_REGIONS_FLAG=1 DENSE_NO_SIMD_BASELINE_FLAG=0 I2CE_USE_LIBM5_FLAG=1	-	1	48KiB	32KiB	1MiB
E06	Runner	BERT-mini	64	512	256	4	1024	Codebook SIMD int8	4	8	128	transformer_BERT_mini_int8_noTiling_4D_CB_8_SVE_128.o	run_20260929_230746	/home/hlin/i2ce/exp/37/out_20260929_230746/stats.txt	11	final_total	10	final_total	total_program	4.419208	6916343123	7046468100	17676830560	255144644	224740981	30403663	266751140	47045247	867563951	269651	37812720	31646312	255997023	1576259	0.391266	2.555806	0.176363808605	0.000310813975	0.836922390137	0.006157333322	0.778084	37	cf45945d541a	Merge pull request #16 from hsylin/feat/split-mha-region	cc07c532c73b177ffcd57549fc74309e5d3fae4bd881031b2d5ad5df31e2156d	USE_FP32_TRANSFORMER_FLAG=0 FULL_INTERLEAVED_PIPELINE_FLAG=1 SIMD_FLAG=1 RELOAD_WEIGHT_FLAG=1 USE_NOTEBOOK_GENERATED_WEIGHTS_FLAG=1 USE_CODEBOOK_GEMM_FLAG=1 ENABLE_CODEBOOK_REFERENCE_FLAG=0 ENABLE_DEBUG_PRINT_FLAG=0 PROFILE_GEMM_ONLY_FLAG=1 GEM5_PROFILE_REGIONS_FLAG=1 DENSE_NO_SIMD_BASELINE_FLAG=0 I2CE_USE_LIBM5_FLAG=1	-	1	48KiB	32KiB	1MiB
E07	Runner	BERT-mini	64	512	256	4	1024	Codebook SIMD int8	2	4	128	transformer_BERT_mini_int8_noTiling_2D_CB_4_SVE_128.o	run_20260930_231701	/home/hlin/i2ce/exp/38/out_20260930_231701/stats.txt	1	interval_delta	1	after_qkv_h	MHA_QKV	0.245119	180896658	200267415	980471456	17317268	15274150	2043118	17513588	3811254	31661947	31349	3922240	3187042	11863680	26664								38	03813b27c88c	perf(gemm): decode 2-bit codebook indexes into svdot lanes	29d85caeb5533017ad013f5872409a7d8ac600ddafaa17a135681171a3d9dc47	USE_FP32_TRANSFORMER_FLAG=0 FULL_INTERLEAVED_PIPELINE_FLAG=1 SIMD_FLAG=1 RELOAD_WEIGHT_FLAG=1 USE_NOTEBOOK_GENERATED_WEIGHTS_FLAG=1 USE_CODEBOOK_GEMM_FLAG=1 ENABLE_CODEBOOK_REFERENCE_FLAG=0 ENABLE_DEBUG_PRINT_FLAG=0 PROFILE_GEMM_ONLY_FLAG=1 GEM5_PROFILE_REGIONS_FLAG=1 DENSE_NO_SIMD_BASELINE_FLAG=0 I2CE_USE_LIBM5_FLAG=1	-	1	48KiB	32KiB	1MiB
E07	Runner	BERT-mini	64	512	256	4	1024	Codebook SIMD int8	2	4	128	transformer_BERT_mini_int8_noTiling_2D_CB_4_SVE_128.o	run_20260930_231701	/home/hlin/i2ce/exp/38/out_20260930_231701/stats.txt	2	interval_delta	2	after_qk_h	MHA_QK	0.163553	68150999	94094420	654213458	21555305	17953089	3602216	21545793	4803661	18576319	25281	2531922	2450874	7705187	27644								38	03813b27c88c	perf(gemm): decode 2-bit codebook indexes into svdot lanes	29d85caeb5533017ad013f5872409a7d8ac600ddafaa17a135681171a3d9dc47	USE_FP32_TRANSFORMER_FLAG=0 FULL_INTERLEAVED_PIPELINE_FLAG=1 SIMD_FLAG=1 RELOAD_WEIGHT_FLAG=1 USE_NOTEBOOK_GENERATED_WEIGHTS_FLAG=1 USE_CODEBOOK_GEMM_FLAG=1 ENABLE_CODEBOOK_REFERENCE_FLAG=0 ENABLE_DEBUG_PRINT_FLAG=0 PROFILE_GEMM_ONLY_FLAG=1 GEM5_PROFILE_REGIONS_FLAG=1 DENSE_NO_SIMD_BASELINE_FLAG=0 I2CE_USE_LIBM5_FLAG=1	-	1	48KiB	32KiB	1MiB
E07	Runner	BERT-mini	64	512	256	4	1024	Codebook SIMD int8	2	4	128	transformer_BERT_mini_int8_noTiling_2D_CB_4_SVE_128.o	run_20260930_231701	/home/hlin/i2ce/exp/38/out_20260930_231701/stats.txt	3	interval_delta	3	after_softmax_h	MHA_softmax	0.010665	23132761	23140535	42660877	10498324	6297987	4200337	10502749	33840	6342960	1524	35286	9325	2105426	5134								38	03813b27c88c	perf(gemm): decode 2-bit codebook indexes into svdot lanes	29d85caeb5533017ad013f5872409a7d8ac600ddafaa17a135681171a3d9dc47	USE_FP32_TRANSFORMER_FLAG=0 FULL_INTERLEAVED_PIPELINE_FLAG=1 SIMD_FLAG=1 RELOAD_WEIGHT_FLAG=1 USE_NOTEBOOK_GENERATED_WEIGHTS_FLAG=1 USE_CODEBOOK_GEMM_FLAG=1 ENABLE_CODEBOOK_REFERENCE_FLAG=0 ENABLE_DEBUG_PRINT_FLAG=0 PROFILE_GEMM_ONLY_FLAG=1 GEM5_PROFILE_REGIONS_FLAG=1 DENSE_NO_SIMD_BASELINE_FLAG=0 I2CE_USE_LIBM5_FLAG=1	-	1	48KiB	32KiB	1MiB
E07	Runner	BERT-mini	64	512	256	4	1024	Codebook SIMD int8	2	4	128	transformer_BERT_mini_int8_noTiling_2D_CB_4_SVE_128.o	run_20260930_231701	/home/hlin/i2ce/exp/38/out_20260930_231701/stats.txt	4	interval_delta	4	after_sv_h	MHA_SV	0.031133	47199334	72417426	124533262	18367514	17425087	942427	18369582	3027261	15557720	3493	2345117	35964	4871028	140379								38	03813b27c88c	perf(gemm): decode 2-bit codebook indexes into svdot lanes	29d85caeb5533017ad013f5872409a7d8ac600ddafaa17a135681171a3d9dc47	USE_FP32_TRANSFORMER_FLAG=0 FULL_INTERLEAVED_PIPELINE_FLAG=1 SIMD_FLAG=1 RELOAD_WEIGHT_FLAG=1 USE_NOTEBOOK_GENERATED_WEIGHTS_FLAG=1 USE_CODEBOOK_GEMM_FLAG=1 ENABLE_CODEBOOK_REFERENCE_FLAG=0 ENABLE_DEBUG_PRINT_FLAG=0 PROFILE_GEMM_ONLY_FLAG=1 GEM5_PROFILE_REGIONS_FLAG=1 DENSE_NO_SIMD_BASELINE_FLAG=0 I2CE_USE_LIBM5_FLAG=1	-	1	48KiB	32KiB	1MiB
E07	Runner	BERT-mini	64	512	256	4	1024	Codebook SIMD int8	2	4	128	transformer_BERT_mini_int8_noTiling_2D_CB_4_SVE_128.o	run_20260930_231701	/home/hlin/i2ce/exp/38/out_20260930_231701/stats.txt	5	interval_delta	5	after_mha	MHA_out	0.000001	868	1058	6658	365	170	195	378	34	479	16	43	23	194	36								38	03813b27c88c	perf(gemm): decode 2-bit codebook indexes into svdot lanes	29d85caeb5533017ad013f5872409a7d8ac600ddafaa17a135681171a3d9dc47	USE_FP32_TRANSFORMER_FLAG=0 FULL_INTERLEAVED_PIPELINE_FLAG=1 SIMD_FLAG=1 RELOAD_WEIGHT_FLAG=1 USE_NOTEBOOK_GENERATED_WEIGHTS_FLAG=1 USE_CODEBOOK_GEMM_FLAG=1 ENABLE_CODEBOOK_REFERENCE_FLAG=0 ENABLE_DEBUG_PRINT_FLAG=0 PROFILE_GEMM_ONLY_FLAG=1 GEM5_PROFILE_REGIONS_FLAG=1 DENSE_NO_SIMD_BASELINE_FLAG=0 I2CE_USE_LIBM5_FLAG=1	-	1	48KiB	32KiB	1MiB
E07	Runner	BERT-mini	64	512	256	4	1024	Codebook SIMD int8	2	4	128	transformer_BERT_mini_int8_noTiling_2D_CB_4_SVE_128.o	run_20260930_231701	/home/hlin/i2ce/exp/38/out_20260930_231701/stats.txt	6	interval_delta	6	after_projection	Projection	0.082476	58898489	65237614	329902021	5213896	4813416	400480	5345593	1256168	10168126	2701	1231065	1099260	3781089	2368								38	03813b27c88c	perf(gemm): decode 2-bit codebook indexes into svdot lanes	29d85caeb5533017ad013f5872409a7d8ac600ddafaa17a135681171a3d9dc47	USE_FP32_TRANSFORMER_FLAG=0 FULL_INTERLEAVED_PIPELINE_FLAG=1 SIMD_FLAG=1 RELOAD_WEIGHT_FLAG=1 USE_NOTEBOOK_GENERATED_WEIGHTS_FLAG=1 USE_CODEBOOK_GEMM_FLAG=1 ENABLE_CODEBOOK_REFERENCE_FLAG=0 ENABLE_DEBUG_PRINT_FLAG=0 PROFILE_GEMM_ONLY_FLAG=1 GEM5_PROFILE_REGIONS_FLAG=1 DENSE_NO_SIMD_BASELINE_FLAG=0 I2CE_USE_LIBM5_FLAG=1	-	1	48KiB	32KiB	1MiB
E07	Runner	BERT-mini	64	512	256	4	1024	Codebook SIMD int8	2	4	128	transformer_BERT_mini_int8_noTiling_2D_CB_4_SVE_128.o	run_20260930_231701	/home/hlin/i2ce/exp/38/out_20260930_231701/stats.txt	7	interval_delta	7	after_attn_addnorm	non_GEMM_after_projection	0.001902	5926442	5927898	7609928	1839029	1313350	525679	1839558	8389	1460006	405	8765	4666	398138	1802								38	03813b27c88c	perf(gemm): decode 2-bit codebook indexes into svdot lanes	29d85caeb5533017ad013f5872409a7d8ac600ddafaa17a135681171a3d9dc47	USE_FP32_TRANSFORMER_FLAG=0 FULL_INTERLEAVED_PIPELINE_FLAG=1 SIMD_FLAG=1 RELOAD_WEIGHT_FLAG=1 USE_NOTEBOOK_GENERATED_WEIGHTS_FLAG=1 USE_CODEBOOK_GEMM_FLAG=1 ENABLE_CODEBOOK_REFERENCE_FLAG=0 ENABLE_DEBUG_PRINT_FLAG=0 PROFILE_GEMM_ONLY_FLAG=1 GEM5_PROFILE_REGIONS_FLAG=1 DENSE_NO_SIMD_BASELINE_FLAG=0 I2CE_USE_LIBM5_FLAG=1	-	1	48KiB	32KiB	1MiB
E07	Runner	BERT-mini	64	512	256	4	1024	Codebook SIMD int8	2	4	128	transformer_BERT_mini_int8_noTiling_2D_CB_4_SVE_128.o	run_20260930_231701	/home/hlin/i2ce/exp/38/out_20260930_231701/stats.txt	8	interval_delta	8	after_ff1	FF1	0.338909	239308807	265411434	1355633284	22153540	19872671	2280869	22143861	4969683	42162681	25366	4894375	4806437	15782371	28118								38	03813b27c88c	perf(gemm): decode 2-bit codebook indexes into svdot lanes	29d85caeb5533017ad013f5872409a7d8ac600ddafaa17a135681171a3d9dc47	USE_FP32_TRANSFORMER_FLAG=0 FULL_INTERLEAVED_PIPELINE_FLAG=1 SIMD_FLAG=1 RELOAD_WEIGHT_FLAG=1 USE_NOTEBOOK_GENERATED_WEIGHTS_FLAG=1 USE_CODEBOOK_GEMM_FLAG=1 ENABLE_CODEBOOK_REFERENCE_FLAG=0 ENABLE_DEBUG_PRINT_FLAG=0 PROFILE_GEMM_ONLY_FLAG=1 GEM5_PROFILE_REGIONS_FLAG=1 DENSE_NO_SIMD_BASELINE_FLAG=0 I2CE_USE_LIBM5_FLAG=1	-	1	48KiB	32KiB	1MiB
E07	Runner	BERT-mini	64	512	256	4	1024	Codebook SIMD int8	2	4	128	transformer_BERT_mini_int8_noTiling_2D_CB_4_SVE_128.o	run_20260930_231701	/home/hlin/i2ce/exp/38/out_20260930_231701/stats.txt	9	interval_delta	9	after_ff2	FF2	0.326495	229628290	255464759	1305981460	21112134	19618720	1493414	21631340	8712975	39171320	24839	4447202	4282415	13881255	155628								38	03813b27c88c	perf(gemm): decode 2-bit codebook indexes into svdot lanes	29d85caeb5533017ad013f5872409a7d8ac600ddafaa17a135681171a3d9dc47	USE_FP32_TRANSFORMER_FLAG=0 FULL_INTERLEAVED_PIPELINE_FLAG=1 SIMD_FLAG=1 RELOAD_WEIGHT_FLAG=1 USE_NOTEBOOK_GENERATED_WEIGHTS_FLAG=1 USE_CODEBOOK_GEMM_FLAG=1 ENABLE_CODEBOOK_REFERENCE_FLAG=0 ENABLE_DEBUG_PRINT_FLAG=0 PROFILE_GEMM_ONLY_FLAG=1 GEM5_PROFILE_REGIONS_FLAG=1 DENSE_NO_SIMD_BASELINE_FLAG=0 I2CE_USE_LIBM5_FLAG=1	-	1	48KiB	32KiB	1MiB
E07	Runner	BERT-mini	64	512	256	4	1024	Codebook SIMD int8	2	4	128	transformer_BERT_mini_int8_noTiling_2D_CB_4_SVE_128.o	run_20260930_231701	/home/hlin/i2ce/exp/38/out_20260930_231701/stats.txt	10	interval_delta	10	final_total	non_GEMM_after_ff2	0.003154	8999143	9006180	12614837	2718063	1876276	841787	2718933	41878	2598518	2426	36318	12231	692882	4187								38	03813b27c88c	perf(gemm): decode 2-bit codebook indexes into svdot lanes	29d85caeb5533017ad013f5872409a7d8ac600ddafaa17a135681171a3d9dc47	USE_FP32_TRANSFORMER_FLAG=0 FULL_INTERLEAVED_PIPELINE_FLAG=1 SIMD_FLAG=1 RELOAD_WEIGHT_FLAG=1 USE_NOTEBOOK_GENERATED_WEIGHTS_FLAG=1 USE_CODEBOOK_GEMM_FLAG=1 ENABLE_CODEBOOK_REFERENCE_FLAG=0 ENABLE_DEBUG_PRINT_FLAG=0 PROFILE_GEMM_ONLY_FLAG=1 GEM5_PROFILE_REGIONS_FLAG=1 DENSE_NO_SIMD_BASELINE_FLAG=0 I2CE_USE_LIBM5_FLAG=1	-	1	48KiB	32KiB	1MiB
E07	Runner	BERT-mini	64	512	256	4	1024	Codebook SIMD int8	2	4	128	transformer_BERT_mini_int8_noTiling_2D_CB_4_SVE_128.o	run_20260930_231701	/home/hlin/i2ce/exp/38/out_20260930_231701/stats.txt	11	final_total	10	final_total	total_program	1.203407	862141791	990968739	4813627241	120775438	104444916	16330522	121611375	26665143	167700076	117400	19452333	15888237	61081250	391960	0.179104	5.583336	0.219265204427	0.000700059313	0.816777966941	0.006417026502	0.834335	38	03813b27c88c	perf(gemm): decode 2-bit codebook indexes into svdot lanes	29d85caeb5533017ad013f5872409a7d8ac600ddafaa17a135681171a3d9dc47	USE_FP32_TRANSFORMER_FLAG=0 FULL_INTERLEAVED_PIPELINE_FLAG=1 SIMD_FLAG=1 RELOAD_WEIGHT_FLAG=1 USE_NOTEBOOK_GENERATED_WEIGHTS_FLAG=1 USE_CODEBOOK_GEMM_FLAG=1 ENABLE_CODEBOOK_REFERENCE_FLAG=0 ENABLE_DEBUG_PRINT_FLAG=0 PROFILE_GEMM_ONLY_FLAG=1 GEM5_PROFILE_REGIONS_FLAG=1 DENSE_NO_SIMD_BASELINE_FLAG=0 I2CE_USE_LIBM5_FLAG=1	-	1	48KiB	32KiB	1MiB
E08	Runner	BERT-mini	64	512	256	4	1024	Codebook SIMD int8	2	4	128	transformer_BERT_mini_int8_noTiling_2D_CB_4_SVE_128.o	run_20261001_152716	/home/hlin/i2ce/exp/38/out_20261001_152716/stats.txt	1	interval_delta	1	after_qkv_h	MHA_QKV	0.236062	133749776	153123072	944249085	22040548	19995109	2045439	22433543	3810338	32758681	35939	3729509	3187304	8726027	420538								38	1bfdddfebd80	perf(gemm): svdot for four learners, and a byte-aligned index option	13b2f1cf81f9b617466c78ccc6db7509b31c11ee1378e0c499bd5bff0000bcf1	USE_FP32_TRANSFORMER_FLAG=0 FULL_INTERLEAVED_PIPELINE_FLAG=1 SIMD_FLAG=1 RELOAD_WEIGHT_FLAG=1 USE_NOTEBOOK_GENERATED_WEIGHTS_FLAG=1 USE_CODEBOOK_GEMM_FLAG=1 ENABLE_CODEBOOK_REFERENCE_FLAG=0 ENABLE_DEBUG_PRINT_FLAG=0 PROFILE_GEMM_ONLY_FLAG=1 GEM5_PROFILE_REGIONS_FLAG=1 DENSE_NO_SIMD_BASELINE_FLAG=0 I2CE_USE_LIBM5_FLAG=1	-	1	48KiB	32KiB	1MiB
E08	Runner	BERT-mini	64	512	256	4	1024	Codebook SIMD int8	2	4	128	transformer_BERT_mini_int8_noTiling_2D_CB_4_SVE_128.o	run_20261001_152716	/home/hlin/i2ce/exp/38/out_20261001_152716/stats.txt	2	interval_delta	2	after_qk_h	MHA_QK	0.163447	68139117	94080929	653783825	21551612	17951124	3600488	21542263	4803772	18570442	29612	2536238	2449625	7703305	27360								38	1bfdddfebd80	perf(gemm): svdot for four learners, and a byte-aligned index option	13b2f1cf81f9b617466c78ccc6db7509b31c11ee1378e0c499bd5bff0000bcf1	USE_FP32_TRANSFORMER_FLAG=0 FULL_INTERLEAVED_PIPELINE_FLAG=1 SIMD_FLAG=1 RELOAD_WEIGHT_FLAG=1 USE_NOTEBOOK_GENERATED_WEIGHTS_FLAG=1 USE_CODEBOOK_GEMM_FLAG=1 ENABLE_CODEBOOK_REFERENCE_FLAG=0 ENABLE_DEBUG_PRINT_FLAG=0 PROFILE_GEMM_ONLY_FLAG=1 GEM5_PROFILE_REGIONS_FLAG=1 DENSE_NO_SIMD_BASELINE_FLAG=0 I2CE_USE_LIBM5_FLAG=1	-	1	48KiB	32KiB	1MiB
E08	Runner	BERT-mini	64	512	256	4	1024	Codebook SIMD int8	2	4	128	transformer_BERT_mini_int8_noTiling_2D_CB_4_SVE_128.o	run_20261001_152716	/home/hlin/i2ce/exp/38/out_20261001_152716/stats.txt	3	interval_delta	3	after_softmax_h	MHA_softmax	0.010598	23114538	23118156	42389834	10491372	6294284	4197088	10495583	33326	6334341	540	33822	8322	2101792	4524								38	1bfdddfebd80	perf(gemm): svdot for four learners, and a byte-aligned index option	13b2f1cf81f9b617466c78ccc6db7509b31c11ee1378e0c499bd5bff0000bcf1	USE_FP32_TRANSFORMER_FLAG=0 FULL_INTERLEAVED_PIPELINE_FLAG=1 SIMD_FLAG=1 RELOAD_WEIGHT_FLAG=1 USE_NOTEBOOK_GENERATED_WEIGHTS_FLAG=1 USE_CODEBOOK_GEMM_FLAG=1 ENABLE_CODEBOOK_REFERENCE_FLAG=0 ENABLE_DEBUG_PRINT_FLAG=0 PROFILE_GEMM_ONLY_FLAG=1 GEM5_PROFILE_REGIONS_FLAG=1 DENSE_NO_SIMD_BASELINE_FLAG=0 I2CE_USE_LIBM5_FLAG=1	-	1	48KiB	32KiB	1MiB
E08	Runner	BERT-mini	64	512	256	4	1024	Codebook SIMD int8	2	4	128	transformer_BERT_mini_int8_noTiling_2D_CB_4_SVE_128.o	run_20261001_152716	/home/hlin/i2ce/exp/38/out_20261001_152716/stats.txt	4	interval_delta	4	after_sv_h	MHA_SV	0.031154	47206518	72426055	124621801	18370323	17426604	943719	18372532	3027399	15561762	4160	2346025	36316	4872683	140846								38	1bfdddfebd80	perf(gemm): svdot for four learners, and a byte-aligned index option	13b2f1cf81f9b617466c78ccc6db7509b31c11ee1378e0c499bd5bff0000bcf1	USE_FP32_TRANSFORMER_FLAG=0 FULL_INTERLEAVED_PIPELINE_FLAG=1 SIMD_FLAG=1 RELOAD_WEIGHT_FLAG=1 USE_NOTEBOOK_GENERATED_WEIGHTS_FLAG=1 USE_CODEBOOK_GEMM_FLAG=1 ENABLE_CODEBOOK_REFERENCE_FLAG=0 ENABLE_DEBUG_PRINT_FLAG=0 PROFILE_GEMM_ONLY_FLAG=1 GEM5_PROFILE_REGIONS_FLAG=1 DENSE_NO_SIMD_BASELINE_FLAG=0 I2CE_USE_LIBM5_FLAG=1	-	1	48KiB	32KiB	1MiB
E08	Runner	BERT-mini	64	512	256	4	1024	Codebook SIMD int8	2	4	128	transformer_BERT_mini_int8_noTiling_2D_CB_4_SVE_128.o	run_20261001_152716	/home/hlin/i2ce/exp/38/out_20261001_152716/stats.txt	5	interval_delta	5	after_mha	MHA_out	0.000002	868	1058	7108	365	170	195	373	34	487	21	49	25	194	39								38	1bfdddfebd80	perf(gemm): svdot for four learners, and a byte-aligned index option	13b2f1cf81f9b617466c78ccc6db7509b31c11ee1378e0c499bd5bff0000bcf1	USE_FP32_TRANSFORMER_FLAG=0 FULL_INTERLEAVED_PIPELINE_FLAG=1 SIMD_FLAG=1 RELOAD_WEIGHT_FLAG=1 USE_NOTEBOOK_GENERATED_WEIGHTS_FLAG=1 USE_CODEBOOK_GEMM_FLAG=1 ENABLE_CODEBOOK_REFERENCE_FLAG=0 ENABLE_DEBUG_PRINT_FLAG=0 PROFILE_GEMM_ONLY_FLAG=1 GEM5_PROFILE_REGIONS_FLAG=1 DENSE_NO_SIMD_BASELINE_FLAG=0 I2CE_USE_LIBM5_FLAG=1	-	1	48KiB	32KiB	1MiB
E08	Runner	BERT-mini	64	512	256	4	1024	Codebook SIMD int8	2	4	128	transformer_BERT_mini_int8_noTiling_2D_CB_4_SVE_128.o	run_20261001_152716	/home/hlin/i2ce/exp/38/out_20261001_152716/stats.txt	6	interval_delta	6	after_projection	Projection	0.079416	43169653	49506588	317663219	6783380	6384476	398904	6915046	1255554	10429379	3059	1231169	1099136	2732854	133381								38	1bfdddfebd80	perf(gemm): svdot for four learners, and a byte-aligned index option	13b2f1cf81f9b617466c78ccc6db7509b31c11ee1378e0c499bd5bff0000bcf1	USE_FP32_TRANSFORMER_FLAG=0 FULL_INTERLEAVED_PIPELINE_FLAG=1 SIMD_FLAG=1 RELOAD_WEIGHT_FLAG=1 USE_NOTEBOOK_GENERATED_WEIGHTS_FLAG=1 USE_CODEBOOK_GEMM_FLAG=1 ENABLE_CODEBOOK_REFERENCE_FLAG=0 ENABLE_DEBUG_PRINT_FLAG=0 PROFILE_GEMM_ONLY_FLAG=1 GEM5_PROFILE_REGIONS_FLAG=1 DENSE_NO_SIMD_BASELINE_FLAG=0 I2CE_USE_LIBM5_FLAG=1	-	1	48KiB	32KiB	1MiB
E08	Runner	BERT-mini	64	512	256	4	1024	Codebook SIMD int8	2	4	128	transformer_BERT_mini_int8_noTiling_2D_CB_4_SVE_128.o	run_20261001_152716	/home/hlin/i2ce/exp/38/out_20261001_152716/stats.txt	7	interval_delta	7	after_attn_addnorm	non_GEMM_after_projection	0.001915	5930680	5933288	7662739	1840772	1314272	526500	1841341	8548	1461931	757	9269	4885	398870	1958								38	1bfdddfebd80	perf(gemm): svdot for four learners, and a byte-aligned index option	13b2f1cf81f9b617466c78ccc6db7509b31c11ee1378e0c499bd5bff0000bcf1	USE_FP32_TRANSFORMER_FLAG=0 FULL_INTERLEAVED_PIPELINE_FLAG=1 SIMD_FLAG=1 RELOAD_WEIGHT_FLAG=1 USE_NOTEBOOK_GENERATED_WEIGHTS_FLAG=1 USE_CODEBOOK_GEMM_FLAG=1 ENABLE_CODEBOOK_REFERENCE_FLAG=0 ENABLE_DEBUG_PRINT_FLAG=0 PROFILE_GEMM_ONLY_FLAG=1 GEM5_PROFILE_REGIONS_FLAG=1 DENSE_NO_SIMD_BASELINE_FLAG=0 I2CE_USE_LIBM5_FLAG=1	-	1	48KiB	32KiB	1MiB
E08	Runner	BERT-mini	64	512	256	4	1024	Codebook SIMD int8	2	4	128	transformer_BERT_mini_int8_noTiling_2D_CB_4_SVE_128.o	run_20261001_152716	/home/hlin/i2ce/exp/38/out_20261001_152716/stats.txt	8	interval_delta	8	after_ff1	FF1	0.327660	176414531	202513891	1310638673	28439946	26161430	2278516	28954753	4968113	43215940	31165	4899350	4830240	11592085	552283								38	1bfdddfebd80	perf(gemm): svdot for four learners, and a byte-aligned index option	13b2f1cf81f9b617466c78ccc6db7509b31c11ee1378e0c499bd5bff0000bcf1	USE_FP32_TRANSFORMER_FLAG=0 FULL_INTERLEAVED_PIPELINE_FLAG=1 SIMD_FLAG=1 RELOAD_WEIGHT_FLAG=1 USE_NOTEBOOK_GENERATED_WEIGHTS_FLAG=1 USE_CODEBOOK_GEMM_FLAG=1 ENABLE_CODEBOOK_REFERENCE_FLAG=0 ENABLE_DEBUG_PRINT_FLAG=0 PROFILE_GEMM_ONLY_FLAG=1 GEM5_PROFILE_REGIONS_FLAG=1 DENSE_NO_SIMD_BASELINE_FLAG=0 I2CE_USE_LIBM5_FLAG=1	-	1	48KiB	32KiB	1MiB
E08	Runner	BERT-mini	64	512	256	4	1024	Codebook SIMD int8	2	4	128	transformer_BERT_mini_int8_noTiling_2D_CB_4_SVE_128.o	run_20261001_152716	/home/hlin/i2ce/exp/38/out_20261001_152716/stats.txt	9	interval_delta	9	after_ff2	FF2	0.314605	166707714	192540600	1258417776	27398090	25907269	1490821	27524090	4517718	37196952	29875	4451469	4282269	9686078	155517								38	1bfdddfebd80	perf(gemm): svdot for four learners, and a byte-aligned index option	13b2f1cf81f9b617466c78ccc6db7509b31c11ee1378e0c499bd5bff0000bcf1	USE_FP32_TRANSFORMER_FLAG=0 FULL_INTERLEAVED_PIPELINE_FLAG=1 SIMD_FLAG=1 RELOAD_WEIGHT_FLAG=1 USE_NOTEBOOK_GENERATED_WEIGHTS_FLAG=1 USE_CODEBOOK_GEMM_FLAG=1 ENABLE_CODEBOOK_REFERENCE_FLAG=0 ENABLE_DEBUG_PRINT_FLAG=0 PROFILE_GEMM_ONLY_FLAG=1 GEM5_PROFILE_REGIONS_FLAG=1 DENSE_NO_SIMD_BASELINE_FLAG=0 I2CE_USE_LIBM5_FLAG=1	-	1	48KiB	32KiB	1MiB
E08	Runner	BERT-mini	64	512	256	4	1024	Codebook SIMD int8	2	4	128	transformer_BERT_mini_int8_noTiling_2D_CB_4_SVE_128.o	run_20261001_152716	/home/hlin/i2ce/exp/38/out_20261001_152716/stats.txt	10	interval_delta	10	final_total	non_GEMM_after_ff2	0.003044	8973852	8976599	12178524	2709376	1871454	837922	2710001	41432	2587832	909	34273	10562	687850	3110								38	1bfdddfebd80	perf(gemm): svdot for four learners, and a byte-aligned index option	13b2f1cf81f9b617466c78ccc6db7509b31c11ee1378e0c499bd5bff0000bcf1	USE_FP32_TRANSFORMER_FLAG=0 FULL_INTERLEAVED_PIPELINE_FLAG=1 SIMD_FLAG=1 RELOAD_WEIGHT_FLAG=1 USE_NOTEBOOK_GENERATED_WEIGHTS_FLAG=1 USE_CODEBOOK_GEMM_FLAG=1 ENABLE_CODEBOOK_REFERENCE_FLAG=0 ENABLE_DEBUG_PRINT_FLAG=0 PROFILE_GEMM_ONLY_FLAG=1 GEM5_PROFILE_REGIONS_FLAG=1 DENSE_NO_SIMD_BASELINE_FLAG=0 I2CE_USE_LIBM5_FLAG=1	-	1	48KiB	32KiB	1MiB
E08	Runner	BERT-mini	64	512	256	4	1024	Codebook SIMD int8	2	4	128	transformer_BERT_mini_int8_noTiling_2D_CB_4_SVE_128.o	run_20261001_152716	/home/hlin/i2ce/exp/38/out_20261001_152716/stats.txt	11	final_total	10	final_total	total_program	1.167903	673407247	802220236	4671612584	139625784	123306192	16319592	140789525	22466234	168117747	136037	19271173	15908684	48501738	1439556	0.144149	6.937277	0.159573192679	0.000809176916	0.825517159749	0.029680503408	0.924296	38	1bfdddfebd80	perf(gemm): svdot for four learners, and a byte-aligned index option	13b2f1cf81f9b617466c78ccc6db7509b31c11ee1378e0c499bd5bff0000bcf1	USE_FP32_TRANSFORMER_FLAG=0 FULL_INTERLEAVED_PIPELINE_FLAG=1 SIMD_FLAG=1 RELOAD_WEIGHT_FLAG=1 USE_NOTEBOOK_GENERATED_WEIGHTS_FLAG=1 USE_CODEBOOK_GEMM_FLAG=1 ENABLE_CODEBOOK_REFERENCE_FLAG=0 ENABLE_DEBUG_PRINT_FLAG=0 PROFILE_GEMM_ONLY_FLAG=1 GEM5_PROFILE_REGIONS_FLAG=1 DENSE_NO_SIMD_BASELINE_FLAG=0 I2CE_USE_LIBM5_FLAG=1	-	1	48KiB	32KiB	1MiB
E09	Runner	BERT-mini	64	512	256	4	1024	Codebook SIMD int8	4	8	128	transformer_BERT_mini_int8_noTiling_4D_CB_8_SVE_128.o	run_20261001_153530	/home/hlin/i2ce/exp/37/out_20261001_153530/stats.txt	1	interval_delta	1	after_qkv_h	MHA_QKV	0.990554	1685993119	1687009721	3962212250	40580693	35728599	4852094	43627294	7605338	204694942	67329	7057615	6379194	60340445	447916								37	0337bccb6a2a	fix(exp): a notebook override that matches the default is not a missi...	1c172ebd4af0fd37370261cb3458f5be6e86f4c40ba89428dedee680e40400f2	USE_FP32_TRANSFORMER_FLAG=0 FULL_INTERLEAVED_PIPELINE_FLAG=1 SIMD_FLAG=1 RELOAD_WEIGHT_FLAG=1 USE_NOTEBOOK_GENERATED_WEIGHTS_FLAG=1 USE_CODEBOOK_GEMM_FLAG=1 ENABLE_CODEBOOK_REFERENCE_FLAG=0 ENABLE_DEBUG_PRINT_FLAG=0 PROFILE_GEMM_ONLY_FLAG=1 GEM5_PROFILE_REGIONS_FLAG=1 DENSE_NO_SIMD_BASELINE_FLAG=0 I2CE_USE_LIBM5_FLAG=1	-	1	48KiB	32KiB	1MiB
E09	Runner	BERT-mini	64	512	256	4	1024	Codebook SIMD int8	4	8	128	transformer_BERT_mini_int8_noTiling_4D_CB_8_SVE_128.o	run_20261001_153530	/home/hlin/i2ce/exp/37/out_20261001_153530/stats.txt	2	interval_delta	2	after_qk_h	MHA_QK	0.331654	90181610	151510937	1326620882	43122011	35911603	7210408	43101723	8814080	25606566	46386	5059684	4961131	9120301	49897								37	0337bccb6a2a	fix(exp): a notebook override that matches the default is not a missi...	1c172ebd4af0fd37370261cb3458f5be6e86f4c40ba89428dedee680e40400f2	USE_FP32_TRANSFORMER_FLAG=0 FULL_INTERLEAVED_PIPELINE_FLAG=1 SIMD_FLAG=1 RELOAD_WEIGHT_FLAG=1 USE_NOTEBOOK_GENERATED_WEIGHTS_FLAG=1 USE_CODEBOOK_GEMM_FLAG=1 ENABLE_CODEBOOK_REFERENCE_FLAG=0 ENABLE_DEBUG_PRINT_FLAG=0 PROFILE_GEMM_ONLY_FLAG=1 GEM5_PROFILE_REGIONS_FLAG=1 DENSE_NO_SIMD_BASELINE_FLAG=0 I2CE_USE_LIBM5_FLAG=1	-	1	48KiB	32KiB	1MiB
E09	Runner	BERT-mini	64	512	256	4	1024	Codebook SIMD int8	4	8	128	transformer_BERT_mini_int8_noTiling_4D_CB_8_SVE_128.o	run_20261001_153530	/home/hlin/i2ce/exp/37/out_20261001_153530/stats.txt	3	interval_delta	3	after_softmax_h	MHA_softmax	0.017979	26281355	30487625	71917700	11557372	8397307	3160065	11563857	66638	8439085	1503	68212	41585	2107615	5152								37	0337bccb6a2a	fix(exp): a notebook override that matches the default is not a missi...	1c172ebd4af0fd37370261cb3458f5be6e86f4c40ba89428dedee680e40400f2	USE_FP32_TRANSFORMER_FLAG=0 FULL_INTERLEAVED_PIPELINE_FLAG=1 SIMD_FLAG=1 RELOAD_WEIGHT_FLAG=1 USE_NOTEBOOK_GENERATED_WEIGHTS_FLAG=1 USE_CODEBOOK_GEMM_FLAG=1 ENABLE_CODEBOOK_REFERENCE_FLAG=0 ENABLE_DEBUG_PRINT_FLAG=0 PROFILE_GEMM_ONLY_FLAG=1 GEM5_PROFILE_REGIONS_FLAG=1 DENSE_NO_SIMD_BASELINE_FLAG=0 I2CE_USE_LIBM5_FLAG=1	-	1	48KiB	32KiB	1MiB
E09	Runner	BERT-mini	64	512	256	4	1024	Codebook SIMD int8	4	8	128	transformer_BERT_mini_int8_noTiling_4D_CB_8_SVE_128.o	run_20261001_153530	/home/hlin/i2ce/exp/37/out_20261001_153530/stats.txt	4	interval_delta	4	after_sv_h	MHA_SV	0.057444	61904486	120877081	229775136	36758919	34862402	1896517	36758468	8969386	22020590	5355	4555238	118003	6067867	142783								37	0337bccb6a2a	fix(exp): a notebook override that matches the default is not a missi...	1c172ebd4af0fd37370261cb3458f5be6e86f4c40ba89428dedee680e40400f2	USE_FP32_TRANSFORMER_FLAG=0 FULL_INTERLEAVED_PIPELINE_FLAG=1 SIMD_FLAG=1 RELOAD_WEIGHT_FLAG=1 USE_NOTEBOOK_GENERATED_WEIGHTS_FLAG=1 USE_CODEBOOK_GEMM_FLAG=1 ENABLE_CODEBOOK_REFERENCE_FLAG=0 ENABLE_DEBUG_PRINT_FLAG=0 PROFILE_GEMM_ONLY_FLAG=1 GEM5_PROFILE_REGIONS_FLAG=1 DENSE_NO_SIMD_BASELINE_FLAG=0 I2CE_USE_LIBM5_FLAG=1	-	1	48KiB	32KiB	1MiB
E09	Runner	BERT-mini	64	512	256	4	1024	Codebook SIMD int8	4	8	128	transformer_BERT_mini_int8_noTiling_4D_CB_8_SVE_128.o	run_20261001_153530	/home/hlin/i2ce/exp/37/out_20261001_153530/stats.txt	5	interval_delta	5	after_mha	MHA_out	0.000003	887	1077	9826	367	172	195	376	32	496	16	42	33	198	40								37	0337bccb6a2a	fix(exp): a notebook override that matches the default is not a missi...	1c172ebd4af0fd37370261cb3458f5be6e86f4c40ba89428dedee680e40400f2	USE_FP32_TRANSFORMER_FLAG=0 FULL_INTERLEAVED_PIPELINE_FLAG=1 SIMD_FLAG=1 RELOAD_WEIGHT_FLAG=1 USE_NOTEBOOK_GENERATED_WEIGHTS_FLAG=1 USE_CODEBOOK_GEMM_FLAG=1 ENABLE_CODEBOOK_REFERENCE_FLAG=0 ENABLE_DEBUG_PRINT_FLAG=0 PROFILE_GEMM_ONLY_FLAG=1 GEM5_PROFILE_REGIONS_FLAG=1 DENSE_NO_SIMD_BASELINE_FLAG=0 I2CE_USE_LIBM5_FLAG=1	-	1	48KiB	32KiB	1MiB
E09	Runner	BERT-mini	64	512	256	4	1024	Codebook SIMD int8	4	8	128	transformer_BERT_mini_int8_noTiling_4D_CB_8_SVE_128.o	run_20261001_153530	/home/hlin/i2ce/exp/37/out_20261001_153530/stats.txt	6	interval_delta	6	after_projection	Projection	0.339317	558970321	559078375	1357267030	12420998	11360300	1060698	13439145	2503351	67058832	11382	2338938	2312117	19643594	139055								37	0337bccb6a2a	fix(exp): a notebook override that matches the default is not a missi...	1c172ebd4af0fd37370261cb3458f5be6e86f4c40ba89428dedee680e40400f2	USE_FP32_TRANSFORMER_FLAG=0 FULL_INTERLEAVED_PIPELINE_FLAG=1 SIMD_FLAG=1 RELOAD_WEIGHT_FLAG=1 USE_NOTEBOOK_GENERATED_WEIGHTS_FLAG=1 USE_CODEBOOK_GEMM_FLAG=1 ENABLE_CODEBOOK_REFERENCE_FLAG=0 ENABLE_DEBUG_PRINT_FLAG=0 PROFILE_GEMM_ONLY_FLAG=1 GEM5_PROFILE_REGIONS_FLAG=1 DENSE_NO_SIMD_BASELINE_FLAG=0 I2CE_USE_LIBM5_FLAG=1	-	1	48KiB	32KiB	1MiB
E09	Runner	BERT-mini	64	512	256	4	1024	Codebook SIMD int8	4	8	128	transformer_BERT_mini_int8_noTiling_4D_CB_8_SVE_128.o	run_20261001_153530	/home/hlin/i2ce/exp/37/out_20261001_153530/stats.txt	7	interval_delta	7	after_attn_addnorm	non_GEMM_after_projection	0.003773	10414915	10942942	15092206	3947311	2627635	1319676	3947401	16773	2653274	758	17631	11021	926390	2001								37	0337bccb6a2a	fix(exp): a notebook override that matches the default is not a missi...	1c172ebd4af0fd37370261cb3458f5be6e86f4c40ba89428dedee680e40400f2	USE_FP32_TRANSFORMER_FLAG=0 FULL_INTERLEAVED_PIPELINE_FLAG=1 SIMD_FLAG=1 RELOAD_WEIGHT_FLAG=1 USE_NOTEBOOK_GENERATED_WEIGHTS_FLAG=1 USE_CODEBOOK_GEMM_FLAG=1 ENABLE_CODEBOOK_REFERENCE_FLAG=0 ENABLE_DEBUG_PRINT_FLAG=0 PROFILE_GEMM_ONLY_FLAG=1 GEM5_PROFILE_REGIONS_FLAG=1 DENSE_NO_SIMD_BASELINE_FLAG=0 I2CE_USE_LIBM5_FLAG=1	-	1	48KiB	32KiB	1MiB
E09	Runner	BERT-mini	64	512	256	4	1024	Codebook SIMD int8	4	8	128	transformer_BERT_mini_int8_noTiling_4D_CB_8_SVE_128.o	run_20261001_153530	/home/hlin/i2ce/exp/37/out_20261001_153530/stats.txt	8	interval_delta	8	after_ff1	FF1	1.357706	2243297168	2245215863	5430823090	52272428	46676785	5595643	55795827	9931996	271209015	72919	9840634	9125386	79888700	591569								37	0337bccb6a2a	fix(exp): a notebook override that matches the default is not a missi...	1c172ebd4af0fd37370261cb3458f5be6e86f4c40ba89428dedee680e40400f2	USE_FP32_TRANSFORMER_FLAG=0 FULL_INTERLEAVED_PIPELINE_FLAG=1 SIMD_FLAG=1 RELOAD_WEIGHT_FLAG=1 USE_NOTEBOOK_GENERATED_WEIGHTS_FLAG=1 USE_CODEBOOK_GEMM_FLAG=1 ENABLE_CODEBOOK_REFERENCE_FLAG=0 ENABLE_DEBUG_PRINT_FLAG=0 PROFILE_GEMM_ONLY_FLAG=1 GEM5_PROFILE_REGIONS_FLAG=1 DENSE_NO_SIMD_BASELINE_FLAG=0 I2CE_USE_LIBM5_FLAG=1	-	1	48KiB	32KiB	1MiB
E09	Runner	BERT-mini	64	512	256	4	1024	Codebook SIMD int8	4	8	128	transformer_BERT_mini_int8_noTiling_4D_CB_8_SVE_128.o	run_20261001_153530	/home/hlin/i2ce/exp/37/out_20261001_153530/stats.txt	9	interval_delta	9	after_ff2	FF2	1.314703	2210843116	2212349312	5258814672	48782637	45424519	3358118	52815409	9040844	261367024	77012	8805613	8676662	76396046	194899								37	0337bccb6a2a	fix(exp): a notebook override that matches the default is not a missi...	1c172ebd4af0fd37370261cb3458f5be6e86f4c40ba89428dedee680e40400f2	USE_FP32_TRANSFORMER_FLAG=0 FULL_INTERLEAVED_PIPELINE_FLAG=1 SIMD_FLAG=1 RELOAD_WEIGHT_FLAG=1 USE_NOTEBOOK_GENERATED_WEIGHTS_FLAG=1 USE_CODEBOOK_GEMM_FLAG=1 ENABLE_CODEBOOK_REFERENCE_FLAG=0 ENABLE_DEBUG_PRINT_FLAG=0 PROFILE_GEMM_ONLY_FLAG=1 GEM5_PROFILE_REGIONS_FLAG=1 DENSE_NO_SIMD_BASELINE_FLAG=0 I2CE_USE_LIBM5_FLAG=1	-	1	48KiB	32KiB	1MiB
E09	Runner	BERT-mini	64	512	256	4	1024	Codebook SIMD int8	4	8	128	transformer_BERT_mini_int8_noTiling_4D_CB_8_SVE_128.o	run_20261001_153530	/home/hlin/i2ce/exp/37/out_20261001_153530/stats.txt	10	interval_delta	10	final_total	non_GEMM_after_ff2	0.005941	16499962	17028052	23762608	5684151	3741821	1942330	5684301	98780	4375955	849	83549	20460	1504026	4206								37	0337bccb6a2a	fix(exp): a notebook override that matches the default is not a missi...	1c172ebd4af0fd37370261cb3458f5be6e86f4c40ba89428dedee680e40400f2	USE_FP32_TRANSFORMER_FLAG=0 FULL_INTERLEAVED_PIPELINE_FLAG=1 SIMD_FLAG=1 RELOAD_WEIGHT_FLAG=1 USE_NOTEBOOK_GENERATED_WEIGHTS_FLAG=1 USE_CODEBOOK_GEMM_FLAG=1 ENABLE_CODEBOOK_REFERENCE_FLAG=0 ENABLE_DEBUG_PRINT_FLAG=0 PROFILE_GEMM_ONLY_FLAG=1 GEM5_PROFILE_REGIONS_FLAG=1 DENSE_NO_SIMD_BASELINE_FLAG=0 I2CE_USE_LIBM5_FLAG=1	-	1	48KiB	32KiB	1MiB
E09	Runner	BERT-mini	64	512	256	4	1024	Codebook SIMD int8	4	8	128	transformer_BERT_mini_int8_noTiling_4D_CB_8_SVE_128.o	run_20261001_153530	/home/hlin/i2ce/exp/37/out_20261001_153530/stats.txt	11	final_total	10	final_total	total_program	4.419074	6904386939	7034500985	17676295400	255126887	224731143	30395744	266733801	47047218	867425779	283509	37827156	31645592	255995182	1577518	0.390601	2.560154	0.176382662503	0.000326839491	0.836583961004	0.006162295664	0.778095	37	0337bccb6a2a	fix(exp): a notebook override that matches the default is not a missi...	1c172ebd4af0fd37370261cb3458f5be6e86f4c40ba89428dedee680e40400f2	USE_FP32_TRANSFORMER_FLAG=0 FULL_INTERLEAVED_PIPELINE_FLAG=1 SIMD_FLAG=1 RELOAD_WEIGHT_FLAG=1 USE_NOTEBOOK_GENERATED_WEIGHTS_FLAG=1 USE_CODEBOOK_GEMM_FLAG=1 ENABLE_CODEBOOK_REFERENCE_FLAG=0 ENABLE_DEBUG_PRINT_FLAG=0 PROFILE_GEMM_ONLY_FLAG=1 GEM5_PROFILE_REGIONS_FLAG=1 DENSE_NO_SIMD_BASELINE_FLAG=0 I2CE_USE_LIBM5_FLAG=1	-	1	48KiB	32KiB	1MiB
E10	Runner	BERT-mini	64	512	256	4	1024	Codebook SIMD int8	4	8	128	transformer_BERT_mini_int8_noTiling_4D_CB_8_SVE_128.o	run_20261002_084047	/home/hlin/i2ce/exp/37/out_20261002_084047/stats.txt	1	interval_delta	1	after_qkv_h	MHA_QKV	0.703832	2843274258	2844574626	2815324247	914153686	909769012	4384674	914543352	851632	514048282	52171	585306	226517	104309540	443365								37	e8d68cce0194	fix(exp): refuse to submit when no cross compiler is reachable	3f09844beb391c1885aded1d481b9435cc74ee2cdee88f965f5c16d65efa0de9	USE_FP32_TRANSFORMER_FLAG=0 FULL_INTERLEAVED_PIPELINE_FLAG=1 SIMD_FLAG=1 RELOAD_WEIGHT_FLAG=1 USE_NOTEBOOK_GENERATED_WEIGHTS_FLAG=1 USE_CODEBOOK_GEMM_FLAG=1 ENABLE_CODEBOOK_REFERENCE_FLAG=0 ENABLE_DEBUG_PRINT_FLAG=0 PROFILE_GEMM_ONLY_FLAG=1 GEM5_PROFILE_REGIONS_FLAG=1 DENSE_NO_SIMD_BASELINE_FLAG=0 I2CE_USE_LIBM5_FLAG=1	-	1	48KiB	32KiB	1MiB
E10	Runner	BERT-mini	64	512	256	4	1024	Codebook SIMD int8	4	8	128	transformer_BERT_mini_int8_noTiling_4D_CB_8_SVE_128.o	run_20261002_084047	/home/hlin/i2ce/exp/37/out_20261002_084047/stats.txt	2	interval_delta	2	after_qk_h	MHA_QK	0.334091	90249821	151589843	1336365960	43142267	35923858	7218409	43122571	8816632	25638676	49413	5064353	4963931	9137380	52371								37	e8d68cce0194	fix(exp): refuse to submit when no cross compiler is reachable	3f09844beb391c1885aded1d481b9435cc74ee2cdee88f965f5c16d65efa0de9	USE_FP32_TRANSFORMER_FLAG=0 FULL_INTERLEAVED_PIPELINE_FLAG=1 SIMD_FLAG=1 RELOAD_WEIGHT_FLAG=1 USE_NOTEBOOK_GENERATED_WEIGHTS_FLAG=1 USE_CODEBOOK_GEMM_FLAG=1 ENABLE_CODEBOOK_REFERENCE_FLAG=0 ENABLE_DEBUG_PRINT_FLAG=0 PROFILE_GEMM_ONLY_FLAG=1 GEM5_PROFILE_REGIONS_FLAG=1 DENSE_NO_SIMD_BASELINE_FLAG=0 I2CE_USE_LIBM5_FLAG=1	-	1	48KiB	32KiB	1MiB
E10	Runner	BERT-mini	64	512	256	4	1024	Codebook SIMD int8	4	8	128	transformer_BERT_mini_int8_noTiling_4D_CB_8_SVE_128.o	run_20261002_084047	/home/hlin/i2ce/exp/37/out_20261002_084047/stats.txt	3	interval_delta	3	after_softmax_h	MHA_softmax	0.018150	26281354	30487624	72602502	11557372	8397307	3160065	11563862	66660	8439008	1615	68326	44645	2107625	5160								37	e8d68cce0194	fix(exp): refuse to submit when no cross compiler is reachable	3f09844beb391c1885aded1d481b9435cc74ee2cdee88f965f5c16d65efa0de9	USE_FP32_TRANSFORMER_FLAG=0 FULL_INTERLEAVED_PIPELINE_FLAG=1 SIMD_FLAG=1 RELOAD_WEIGHT_FLAG=1 USE_NOTEBOOK_GENERATED_WEIGHTS_FLAG=1 USE_CODEBOOK_GEMM_FLAG=1 ENABLE_CODEBOOK_REFERENCE_FLAG=0 ENABLE_DEBUG_PRINT_FLAG=0 PROFILE_GEMM_ONLY_FLAG=1 GEM5_PROFILE_REGIONS_FLAG=1 DENSE_NO_SIMD_BASELINE_FLAG=0 I2CE_USE_LIBM5_FLAG=1	-	1	48KiB	32KiB	1MiB
E10	Runner	BERT-mini	64	512	256	4	1024	Codebook SIMD int8	4	8	128	transformer_BERT_mini_int8_noTiling_4D_CB_8_SVE_128.o	run_20261002_084047	/home/hlin/i2ce/exp/37/out_20261002_084047/stats.txt	4	interval_delta	4	after_sv_h	MHA_SV	0.056631	61904472	120876236	226524217	36758581	34862263	1896318	36758206	4777731	22021086	5846	4557359	119807	6068210	143135								37	e8d68cce0194	fix(exp): refuse to submit when no cross compiler is reachable	3f09844beb391c1885aded1d481b9435cc74ee2cdee88f965f5c16d65efa0de9	USE_FP32_TRANSFORMER_FLAG=0 FULL_INTERLEAVED_PIPELINE_FLAG=1 SIMD_FLAG=1 RELOAD_WEIGHT_FLAG=1 USE_NOTEBOOK_GENERATED_WEIGHTS_FLAG=1 USE_CODEBOOK_GEMM_FLAG=1 ENABLE_CODEBOOK_REFERENCE_FLAG=0 ENABLE_DEBUG_PRINT_FLAG=0 PROFILE_GEMM_ONLY_FLAG=1 GEM5_PROFILE_REGIONS_FLAG=1 DENSE_NO_SIMD_BASELINE_FLAG=0 I2CE_USE_LIBM5_FLAG=1	-	1	48KiB	32KiB	1MiB
E10	Runner	BERT-mini	64	512	256	4	1024	Codebook SIMD int8	4	8	128	transformer_BERT_mini_int8_noTiling_4D_CB_8_SVE_128.o	run_20261002_084047	/home/hlin/i2ce/exp/37/out_20261002_084047/stats.txt	5	interval_delta	5	after_mha	MHA_out	0.000002	887	1077	8672	367	172	195	378	30	496	16	42	31	198	39								37	e8d68cce0194	fix(exp): refuse to submit when no cross compiler is reachable	3f09844beb391c1885aded1d481b9435cc74ee2cdee88f965f5c16d65efa0de9	USE_FP32_TRANSFORMER_FLAG=0 FULL_INTERLEAVED_PIPELINE_FLAG=1 SIMD_FLAG=1 RELOAD_WEIGHT_FLAG=1 USE_NOTEBOOK_GENERATED_WEIGHTS_FLAG=1 USE_CODEBOOK_GEMM_FLAG=1 ENABLE_CODEBOOK_REFERENCE_FLAG=0 ENABLE_DEBUG_PRINT_FLAG=0 PROFILE_GEMM_ONLY_FLAG=1 GEM5_PROFILE_REGIONS_FLAG=1 DENSE_NO_SIMD_BASELINE_FLAG=0 I2CE_USE_LIBM5_FLAG=1	-	1	48KiB	32KiB	1MiB
E10	Runner	BERT-mini	64	512	256	4	1024	Codebook SIMD int8	4	8	128	transformer_BERT_mini_int8_noTiling_4D_CB_8_SVE_128.o	run_20261002_084047	/home/hlin/i2ce/exp/37/out_20261002_084047/stats.txt	6	interval_delta	6	after_projection	Projection	0.244182	944720747	944924020	976726990	303610887	302706035	904852	303743612	343994	170165989	7083	267182	247025	34302611	136839								37	e8d68cce0194	fix(exp): refuse to submit when no cross compiler is reachable	3f09844beb391c1885aded1d481b9435cc74ee2cdee88f965f5c16d65efa0de9	USE_FP32_TRANSFORMER_FLAG=0 FULL_INTERLEAVED_PIPELINE_FLAG=1 SIMD_FLAG=1 RELOAD_WEIGHT_FLAG=1 USE_NOTEBOOK_GENERATED_WEIGHTS_FLAG=1 USE_CODEBOOK_GEMM_FLAG=1 ENABLE_CODEBOOK_REFERENCE_FLAG=0 ENABLE_DEBUG_PRINT_FLAG=0 PROFILE_GEMM_ONLY_FLAG=1 GEM5_PROFILE_REGIONS_FLAG=1 DENSE_NO_SIMD_BASELINE_FLAG=0 I2CE_USE_LIBM5_FLAG=1	-	1	48KiB	32KiB	1MiB
E10	Runner	BERT-mini	64	512	256	4	1024	Codebook SIMD int8	4	8	128	transformer_BERT_mini_int8_noTiling_4D_CB_8_SVE_128.o	run_20261002_084047	/home/hlin/i2ce/exp/37/out_20261002_084047/stats.txt	7	interval_delta	7	after_attn_addnorm	non_GEMM_after_projection	0.003630	10414915	10942942	14521169	3947311	2627635	1319676	3947383	16781	2653252	740	17627	11591	926394	1971								37	e8d68cce0194	fix(exp): refuse to submit when no cross compiler is reachable	3f09844beb391c1885aded1d481b9435cc74ee2cdee88f965f5c16d65efa0de9	USE_FP32_TRANSFORMER_FLAG=0 FULL_INTERLEAVED_PIPELINE_FLAG=1 SIMD_FLAG=1 RELOAD_WEIGHT_FLAG=1 USE_NOTEBOOK_GENERATED_WEIGHTS_FLAG=1 USE_CODEBOOK_GEMM_FLAG=1 ENABLE_CODEBOOK_REFERENCE_FLAG=0 ENABLE_DEBUG_PRINT_FLAG=0 PROFILE_GEMM_ONLY_FLAG=1 GEM5_PROFILE_REGIONS_FLAG=1 DENSE_NO_SIMD_BASELINE_FLAG=0 I2CE_USE_LIBM5_FLAG=1	-	1	48KiB	32KiB	1MiB
E10	Runner	BERT-mini	64	512	256	4	1024	Codebook SIMD int8	4	8	128	transformer_BERT_mini_int8_noTiling_4D_CB_8_SVE_128.o	run_20261002_084047	/home/hlin/i2ce/exp/37/out_20261002_084047/stats.txt	8	interval_delta	8	after_ff1	FF1	1.003641	3786305127	3788608192	4014561963	1217038480	1212063040	4975440	1217544973	1788353	683622318	56194	1515032	1417644	138530230	581344								37	e8d68cce0194	fix(exp): refuse to submit when no cross compiler is reachable	3f09844beb391c1885aded1d481b9435cc74ee2cdee88f965f5c16d65efa0de9	USE_FP32_TRANSFORMER_FLAG=0 FULL_INTERLEAVED_PIPELINE_FLAG=1 SIMD_FLAG=1 RELOAD_WEIGHT_FLAG=1 USE_NOTEBOOK_GENERATED_WEIGHTS_FLAG=1 USE_CODEBOOK_GEMM_FLAG=1 ENABLE_CODEBOOK_REFERENCE_FLAG=0 ENABLE_DEBUG_PRINT_FLAG=0 PROFILE_GEMM_ONLY_FLAG=1 GEM5_PROFILE_REGIONS_FLAG=1 DENSE_NO_SIMD_BASELINE_FLAG=0 I2CE_USE_LIBM5_FLAG=1	-	1	48KiB	32KiB	1MiB
E10	Runner	BERT-mini	64	512	256	4	1024	Codebook SIMD int8	4	8	128	transformer_BERT_mini_int8_noTiling_4D_CB_8_SVE_128.o	run_20261002_084047	/home/hlin/i2ce/exp/37/out_20261002_084047/stats.txt	9	interval_delta	9	after_ff2	FF2	0.990704	3771577314	3773097160	3962816688	1213174055	1210032952	3141103	1213295783	1519688	676795306	58058	1363262	1260582	136341302	183324								37	e8d68cce0194	fix(exp): refuse to submit when no cross compiler is reachable	3f09844beb391c1885aded1d481b9435cc74ee2cdee88f965f5c16d65efa0de9	USE_FP32_TRANSFORMER_FLAG=0 FULL_INTERLEAVED_PIPELINE_FLAG=1 SIMD_FLAG=1 RELOAD_WEIGHT_FLAG=1 USE_NOTEBOOK_GENERATED_WEIGHTS_FLAG=1 USE_CODEBOOK_GEMM_FLAG=1 ENABLE_CODEBOOK_REFERENCE_FLAG=0 ENABLE_DEBUG_PRINT_FLAG=0 PROFILE_GEMM_ONLY_FLAG=1 GEM5_PROFILE_REGIONS_FLAG=1 DENSE_NO_SIMD_BASELINE_FLAG=0 I2CE_USE_LIBM5_FLAG=1	-	1	48KiB	32KiB	1MiB
E10	Runner	BERT-mini	64	512	256	4	1024	Codebook SIMD int8	4	8	128	transformer_BERT_mini_int8_noTiling_4D_CB_8_SVE_128.o	run_20261002_084047	/home/hlin/i2ce/exp/37/out_20261002_084047/stats.txt	10	interval_delta	10	final_total	non_GEMM_after_ff2	0.006252	16504155	17033340	25008320	5685841	3742723	1943118	5686003	102661	4377858	945	86529	23681	1504784	4236								37	e8d68cce0194	fix(exp): refuse to submit when no cross compiler is reachable	3f09844beb391c1885aded1d481b9435cc74ee2cdee88f965f5c16d65efa0de9	USE_FP32_TRANSFORMER_FLAG=0 FULL_INTERLEAVED_PIPELINE_FLAG=1 SIMD_FLAG=1 RELOAD_WEIGHT_FLAG=1 USE_NOTEBOOK_GENERATED_WEIGHTS_FLAG=1 USE_CODEBOOK_GEMM_FLAG=1 ENABLE_CODEBOOK_REFERENCE_FLAG=0 ENABLE_DEBUG_PRINT_FLAG=0 PROFILE_GEMM_ONLY_FLAG=1 GEM5_PROFILE_REGIONS_FLAG=1 DENSE_NO_SIMD_BASELINE_FLAG=0 I2CE_USE_LIBM5_FLAG=1	-	1	48KiB	32KiB	1MiB
E10	Runner	BERT-mini	64	512	256	4	1024	Codebook SIMD int8	4	8	128	transformer_BERT_mini_int8_noTiling_4D_CB_8_SVE_128.o	run_20261002_084047	/home/hlin/i2ce/exp/37/out_20261002_084047/stats.txt	11	final_total	10	final_total	total_program	3.361115	11551233050	11682135060	13444460728	3749068847	3720124997	28943850	3750206123	18284162	2107762271	232081	13525018	8315454	433228274	1551784	0.859182	1.163898	0.004875508545	0.000110107768	0.614820179907	0.003581908414	0.987829	37	e8d68cce0194	fix(exp): refuse to submit when no cross compiler is reachable	3f09844beb391c1885aded1d481b9435cc74ee2cdee88f965f5c16d65efa0de9	USE_FP32_TRANSFORMER_FLAG=0 FULL_INTERLEAVED_PIPELINE_FLAG=1 SIMD_FLAG=1 RELOAD_WEIGHT_FLAG=1 USE_NOTEBOOK_GENERATED_WEIGHTS_FLAG=1 USE_CODEBOOK_GEMM_FLAG=1 ENABLE_CODEBOOK_REFERENCE_FLAG=0 ENABLE_DEBUG_PRINT_FLAG=0 PROFILE_GEMM_ONLY_FLAG=1 GEM5_PROFILE_REGIONS_FLAG=1 DENSE_NO_SIMD_BASELINE_FLAG=0 I2CE_USE_LIBM5_FLAG=1	-	1	48KiB	32KiB	1MiB
E11	Runner	BERT-mini	64	512	256	4	1024	Codebook SIMD int8	4	8	128	transformer_BERT_mini_int8_noTiling_4D_CB_8_SVE_128.o	run_20261002_175859	/home/hlin/i2ce/exp/37/out_20261002_175859/stats.txt	1	interval_delta	1	after_qkv_h	MHA_QKV	0.447973	220525952	265531140	1791894962	44410624	39966186	4444438	44406753	7605746	42746506	49419	7029095	6368559	16639031	437991								37	a8e727b02759	fix(gemm): a padded index width must not inflate the codebook size	4ffbae09cac7f3709af089ebd57eac62461bc61f9cf1c75b4c065d68916000ac	USE_FP32_TRANSFORMER_FLAG=0 FULL_INTERLEAVED_PIPELINE_FLAG=1 SIMD_FLAG=1 RELOAD_WEIGHT_FLAG=1 USE_NOTEBOOK_GENERATED_WEIGHTS_FLAG=1 USE_CODEBOOK_GEMM_FLAG=1 ENABLE_CODEBOOK_REFERENCE_FLAG=0 ENABLE_DEBUG_PRINT_FLAG=0 PROFILE_GEMM_ONLY_FLAG=1 GEM5_PROFILE_REGIONS_FLAG=1 DENSE_NO_SIMD_BASELINE_FLAG=0 I2CE_USE_LIBM5_FLAG=1	-	1	48KiB	32KiB	1MiB
E11	Runner	BERT-mini	64	512	256	4	1024	Codebook SIMD int8	4	8	128	transformer_BERT_mini_int8_noTiling_4D_CB_8_SVE_128.o	run_20261002_175859	/home/hlin/i2ce/exp/37/out_20261002_175859/stats.txt	2	interval_delta	2	after_qk_h	MHA_QK	0.333970	90216179	151549916	1335878930	43130683	35917622	7213061	43110609	8816072	25290232	47697	5061968	4962599	9128894	56147								37	a8e727b02759	fix(gemm): a padded index width must not inflate the codebook size	4ffbae09cac7f3709af089ebd57eac62461bc61f9cf1c75b4c065d68916000ac	USE_FP32_TRANSFORMER_FLAG=0 FULL_INTERLEAVED_PIPELINE_FLAG=1 SIMD_FLAG=1 RELOAD_WEIGHT_FLAG=1 USE_NOTEBOOK_GENERATED_WEIGHTS_FLAG=1 USE_CODEBOOK_GEMM_FLAG=1 ENABLE_CODEBOOK_REFERENCE_FLAG=0 ENABLE_DEBUG_PRINT_FLAG=0 PROFILE_GEMM_ONLY_FLAG=1 GEM5_PROFILE_REGIONS_FLAG=1 DENSE_NO_SIMD_BASELINE_FLAG=0 I2CE_USE_LIBM5_FLAG=1	-	1	48KiB	32KiB	1MiB
E11	Runner	BERT-mini	64	512	256	4	1024	Codebook SIMD int8	4	8	128	transformer_BERT_mini_int8_noTiling_4D_CB_8_SVE_128.o	run_20261002_175859	/home/hlin/i2ce/exp/37/out_20261002_175859/stats.txt	3	interval_delta	3	after_softmax_h	MHA_softmax	0.018052	26281354	30487624	72208010	11557372	8397307	3160065	11563877	66622	8438997	1496	68160	42927	2107634	5187								37	a8e727b02759	fix(gemm): a padded index width must not inflate the codebook size	4ffbae09cac7f3709af089ebd57eac62461bc61f9cf1c75b4c065d68916000ac	USE_FP32_TRANSFORMER_FLAG=0 FULL_INTERLEAVED_PIPELINE_FLAG=1 SIMD_FLAG=1 RELOAD_WEIGHT_FLAG=1 USE_NOTEBOOK_GENERATED_WEIGHTS_FLAG=1 USE_CODEBOOK_GEMM_FLAG=1 ENABLE_CODEBOOK_REFERENCE_FLAG=0 ENABLE_DEBUG_PRINT_FLAG=0 PROFILE_GEMM_ONLY_FLAG=1 GEM5_PROFILE_REGIONS_FLAG=1 DENSE_NO_SIMD_BASELINE_FLAG=0 I2CE_USE_LIBM5_FLAG=1	-	1	48KiB	32KiB	1MiB
E11	Runner	BERT-mini	64	512	256	4	1024	Codebook SIMD int8	4	8	128	transformer_BERT_mini_int8_noTiling_4D_CB_8_SVE_128.o	run_20261002_175859	/home/hlin/i2ce/exp/37/out_20261002_175859/stats.txt	4	interval_delta	4	after_sv_h	MHA_SV	0.056565	61889511	120858884	226257532	36753783	34859718	1894065	36753194	4777126	21974651	4782	4555704	118665	6065065	142498								37	a8e727b02759	fix(gemm): a padded index width must not inflate the codebook size	4ffbae09cac7f3709af089ebd57eac62461bc61f9cf1c75b4c065d68916000ac	USE_FP32_TRANSFORMER_FLAG=0 FULL_INTERLEAVED_PIPELINE_FLAG=1 SIMD_FLAG=1 RELOAD_WEIGHT_FLAG=1 USE_NOTEBOOK_GENERATED_WEIGHTS_FLAG=1 USE_CODEBOOK_GEMM_FLAG=1 ENABLE_CODEBOOK_REFERENCE_FLAG=0 ENABLE_DEBUG_PRINT_FLAG=0 PROFILE_GEMM_ONLY_FLAG=1 GEM5_PROFILE_REGIONS_FLAG=1 DENSE_NO_SIMD_BASELINE_FLAG=0 I2CE_USE_LIBM5_FLAG=1	-	1	48KiB	32KiB	1MiB
E11	Runner	BERT-mini	64	512	256	4	1024	Codebook SIMD int8	4	8	128	transformer_BERT_mini_int8_noTiling_4D_CB_8_SVE_128.o	run_20261002_175859	/home/hlin/i2ce/exp/37/out_20261002_175859/stats.txt	5	interval_delta	5	after_mha	MHA_out	0.000002	887	1077	7976	367	172	195	372	29	490	15	40	30	198	38								37	a8e727b02759	fix(gemm): a padded index width must not inflate the codebook size	4ffbae09cac7f3709af089ebd57eac62461bc61f9cf1c75b4c065d68916000ac	USE_FP32_TRANSFORMER_FLAG=0 FULL_INTERLEAVED_PIPELINE_FLAG=1 SIMD_FLAG=1 RELOAD_WEIGHT_FLAG=1 USE_NOTEBOOK_GENERATED_WEIGHTS_FLAG=1 USE_CODEBOOK_GEMM_FLAG=1 ENABLE_CODEBOOK_REFERENCE_FLAG=0 ENABLE_DEBUG_PRINT_FLAG=0 PROFILE_GEMM_ONLY_FLAG=1 GEM5_PROFILE_REGIONS_FLAG=1 DENSE_NO_SIMD_BASELINE_FLAG=0 I2CE_USE_LIBM5_FLAG=1	-	1	48KiB	32KiB	1MiB
E11	Runner	BERT-mini	64	512	256	4	1024	Codebook SIMD int8	4	8	128	transformer_BERT_mini_int8_noTiling_4D_CB_8_SVE_128.o	run_20261002_175859	/home/hlin/i2ce/exp/37/out_20261002_175859/stats.txt	6	interval_delta	6	after_projection	Projection	0.161657	70490222	85263544	646626806	13701193	12774687	926506	13702592	2510211	13099911	5752	2330165	2308186	5078193	135330								37	a8e727b02759	fix(gemm): a padded index width must not inflate the codebook size	4ffbae09cac7f3709af089ebd57eac62461bc61f9cf1c75b4c065d68916000ac	USE_FP32_TRANSFORMER_FLAG=0 FULL_INTERLEAVED_PIPELINE_FLAG=1 SIMD_FLAG=1 RELOAD_WEIGHT_FLAG=1 USE_NOTEBOOK_GENERATED_WEIGHTS_FLAG=1 USE_CODEBOOK_GEMM_FLAG=1 ENABLE_CODEBOOK_REFERENCE_FLAG=0 ENABLE_DEBUG_PRINT_FLAG=0 PROFILE_GEMM_ONLY_FLAG=1 GEM5_PROFILE_REGIONS_FLAG=1 DENSE_NO_SIMD_BASELINE_FLAG=0 I2CE_USE_LIBM5_FLAG=1	-	1	48KiB	32KiB	1MiB
E11	Runner	BERT-mini	64	512	256	4	1024	Codebook SIMD int8	4	8	128	transformer_BERT_mini_int8_noTiling_4D_CB_8_SVE_128.o	run_20261002_175859	/home/hlin/i2ce/exp/37/out_20261002_175859/stats.txt	7	interval_delta	7	after_attn_addnorm	non_GEMM_after_projection	0.003629	10414915	10942942	14516900	3947311	2627635	1319676	3947397	16772	2653312	716	17594	11319	926398	1993								37	a8e727b02759	fix(gemm): a padded index width must not inflate the codebook size	4ffbae09cac7f3709af089ebd57eac62461bc61f9cf1c75b4c065d68916000ac	USE_FP32_TRANSFORMER_FLAG=0 FULL_INTERLEAVED_PIPELINE_FLAG=1 SIMD_FLAG=1 RELOAD_WEIGHT_FLAG=1 USE_NOTEBOOK_GENERATED_WEIGHTS_FLAG=1 USE_CODEBOOK_GEMM_FLAG=1 ENABLE_CODEBOOK_REFERENCE_FLAG=0 ENABLE_DEBUG_PRINT_FLAG=0 PROFILE_GEMM_ONLY_FLAG=1 GEM5_PROFILE_REGIONS_FLAG=1 DENSE_NO_SIMD_BASELINE_FLAG=0 I2CE_USE_LIBM5_FLAG=1	-	1	48KiB	32KiB	1MiB
E11	Runner	BERT-mini	64	512	256	4	1024	Codebook SIMD int8	4	8	128	transformer_BERT_mini_int8_noTiling_4D_CB_8_SVE_128.o	run_20261002_175859	/home/hlin/i2ce/exp/37/out_20261002_175859/stats.txt	8	interval_delta	8	after_ff1	FF1	0.648250	289405718	349988184	2593001376	57403366	52340265	5063101	57384649	9934850	55381806	51744	9806575	9114685	21633174	581679								37	a8e727b02759	fix(gemm): a padded index width must not inflate the codebook size	4ffbae09cac7f3709af089ebd57eac62461bc61f9cf1c75b4c065d68916000ac	USE_FP32_TRANSFORMER_FLAG=0 FULL_INTERLEAVED_PIPELINE_FLAG=1 SIMD_FLAG=1 RELOAD_WEIGHT_FLAG=1 USE_NOTEBOOK_GENERATED_WEIGHTS_FLAG=1 USE_CODEBOOK_GEMM_FLAG=1 ENABLE_CODEBOOK_REFERENCE_FLAG=0 ENABLE_DEBUG_PRINT_FLAG=0 PROFILE_GEMM_ONLY_FLAG=1 GEM5_PROFILE_REGIONS_FLAG=1 DENSE_NO_SIMD_BASELINE_FLAG=0 I2CE_USE_LIBM5_FLAG=1	-	1	48KiB	32KiB	1MiB
E11	Runner	BERT-mini	64	512	256	4	1024	Codebook SIMD int8	4	8	128	transformer_BERT_mini_int8_noTiling_4D_CB_8_SVE_128.o	run_20261002_175859	/home/hlin/i2ce/exp/37/out_20261002_175859/stats.txt	9	interval_delta	9	after_ff2	FF2	0.604807	273458368	333498481	2419225932	54903402	51806065	3097337	54892066	17275031	47631474	52195	8750848	8659326	18971779	178993								37	a8e727b02759	fix(gemm): a padded index width must not inflate the codebook size	4ffbae09cac7f3709af089ebd57eac62461bc61f9cf1c75b4c065d68916000ac	USE_FP32_TRANSFORMER_FLAG=0 FULL_INTERLEAVED_PIPELINE_FLAG=1 SIMD_FLAG=1 RELOAD_WEIGHT_FLAG=1 USE_NOTEBOOK_GENERATED_WEIGHTS_FLAG=1 USE_CODEBOOK_GEMM_FLAG=1 ENABLE_CODEBOOK_REFERENCE_FLAG=0 ENABLE_DEBUG_PRINT_FLAG=0 PROFILE_GEMM_ONLY_FLAG=1 GEM5_PROFILE_REGIONS_FLAG=1 DENSE_NO_SIMD_BASELINE_FLAG=0 I2CE_USE_LIBM5_FLAG=1	-	1	48KiB	32KiB	1MiB
E11	Runner	BERT-mini	64	512	256	4	1024	Codebook SIMD int8	4	8	128	transformer_BERT_mini_int8_noTiling_4D_CB_8_SVE_128.o	run_20261002_175859	/home/hlin/i2ce/exp/37/out_20261002_175859/stats.txt	10	interval_delta	10	final_total	non_GEMM_after_ff2	0.006195	16513994	17044937	24780808	5689065	3744476	1944589	5689314	99224	4382545	1471	84616	23417	1506840	4608								37	a8e727b02759	fix(gemm): a padded index width must not inflate the codebook size	4ffbae09cac7f3709af089ebd57eac62461bc61f9cf1c75b4c065d68916000ac	USE_FP32_TRANSFORMER_FLAG=0 FULL_INTERLEAVED_PIPELINE_FLAG=1 SIMD_FLAG=1 RELOAD_WEIGHT_FLAG=1 USE_NOTEBOOK_GENERATED_WEIGHTS_FLAG=1 USE_CODEBOOK_GEMM_FLAG=1 ENABLE_CODEBOOK_REFERENCE_FLAG=0 ENABLE_DEBUG_PRINT_FLAG=0 PROFILE_GEMM_ONLY_FLAG=1 GEM5_PROFILE_REGIONS_FLAG=1 DENSE_NO_SIMD_BASELINE_FLAG=0 I2CE_USE_LIBM5_FLAG=1	-	1	48KiB	32KiB	1MiB
E11	Runner	BERT-mini	64	512	256	4	1024	Codebook SIMD int8	4	8	128	transformer_BERT_mini_int8_noTiling_4D_CB_8_SVE_128.o	run_20261002_175859	/home/hlin/i2ce/exp/37/out_20261002_175859/stats.txt	11	final_total	10	final_total	total_program	2.281100	1059197100	1365166729	9124399232	271497166	242434133	29063033	271450823	51101683	221599924	215287	37704765	31609713	82057206	1544464	0.116084	8.614449	0.188253925463	0.000971512066	0.838347964773	0.018821796102	0.624049	37	a8e727b02759	fix(gemm): a padded index width must not inflate the codebook size	4ffbae09cac7f3709af089ebd57eac62461bc61f9cf1c75b4c065d68916000ac	USE_FP32_TRANSFORMER_FLAG=0 FULL_INTERLEAVED_PIPELINE_FLAG=1 SIMD_FLAG=1 RELOAD_WEIGHT_FLAG=1 USE_NOTEBOOK_GENERATED_WEIGHTS_FLAG=1 USE_CODEBOOK_GEMM_FLAG=1 ENABLE_CODEBOOK_REFERENCE_FLAG=0 ENABLE_DEBUG_PRINT_FLAG=0 PROFILE_GEMM_ONLY_FLAG=1 GEM5_PROFILE_REGIONS_FLAG=1 DENSE_NO_SIMD_BASELINE_FLAG=0 I2CE_USE_LIBM5_FLAG=1	-	1	48KiB	32KiB	1MiB
